[2026-04-06 16:31:12] ==================================================
[2026-04-06 16:31:12] 🔍 Running Circuit Breaker Check
[2026-04-06 16:31:12] ✅ Daily Drawdown: Daily drawdown 0.00% within limits
[2026-04-06 16:31:12] ✅ Consecutive Losses: Consecutive losses (0) within limits
[2026-04-06 16:31:12] ✅ Balance: Balance check skipped (no data)
[2026-04-06 16:31:12] ❌ API Connectivity: Bybit API credentials not configured
[2026-04-06 16:31:12] 🚨 CIRCUIT BREAKER TRIPPED: Bybit API credentials not configured
[2026-04-06 16:31:12] --------------------------------------------------
[2026-04-06 16:31:12] 🛑 CIRCUIT BREAKER: TRIPPED
[2026-04-06 16:31:12]    Reason: Bybit API credentials not configured
[2026-04-06 16:31:12]    Tripped at: 2026-04-06T16:31:12.275693
[2026-04-06 16:35:01] ==================================================
[2026-04-06 16:35:01] 🔍 Running Circuit Breaker Check
[2026-04-06 16:35:01] ✅ Daily Drawdown: Daily drawdown 0.00% within limits
[2026-04-06 16:35:01] ✅ Consecutive Losses: Consecutive losses (0) within limits
[2026-04-06 16:35:01] ✅ Balance: Balance check skipped (no data)
[2026-04-06 16:35:01] ❌ API Connectivity: Bybit API credentials not configured
[2026-04-06 16:35:01] --------------------------------------------------
[2026-04-06 16:35:01] 🛑 CIRCUIT BREAKER: TRIPPED
[2026-04-06 16:35:01]    Reason: Bybit API credentials not configured
[2026-04-06 16:35:01]    Tripped at: 2026-04-06T16:31:12.275693
[2026-04-06 16:35:23] ==================================================
[2026-04-06 16:35:23] 🔍 Running Circuit Breaker Check
[2026-04-06 16:35:23] ✅ Daily Drawdown: Daily drawdown 0.00% within limits
[2026-04-06 16:35:23] ✅ Consecutive Losses: Consecutive losses (0) within limits
[2026-04-06 16:35:23] ✅ Balance: Balance check skipped (no data)
[2026-04-06 16:35:23] ❌ API Connectivity: Bybit API credentials not configured
[2026-04-06 16:35:23] --------------------------------------------------
[2026-04-06 16:35:23] 🛑 CIRCUIT BREAKER: TRIPPED
[2026-04-06 16:35:23]    Reason: Bybit API credentials not configured
[2026-04-06 16:35:23]    Tripped at: 2026-04-06T16:31:12.275693
[2026-04-06 16:40:01] ==================================================
[2026-04-06 16:40:01] 🔍 Running Circuit Breaker Check
[2026-04-06 16:40:01] ✅ Daily Drawdown: Daily drawdown 0.00% within limits
[2026-04-06 16:40:01] ✅ Consecutive Losses: Consecutive losses (0) within limits
[2026-04-06 16:40:01] ✅ Balance: Balance check skipped (no data)
[2026-04-06 16:40:01] ❌ API Connectivity: Bybit API credentials not configured
[2026-04-06 16:40:01] --------------------------------------------------
[2026-04-06 16:40:01] 🛑 CIRCUIT BREAKER: TRIPPED
[2026-04-06 16:40:01]    Reason: Bybit API credentials not configured
[2026-04-06 16:40:01]    Tripped at: 2026-04-06T16:31:12.275693
[2026-04-06 16:45:02] ==================================================
[2026-04-06 16:45:02] 🔍 Running Circuit Breaker Check
[2026-04-06 16:45:02] ✅ Daily Drawdown: Daily drawdown 0.00% within limits
[2026-04-06 16:45:02] ✅ Consecutive Losses: Consecutive losses (0) within limits
[2026-04-06 16:45:02] ✅ Balance: Balance check skipped (no data)
[2026-04-06 16:45:02] ❌ API Connectivity: Bybit API credentials not configured
[2026-04-06 16:45:02] --------------------------------------------------
[2026-04-06 16:45:02] 🛑 CIRCUIT BREAKER: TRIPPED
[2026-04-06 16:45:02]    Reason: Bybit API credentials not configured
[2026-04-06 16:45:02]    Tripped at: 2026-04-06T16:31:12.275693
[2026-04-06 16:50:01] ==================================================
[2026-04-06 16:50:01] 🔍 Running Circuit Breaker Check
[2026-04-06 16:50:01] ✅ Daily Drawdown: Daily drawdown 0.00% within limits
[2026-04-06 16:50:01] ✅ Consecutive Losses: Consecutive losses (0) within limits
[2026-04-06 16:50:01] ✅ Balance: Balance check skipped (no data)
[2026-04-06 16:50:01] ❌ API Connectivity: Bybit API credentials not configured
[2026-04-06 16:50:01] --------------------------------------------------
[2026-04-06 16:50:01] 🛑 CIRCUIT BREAKER: TRIPPED
[2026-04-06 16:50:01]    Reason: Bybit API credentials not configured
[2026-04-06 16:50:01]    Tripped at: 2026-04-06T16:31:12.275693
[2026-04-06 16:53:44] ==================================================
[2026-04-06 16:53:44] 🔍 Running Circuit Breaker Check
[2026-04-06 16:53:44] ✅ Daily Drawdown: Daily drawdown 0.00% within limits
[2026-04-06 16:53:44] ✅ Consecutive Losses: Consecutive losses (0) within limits
[2026-04-06 16:53:44] ✅ Balance: Balance check skipped (no data)
[2026-04-06 16:53:44] ❌ API Connectivity: Bybit API credentials not configured
[2026-04-06 16:53:44] --------------------------------------------------
[2026-04-06 16:53:44] 🛑 CIRCUIT BREAKER: TRIPPED
[2026-04-06 16:53:44]    Reason: Bybit API credentials not configured
[2026-04-06 16:53:44]    Tripped at: 2026-04-06T16:31:12.275693
[2026-04-06 16:55:01] ==================================================
[2026-04-06 16:55:01] 🔍 Running Circuit Breaker Check
[2026-04-06 16:55:01] ✅ Daily Drawdown: Daily drawdown 0.00% within limits
[2026-04-06 16:55:01] ✅ Consecutive Losses: Consecutive losses (0) within limits
[2026-04-06 16:55:01] ✅ Balance: Balance check skipped (no data)
[2026-04-06 16:55:01] ❌ API Connectivity: Bybit API credentials not configured
[2026-04-06 16:55:01] --------------------------------------------------
[2026-04-06 16:55:01] 🛑 CIRCUIT BREAKER: TRIPPED
[2026-04-06 16:55:01]    Reason: Bybit API credentials not configured
[2026-04-06 16:55:01]    Tripped at: 2026-04-06T16:31:12.275693
[2026-04-06 17:00:01] ==================================================
[2026-04-06 17:00:01] 🔍 Running Circuit Breaker Check
[2026-04-06 17:00:01] ✅ Daily Drawdown: Daily drawdown 0.00% within limits
[2026-04-06 17:00:01] ✅ Consecutive Losses: Consecutive losses (0) within limits
[2026-04-06 17:00:01] ✅ Balance: Balance check skipped (no data)
[2026-04-06 17:00:01] ❌ API Connectivity: Bybit API credentials not configured
[2026-04-06 17:00:01] --------------------------------------------------
[2026-04-06 17:00:01] 🛑 CIRCUIT BREAKER: TRIPPED
[2026-04-06 17:00:01]    Reason: Bybit API credentials not configured
[2026-04-06 17:00:01]    Tripped at: 2026-04-06T16:31:12.275693
[2026-04-06 17:05:01] ==================================================
[2026-04-06 17:05:01] 🔍 Running Circuit Breaker Check
[2026-04-06 17:05:01] ✅ Daily Drawdown: Daily drawdown 0.00% within limits
[2026-04-06 17:05:01] ✅ Consecutive Losses: Consecutive losses (0) within limits
[2026-04-06 17:05:01] ✅ Balance: Balance check skipped (no data)
[2026-04-06 17:05:01] ❌ API Connectivity: Bybit API credentials not configured
[2026-04-06 17:05:01] --------------------------------------------------
[2026-04-06 17:05:01] 🛑 CIRCUIT BREAKER: TRIPPED
[2026-04-06 17:05:01]    Reason: Bybit API credentials not configured
[2026-04-06 17:05:01]    Tripped at: 2026-04-06T16:31:12.275693
[2026-04-06 17:10:01] ==================================================
[2026-04-06 17:10:01] 🔍 Running Circuit Breaker Check
[2026-04-06 17:10:01] ✅ Daily Drawdown: Daily drawdown 0.00% within limits
[2026-04-06 17:10:01] ✅ Consecutive Losses: Consecutive losses (0) within limits
[2026-04-06 17:10:01] ✅ Balance: Balance check skipped (no data)
[2026-04-06 17:10:01] ❌ API Connectivity: Bybit API credentials not configured
[2026-04-06 17:10:01] --------------------------------------------------
[2026-04-06 17:10:01] 🛑 CIRCUIT BREAKER: TRIPPED
[2026-04-06 17:10:01]    Reason: Bybit API credentials not configured
[2026-04-06 17:10:01]    Tripped at: 2026-04-06T16:31:12.275693
[2026-04-06 17:15:01] ==================================================
[2026-04-06 17:15:01] 🔍 Running Circuit Breaker Check
[2026-04-06 17:15:01] ✅ Daily Drawdown: Daily drawdown 0.00% within limits
[2026-04-06 17:15:01] ✅ Consecutive Losses: Consecutive losses (0) within limits
[2026-04-06 17:15:01] ✅ Balance: Balance check skipped (no data)
[2026-04-06 17:15:01] ❌ API Connectivity: Bybit API credentials not configured
[2026-04-06 17:15:01] --------------------------------------------------
[2026-04-06 17:15:01] 🛑 CIRCUIT BREAKER: TRIPPED
[2026-04-06 17:15:01]    Reason: Bybit API credentials not configured
[2026-04-06 17:15:01]    Tripped at: 2026-04-06T16:31:12.275693
[2026-04-06 17:15:15] ==================================================
[2026-04-06 17:15:15] 🔍 Running Circuit Breaker Check
[2026-04-06 17:15:15] ✅ Daily Drawdown: Daily drawdown 0.00% within limits
[2026-04-06 17:15:15] ✅ Consecutive Losses: Consecutive losses (0) within limits
[2026-04-06 17:15:15] ✅ Balance: Balance check skipped (no data)
[2026-04-06 17:15:15] ❌ API Connectivity: Bybit API credentials not configured
[2026-04-06 17:15:15] --------------------------------------------------
[2026-04-06 17:15:15] 🛑 CIRCUIT BREAKER: TRIPPED
[2026-04-06 17:15:15]    Reason: Bybit API credentials not configured
[2026-04-06 17:15:15]    Tripped at: 2026-04-06T16:31:12.275693
[2026-04-06 17:20:01] ==================================================
[2026-04-06 17:20:01] 🔍 Running Circuit Breaker Check
[2026-04-06 17:20:01] ✅ Daily Drawdown: Daily drawdown 0.00% within limits
[2026-04-06 17:20:01] ✅ Consecutive Losses: Consecutive losses (0) within limits
[2026-04-06 17:20:01] ✅ Balance: Balance check skipped (no data)
[2026-04-06 17:20:01] ❌ API Connectivity: Bybit API credentials not configured
[2026-04-06 17:20:01] --------------------------------------------------
[2026-04-06 17:20:01] 🛑 CIRCUIT BREAKER: TRIPPED
[2026-04-06 17:20:01]    Reason: Bybit API credentials not configured
[2026-04-06 17:20:01]    Tripped at: 2026-04-06T16:31:12.275693
[2026-04-06 17:24:07] ==================================================
[2026-04-06 17:24:07] 🔍 Running Circuit Breaker Check
[2026-04-06 17:24:07] ✅ Daily Drawdown: Daily drawdown 0.00% within limits
[2026-04-06 17:24:07] ✅ Consecutive Losses: Consecutive losses (0) within limits
[2026-04-06 17:24:07] ✅ Balance: Balance check skipped (no data)
[2026-04-06 17:24:07] ❌ API Connectivity: Bybit API credentials not configured
[2026-04-06 17:24:07] --------------------------------------------------
[2026-04-06 17:24:07] 🛑 CIRCUIT BREAKER: TRIPPED
[2026-04-06 17:24:07]    Reason: Bybit API credentials not configured
[2026-04-06 17:24:07]    Tripped at: 2026-04-06T16:31:12.275693
[2026-04-06 17:25:02] ==================================================
[2026-04-06 17:25:02] 🔍 Running Circuit Breaker Check
[2026-04-06 17:25:02] ✅ Daily Drawdown: Daily drawdown 0.00% within limits
[2026-04-06 17:25:02] ✅ Consecutive Losses: Consecutive losses (0) within limits
[2026-04-06 17:25:02] ✅ Balance: Balance check skipped (no data)
[2026-04-06 17:25:02] ❌ API Connectivity: Bybit API credentials not configured
[2026-04-06 17:25:02] --------------------------------------------------
[2026-04-06 17:25:02] 🛑 CIRCUIT BREAKER: TRIPPED
[2026-04-06 17:25:02]    Reason: Bybit API credentials not configured
[2026-04-06 17:25:02]    Tripped at: 2026-04-06T16:31:12.275693
[2026-04-06 17:30:01] ==================================================
[2026-04-06 17:30:01] 🔍 Running Circuit Breaker Check
[2026-04-06 17:30:01] ✅ Daily Drawdown: Daily drawdown 0.00% within limits
[2026-04-06 17:30:01] ✅ Consecutive Losses: Consecutive losses (0) within limits
[2026-04-06 17:30:01] ✅ Balance: Balance check skipped (no data)
[2026-04-06 17:30:01] ❌ API Connectivity: Bybit API credentials not configured
[2026-04-06 17:30:01] --------------------------------------------------
[2026-04-06 17:30:01] 🛑 CIRCUIT BREAKER: TRIPPED
[2026-04-06 17:30:01]    Reason: Bybit API credentials not configured
[2026-04-06 17:30:01]    Tripped at: 2026-04-06T16:31:12.275693
[2026-04-06 17:32:09] ==================================================
[2026-04-06 17:32:09] 🔍 Running Circuit Breaker Check
[2026-04-06 17:32:09] ✅ Daily Drawdown: Daily drawdown 0.00% within limits
[2026-04-06 17:32:09] ✅ Consecutive Losses: Consecutive losses (0) within limits
[2026-04-06 17:32:09] ✅ Balance: Balance check skipped (no data)
[2026-04-06 17:32:09] ❌ API Connectivity: Bybit API credentials not configured
[2026-04-06 17:32:09] --------------------------------------------------
[2026-04-06 17:32:09] 🛑 CIRCUIT BREAKER: TRIPPED
[2026-04-06 17:32:09]    Reason: Bybit API credentials not configured
[2026-04-06 17:32:09]    Tripped at: 2026-04-06T16:31:12.275693
[2026-04-06 17:34:09] ==================================================
[2026-04-06 17:34:09] 🔍 Running Circuit Breaker Check
[2026-04-06 17:34:09] ✅ Daily Drawdown: Daily drawdown 0.00% within limits
[2026-04-06 17:34:09] ✅ Consecutive Losses: Consecutive losses (0) within limits
[2026-04-06 17:34:09] ✅ Balance: Balance check skipped (no data)
[2026-04-06 17:34:09] ❌ API Connectivity: Bybit API credentials not configured
[2026-04-06 17:34:09] --------------------------------------------------
[2026-04-06 17:34:09] 🛑 CIRCUIT BREAKER: TRIPPED
[2026-04-06 17:34:09]    Reason: Bybit API credentials not configured
[2026-04-06 17:34:09]    Tripped at: 2026-04-06T16:31:12.275693
[2026-04-06 17:35:01] ==================================================
[2026-04-06 17:35:01] 🔍 Running Circuit Breaker Check
[2026-04-06 17:35:01] ✅ Daily Drawdown: Daily drawdown 0.00% within limits
[2026-04-06 17:35:01] ✅ Consecutive Losses: Consecutive losses (0) within limits
[2026-04-06 17:35:01] ✅ Balance: Balance check skipped (no data)
[2026-04-06 17:35:01] ❌ API Connectivity: Bybit API credentials not configured
[2026-04-06 17:35:01] --------------------------------------------------
[2026-04-06 17:35:01] 🛑 CIRCUIT BREAKER: TRIPPED
[2026-04-06 17:35:01]    Reason: Bybit API credentials not configured
[2026-04-06 17:35:01]    Tripped at: 2026-04-06T16:31:12.275693
[2026-04-06 17:40:01] ==================================================
[2026-04-06 17:40:01] 🔍 Running Circuit Breaker Check
[2026-04-06 17:40:01] ✅ Daily Drawdown: Daily drawdown 0.00% within limits
[2026-04-06 17:40:01] ✅ Consecutive Losses: Consecutive losses (0) within limits
[2026-04-06 17:40:01] ✅ Balance: Balance check skipped (no data)
[2026-04-06 17:40:01] ❌ API Connectivity: Bybit API credentials not configured
[2026-04-06 17:40:01] --------------------------------------------------
[2026-04-06 17:40:01] 🛑 CIRCUIT BREAKER: TRIPPED
[2026-04-06 17:40:01]    Reason: Bybit API credentials not configured
[2026-04-06 17:40:01]    Tripped at: 2026-04-06T16:31:12.275693
[2026-04-06 17:43:53] ==================================================
[2026-04-06 17:43:53] 🔍 Running Circuit Breaker Check
[2026-04-06 17:43:53] ✅ Daily Drawdown: Daily drawdown 0.00% within limits
[2026-04-06 17:43:53] ✅ Consecutive Losses: Consecutive losses (0) within limits
[2026-04-06 17:43:53] ✅ Balance: Balance check skipped (no data)
[2026-04-06 17:43:53] ❌ API Connectivity: Bybit API credentials not configured
[2026-04-06 17:43:53] --------------------------------------------------
[2026-04-06 17:43:53] 🛑 CIRCUIT BREAKER: TRIPPED
[2026-04-06 17:43:53]    Reason: Bybit API credentials not configured
[2026-04-06 17:43:53]    Tripped at: 2026-04-06T16:31:12.275693
[2026-04-06 17:45:01] ==================================================
[2026-04-06 17:45:01] 🔍 Running Circuit Breaker Check
[2026-04-06 17:45:01] ✅ Daily Drawdown: Daily drawdown 0.00% within limits
[2026-04-06 17:45:01] ✅ Consecutive Losses: Consecutive losses (0) within limits
[2026-04-06 17:45:01] ✅ Balance: Balance check skipped (no data)
[2026-04-06 17:45:01] ❌ API Connectivity: Bybit API credentials not configured
[2026-04-06 17:45:01] --------------------------------------------------
[2026-04-06 17:45:01] 🛑 CIRCUIT BREAKER: TRIPPED
[2026-04-06 17:45:01]    Reason: Bybit API credentials not configured
[2026-04-06 17:45:01]    Tripped at: 2026-04-06T16:31:12.275693
[2026-04-06 17:50:01] ==================================================
[2026-04-06 17:50:01] 🔍 Running Circuit Breaker Check
[2026-04-06 17:50:01] ✅ Daily Drawdown: Daily drawdown 0.00% within limits
[2026-04-06 17:50:01] ✅ Consecutive Losses: Consecutive losses (0) within limits
[2026-04-06 17:50:01] ✅ Balance: Balance check skipped (no data)
[2026-04-06 17:50:01] ❌ API Connectivity: Bybit API credentials not configured
[2026-04-06 17:50:01] --------------------------------------------------
[2026-04-06 17:50:01] 🛑 CIRCUIT BREAKER: TRIPPED
[2026-04-06 17:50:01]    Reason: Bybit API credentials not configured
[2026-04-06 17:50:01]    Tripped at: 2026-04-06T16:31:12.275693
[2026-04-06 17:55:02] ==================================================
[2026-04-06 17:55:02] 🔍 Running Circuit Breaker Check
[2026-04-06 17:55:02] ✅ Daily Drawdown: Daily drawdown 0.00% within limits
[2026-04-06 17:55:02] ✅ Consecutive Losses: Consecutive losses (0) within limits
[2026-04-06 17:55:02] ✅ Balance: Balance check skipped (no data)
[2026-04-06 17:55:02] ❌ API Connectivity: Bybit API credentials not configured
[2026-04-06 17:55:02] --------------------------------------------------
[2026-04-06 17:55:02] 🛑 CIRCUIT BREAKER: TRIPPED
[2026-04-06 17:55:02]    Reason: Bybit API credentials not configured
[2026-04-06 17:55:02]    Tripped at: 2026-04-06T16:31:12.275693
[2026-04-06 17:55:54] ==================================================
[2026-04-06 17:55:54] 🔍 Running Circuit Breaker Check
[2026-04-06 17:55:54] ✅ Daily Drawdown: Daily drawdown 0.00% within limits
[2026-04-06 17:55:54] ✅ Consecutive Losses: Consecutive losses (0) within limits
[2026-04-06 17:55:54] ✅ Balance: Balance check skipped (no data)
[2026-04-06 17:55:54] ❌ API Connectivity: Bybit API credentials not configured
[2026-04-06 17:55:54] --------------------------------------------------
[2026-04-06 17:55:54] 🛑 CIRCUIT BREAKER: TRIPPED
[2026-04-06 17:55:54]    Reason: Bybit API credentials not configured
[2026-04-06 17:55:54]    Tripped at: 2026-04-06T16:31:12.275693
[2026-04-06 18:00:01] ==================================================
[2026-04-06 18:00:01] 🔍 Running Circuit Breaker Check
[2026-04-06 18:00:01] ✅ Daily Drawdown: Daily drawdown 0.00% within limits
[2026-04-06 18:00:01] ✅ Consecutive Losses: Consecutive losses (0) within limits
[2026-04-06 18:00:01] ✅ Balance: Balance check skipped (no data)
[2026-04-06 18:00:01] ❌ API Connectivity: Bybit API credentials not configured
[2026-04-06 18:00:01] --------------------------------------------------
[2026-04-06 18:00:01] 🛑 CIRCUIT BREAKER: TRIPPED
[2026-04-06 18:00:01]    Reason: Bybit API credentials not configured
[2026-04-06 18:00:01]    Tripped at: 2026-04-06T16:31:12.275693
[2026-04-06 18:05:01] ==================================================
[2026-04-06 18:05:01] 🔍 Running Circuit Breaker Check
[2026-04-06 18:05:01] ✅ Daily Drawdown: Daily drawdown 0.00% within limits
[2026-04-06 18:05:01] ✅ Consecutive Losses: Consecutive losses (0) within limits
[2026-04-06 18:05:01] ✅ Balance: Balance check skipped (no data)
[2026-04-06 18:05:01] ❌ API Connectivity: Bybit API credentials not configured
[2026-04-06 18:05:01] --------------------------------------------------
[2026-04-06 18:05:01] 🛑 CIRCUIT BREAKER: TRIPPED
[2026-04-06 18:05:01]    Reason: Bybit API credentials not configured
[2026-04-06 18:05:01]    Tripped at: 2026-04-06T16:31:12.275693
[2026-04-06 18:10:02] ==================================================
[2026-04-06 18:10:02] 🔍 Running Circuit Breaker Check
[2026-04-06 18:10:02] ✅ Daily Drawdown: Daily drawdown 0.00% within limits
[2026-04-06 18:10:02] ✅ Consecutive Losses: Consecutive losses (0) within limits
[2026-04-06 18:10:02] ✅ Balance: Balance check skipped (no data)
[2026-04-06 18:10:02] ❌ API Connectivity: Bybit API credentials not configured
[2026-04-06 18:10:02] --------------------------------------------------
[2026-04-06 18:10:02] 🛑 CIRCUIT BREAKER: TRIPPED
[2026-04-06 18:10:02]    Reason: Bybit API credentials not configured
[2026-04-06 18:10:02]    Tripped at: 2026-04-06T16:31:12.275693
[2026-04-06 18:13:46] ==================================================
[2026-04-06 18:13:46] 🔍 Running Circuit Breaker Check
[2026-04-06 18:13:46] ✅ Daily Drawdown: Daily drawdown 0.00% within limits
[2026-04-06 18:13:46] ✅ Consecutive Losses: Consecutive losses (0) within limits
[2026-04-06 18:13:46] ✅ Balance: Balance check skipped (no data)
[2026-04-06 18:13:46] ❌ API Connectivity: Bybit API credentials not configured
[2026-04-06 18:13:46] --------------------------------------------------
[2026-04-06 18:13:46] 🛑 CIRCUIT BREAKER: TRIPPED
[2026-04-06 18:13:46]    Reason: Bybit API credentials not configured
[2026-04-06 18:13:46]    Tripped at: 2026-04-06T16:31:12.275693
[2026-04-06 18:15:01] ==================================================
[2026-04-06 18:15:01] 🔍 Running Circuit Breaker Check
[2026-04-06 18:15:01] ✅ Daily Drawdown: Daily drawdown 0.00% within limits
[2026-04-06 18:15:01] ✅ Consecutive Losses: Consecutive losses (0) within limits
[2026-04-06 18:15:01] ✅ Balance: Balance check skipped (no data)
[2026-04-06 18:15:01] ❌ API Connectivity: Bybit API credentials not configured
[2026-04-06 18:15:01] --------------------------------------------------
[2026-04-06 18:15:01] 🛑 CIRCUIT BREAKER: TRIPPED
[2026-04-06 18:15:01]    Reason: Bybit API credentials not configured
[2026-04-06 18:15:01]    Tripped at: 2026-04-06T16:31:12.275693
[2026-04-06 18:20:02] ==================================================
[2026-04-06 18:20:02] 🔍 Running Circuit Breaker Check
[2026-04-06 18:20:02] ✅ Daily Drawdown: Daily drawdown 0.00% within limits
[2026-04-06 18:20:02] ✅ Consecutive Losses: Consecutive losses (0) within limits
[2026-04-06 18:20:02] ✅ Balance: Balance check skipped (no data)
[2026-04-06 18:20:02] ❌ API Connectivity: Bybit API credentials not configured
[2026-04-06 18:20:02] --------------------------------------------------
[2026-04-06 18:20:02] 🛑 CIRCUIT BREAKER: TRIPPED
[2026-04-06 18:20:02]    Reason: Bybit API credentials not configured
[2026-04-06 18:20:02]    Tripped at: 2026-04-06T16:31:12.275693
[2026-04-06 18:23:30] ==================================================
[2026-04-06 18:23:30] 🔍 Running Circuit Breaker Check
[2026-04-06 18:23:30] ✅ Daily Drawdown: Daily drawdown 0.00% within limits
[2026-04-06 18:23:30] ✅ Consecutive Losses: Consecutive losses (0) within limits
[2026-04-06 18:23:30] ✅ Balance: Balance check skipped (no data)
[2026-04-06 18:23:30] ❌ API Connectivity: Bybit API credentials not configured
[2026-04-06 18:23:30] --------------------------------------------------
[2026-04-06 18:23:30] 🛑 CIRCUIT BREAKER: TRIPPED
[2026-04-06 18:23:30]    Reason: Bybit API credentials not configured
[2026-04-06 18:23:30]    Tripped at: 2026-04-06T16:31:12.275693
[2026-04-06 18:25:02] ==================================================
[2026-04-06 18:25:02] 🔍 Running Circuit Breaker Check
[2026-04-06 18:25:02] ✅ Daily Drawdown: Daily drawdown 0.00% within limits
[2026-04-06 18:25:02] ✅ Consecutive Losses: Consecutive losses (0) within limits
[2026-04-06 18:25:02] ✅ Balance: Balance check skipped (no data)
[2026-04-06 18:25:02] ❌ API Connectivity: Bybit API credentials not configured
[2026-04-06 18:25:02] --------------------------------------------------
[2026-04-06 18:25:02] 🛑 CIRCUIT BREAKER: TRIPPED
[2026-04-06 18:25:02]    Reason: Bybit API credentials not configured
[2026-04-06 18:25:02]    Tripped at: 2026-04-06T16:31:12.275693
[2026-04-06 18:30:02] ==================================================
[2026-04-06 18:30:02] 🔍 Running Circuit Breaker Check
[2026-04-06 18:30:02] ✅ Daily Drawdown: Daily drawdown 0.00% within limits
[2026-04-06 18:30:02] ✅ Consecutive Losses: Consecutive losses (0) within limits
[2026-04-06 18:30:02] ✅ Balance: Balance check skipped (no data)
[2026-04-06 18:30:02] ❌ API Connectivity: Bybit API credentials not configured
[2026-04-06 18:30:02] --------------------------------------------------
[2026-04-06 18:30:02] 🛑 CIRCUIT BREAKER: TRIPPED
[2026-04-06 18:30:02]    Reason: Bybit API credentials not configured
[2026-04-06 18:30:02]    Tripped at: 2026-04-06T16:31:12.275693
[2026-04-06 18:35:01] ==================================================
[2026-04-06 18:35:01] 🔍 Running Circuit Breaker Check
[2026-04-06 18:35:01] ✅ Daily Drawdown: Daily drawdown 0.00% within limits
[2026-04-06 18:35:01] ✅ Consecutive Losses: Consecutive losses (0) within limits
[2026-04-06 18:35:01] ✅ Balance: Balance check skipped (no data)
[2026-04-06 18:35:01] ❌ API Connectivity: Bybit API credentials not configured
[2026-04-06 18:35:01] --------------------------------------------------
[2026-04-06 18:35:01] 🛑 CIRCUIT BREAKER: TRIPPED
[2026-04-06 18:35:01]    Reason: Bybit API credentials not configured
[2026-04-06 18:35:01]    Tripped at: 2026-04-06T16:31:12.275693
[2026-04-06 18:39:51] ==================================================
[2026-04-06 18:39:51] 🔍 Running Circuit Breaker Check
[2026-04-06 18:39:51] ✅ Daily Drawdown: Daily drawdown 0.00% within limits
[2026-04-06 18:39:51] ✅ Consecutive Losses: Consecutive losses (0) within limits
[2026-04-06 18:39:51] ✅ Balance: Balance check skipped (no data)
[2026-04-06 18:39:51] ❌ API Connectivity: Bybit API credentials not configured
[2026-04-06 18:39:51] --------------------------------------------------
[2026-04-06 18:39:51] 🛑 CIRCUIT BREAKER: TRIPPED
[2026-04-06 18:39:51]    Reason: Bybit API credentials not configured
[2026-04-06 18:39:51]    Tripped at: 2026-04-06T16:31:12.275693
[2026-04-06 18:40:01] ==================================================
[2026-04-06 18:40:01] 🔍 Running Circuit Breaker Check
[2026-04-06 18:40:01] ✅ Daily Drawdown: Daily drawdown 0.00% within limits
[2026-04-06 18:40:01] ✅ Consecutive Losses: Consecutive losses (0) within limits
[2026-04-06 18:40:01] ✅ Balance: Balance check skipped (no data)
[2026-04-06 18:40:01] ❌ API Connectivity: Bybit API credentials not configured
[2026-04-06 18:40:01] --------------------------------------------------
[2026-04-06 18:40:01] 🛑 CIRCUIT BREAKER: TRIPPED
[2026-04-06 18:40:01]    Reason: Bybit API credentials not configured
[2026-04-06 18:40:01]    Tripped at: 2026-04-06T16:31:12.275693
[2026-04-06 18:45:02] ==================================================
[2026-04-06 18:45:02] 🔍 Running Circuit Breaker Check
[2026-04-06 18:45:02] ✅ Daily Drawdown: Daily drawdown 0.00% within limits
[2026-04-06 18:45:02] ✅ Consecutive Losses: Consecutive losses (0) within limits
[2026-04-06 18:45:02] ✅ Balance: Balance check skipped (no data)
[2026-04-06 18:45:02] ❌ API Connectivity: Bybit API credentials not configured
[2026-04-06 18:45:02] --------------------------------------------------
[2026-04-06 18:45:02] 🛑 CIRCUIT BREAKER: TRIPPED
[2026-04-06 18:45:02]    Reason: Bybit API credentials not configured
[2026-04-06 18:45:02]    Tripped at: 2026-04-06T16:31:12.275693
[2026-04-06 18:45:12] ==================================================
[2026-04-06 18:45:12] 🔍 Running Circuit Breaker Check
[2026-04-06 18:45:12] ✅ Daily Drawdown: Daily drawdown 0.00% within limits
[2026-04-06 18:45:12] ✅ Consecutive Losses: Consecutive losses (0) within limits
[2026-04-06 18:45:12] ✅ Balance: Balance check skipped (no data)
[2026-04-06 18:45:12] ❌ API Connectivity: Bybit API credentials not configured
[2026-04-06 18:45:12] --------------------------------------------------
[2026-04-06 18:45:12] 🛑 CIRCUIT BREAKER: TRIPPED
[2026-04-06 18:45:12]    Reason: Bybit API credentials not configured
[2026-04-06 18:45:12]    Tripped at: 2026-04-06T16:31:12.275693
[2026-04-06 18:50:01] ==================================================
[2026-04-06 18:50:01] 🔍 Running Circuit Breaker Check
[2026-04-06 18:50:01] ✅ Daily Drawdown: Daily drawdown 0.00% within limits
[2026-04-06 18:50:01] ✅ Consecutive Losses: Consecutive losses (0) within limits
[2026-04-06 18:50:01] ✅ Balance: Balance check skipped (no data)
[2026-04-06 18:50:01] ❌ API Connectivity: Bybit API credentials not configured
[2026-04-06 18:50:01] --------------------------------------------------
[2026-04-06 18:50:01] 🛑 CIRCUIT BREAKER: TRIPPED
[2026-04-06 18:50:01]    Reason: Bybit API credentials not configured
[2026-04-06 18:50:01]    Tripped at: 2026-04-06T16:31:12.275693
[2026-04-06 18:55:01] ==================================================
[2026-04-06 18:55:01] 🔍 Running Circuit Breaker Check
[2026-04-06 18:55:01] ✅ Daily Drawdown: Daily drawdown 0.00% within limits
[2026-04-06 18:55:01] ✅ Consecutive Losses: Consecutive losses (0) within limits
[2026-04-06 18:55:01] ✅ Balance: Balance check skipped (no data)
[2026-04-06 18:55:01] ❌ API Connectivity: Bybit API credentials not configured
[2026-04-06 18:55:01] --------------------------------------------------
[2026-04-06 18:55:01] 🛑 CIRCUIT BREAKER: TRIPPED
[2026-04-06 18:55:01]    Reason: Bybit API credentials not configured
[2026-04-06 18:55:01]    Tripped at: 2026-04-06T16:31:12.275693
[2026-04-06 18:55:11] ==================================================
[2026-04-06 18:55:11] 🔍 Running Circuit Breaker Check
[2026-04-06 18:55:11] ✅ Daily Drawdown: Daily drawdown 0.00% within limits
[2026-04-06 18:55:11] ✅ Consecutive Losses: Consecutive losses (0) within limits
[2026-04-06 18:55:11] ✅ Balance: Balance check skipped (no data)
[2026-04-06 18:55:11] ❌ API Connectivity: Bybit API credentials not configured
[2026-04-06 18:55:11] --------------------------------------------------
[2026-04-06 18:55:11] 🛑 CIRCUIT BREAKER: TRIPPED
[2026-04-06 18:55:11]    Reason: Bybit API credentials not configured
[2026-04-06 18:55:11]    Tripped at: 2026-04-06T16:31:12.275693
[2026-04-06 18:58:48] ==================================================
[2026-04-06 18:58:48] 🔍 Running Circuit Breaker Check
[2026-04-06 18:58:48] ✅ Daily Drawdown: Daily drawdown 0.00% within limits
[2026-04-06 18:58:48] ✅ Consecutive Losses: Consecutive losses (0) within limits
[2026-04-06 18:58:48] ✅ Balance: Balance check skipped (no data)
[2026-04-06 18:58:48] ❌ API Connectivity: Bybit API credentials not configured
[2026-04-06 18:58:48] --------------------------------------------------
[2026-04-06 18:58:48] 🛑 CIRCUIT BREAKER: TRIPPED
[2026-04-06 18:58:48]    Reason: Bybit API credentials not configured
[2026-04-06 18:58:48]    Tripped at: 2026-04-06T16:31:12.275693
[2026-04-06 19:00:02] ==================================================
[2026-04-06 19:00:02] 🔍 Running Circuit Breaker Check
[2026-04-06 19:00:02] ✅ Daily Drawdown: Daily drawdown 0.00% within limits
[2026-04-06 19:00:02] ✅ Consecutive Losses: Consecutive losses (0) within limits
[2026-04-06 19:00:02] ✅ Balance: Balance check skipped (no data)
[2026-04-06 19:00:02] ❌ API Connectivity: Bybit API credentials not configured
[2026-04-06 19:00:02] --------------------------------------------------
[2026-04-06 19:00:02] 🛑 CIRCUIT BREAKER: TRIPPED
[2026-04-06 19:00:02]    Reason: Bybit API credentials not configured
[2026-04-06 19:00:02]    Tripped at: 2026-04-06T16:31:12.275693
[2026-04-06 19:05:01] ==================================================
[2026-04-06 19:05:01] 🔍 Running Circuit Breaker Check
[2026-04-06 19:05:01] ✅ Daily Drawdown: Daily drawdown 0.00% within limits
[2026-04-06 19:05:01] ✅ Consecutive Losses: Consecutive losses (0) within limits
[2026-04-06 19:05:01] ✅ Balance: Balance check skipped (no data)
[2026-04-06 19:05:01] ❌ API Connectivity: Bybit API credentials not configured
[2026-04-06 19:05:01] --------------------------------------------------
[2026-04-06 19:05:01] 🛑 CIRCUIT BREAKER: TRIPPED
[2026-04-06 19:05:01]    Reason: Bybit API credentials not configured
[2026-04-06 19:05:01]    Tripped at: 2026-04-06T16:31:12.275693
[2026-04-06 19:08:41] ==================================================
[2026-04-06 19:08:41] 🔍 Running Circuit Breaker Check
[2026-04-06 19:08:41] ✅ Daily Drawdown: Daily drawdown 0.00% within limits
[2026-04-06 19:08:41] ✅ Consecutive Losses: Consecutive losses (0) within limits
[2026-04-06 19:08:41] ✅ Balance: Balance check skipped (no data)
[2026-04-06 19:08:41] ❌ API Connectivity: Bybit API credentials not configured
[2026-04-06 19:08:41] --------------------------------------------------
[2026-04-06 19:08:41] 🛑 CIRCUIT BREAKER: TRIPPED
[2026-04-06 19:08:41]    Reason: Bybit API credentials not configured
[2026-04-06 19:08:41]    Tripped at: 2026-04-06T16:31:12.275693
[2026-04-06 19:10:01] ==================================================
[2026-04-06 19:10:01] 🔍 Running Circuit Breaker Check
[2026-04-06 19:10:01] ✅ Daily Drawdown: Daily drawdown 0.00% within limits
[2026-04-06 19:10:01] ✅ Consecutive Losses: Consecutive losses (0) within limits
[2026-04-06 19:10:01] ✅ Balance: Balance check skipped (no data)
[2026-04-06 19:10:01] ❌ API Connectivity: Bybit API credentials not configured
[2026-04-06 19:10:01] --------------------------------------------------
[2026-04-06 19:10:01] 🛑 CIRCUIT BREAKER: TRIPPED
[2026-04-06 19:10:01]    Reason: Bybit API credentials not configured
[2026-04-06 19:10:01]    Tripped at: 2026-04-06T16:31:12.275693
[2026-04-06 19:13:29] ==================================================
[2026-04-06 19:13:29] 🔍 Running Circuit Breaker Check
[2026-04-06 19:13:29] ✅ Daily Drawdown: Daily drawdown 0.00% within limits
[2026-04-06 19:13:29] ✅ Consecutive Losses: Consecutive losses (0) within limits
[2026-04-06 19:13:29] ✅ Balance: Balance check skipped (no data)
[2026-04-06 19:13:29] ❌ API Connectivity: Bybit API credentials not configured
[2026-04-06 19:13:29] --------------------------------------------------
[2026-04-06 19:13:29] 🛑 CIRCUIT BREAKER: TRIPPED
[2026-04-06 19:13:29]    Reason: Bybit API credentials not configured
[2026-04-06 19:13:29]    Tripped at: 2026-04-06T16:31:12.275693
[2026-04-06 19:15:01] ==================================================
[2026-04-06 19:15:01] 🔍 Running Circuit Breaker Check
[2026-04-06 19:15:01] ✅ Daily Drawdown: Daily drawdown 0.00% within limits
[2026-04-06 19:15:01] ✅ Consecutive Losses: Consecutive losses (0) within limits
[2026-04-06 19:15:01] ✅ Balance: Balance check skipped (no data)
[2026-04-06 19:15:01] ❌ API Connectivity: Bybit API credentials not configured
[2026-04-06 19:15:01] --------------------------------------------------
[2026-04-06 19:15:01] 🛑 CIRCUIT BREAKER: TRIPPED
[2026-04-06 19:15:01]    Reason: Bybit API credentials not configured
[2026-04-06 19:15:01]    Tripped at: 2026-04-06T16:31:12.275693
[2026-04-06 19:20:01] ==================================================
[2026-04-06 19:20:01] 🔍 Running Circuit Breaker Check
[2026-04-06 19:20:01] ✅ Daily Drawdown: Daily drawdown 0.00% within limits
[2026-04-06 19:20:01] ✅ Consecutive Losses: Consecutive losses (0) within limits
[2026-04-06 19:20:02] ✅ Balance: Balance check skipped (no data)
[2026-04-06 19:20:02] ❌ API Connectivity: Bybit API credentials not configured
[2026-04-06 19:20:02] --------------------------------------------------
[2026-04-06 19:20:02] 🛑 CIRCUIT BREAKER: TRIPPED
[2026-04-06 19:20:02]    Reason: Bybit API credentials not configured
[2026-04-06 19:20:02]    Tripped at: 2026-04-06T16:31:12.275693
[2026-04-06 19:25:01] ==================================================
[2026-04-06 19:25:01] 🔍 Running Circuit Breaker Check
[2026-04-06 19:25:01] ✅ Daily Drawdown: Daily drawdown 0.00% within limits
[2026-04-06 19:25:01] ✅ Consecutive Losses: Consecutive losses (0) within limits
[2026-04-06 19:25:01] ✅ Balance: Balance check skipped (no data)
[2026-04-06 19:25:01] ❌ API Connectivity: Bybit API credentials not configured
[2026-04-06 19:25:01] --------------------------------------------------
[2026-04-06 19:25:01] 🛑 CIRCUIT BREAKER: TRIPPED
[2026-04-06 19:25:01]    Reason: Bybit API credentials not configured
[2026-04-06 19:25:01]    Tripped at: 2026-04-06T16:31:12.275693
[2026-04-06 19:25:05] ==================================================
[2026-04-06 19:25:05] 🔍 Running Circuit Breaker Check
[2026-04-06 19:25:05] ✅ Daily Drawdown: Daily drawdown 0.00% within limits
[2026-04-06 19:25:05] ✅ Consecutive Losses: Consecutive losses (0) within limits
[2026-04-06 19:25:05] ✅ Balance: Balance check skipped (no data)
[2026-04-06 19:25:05] ❌ API Connectivity: Bybit API credentials not configured
[2026-04-06 19:25:05] --------------------------------------------------
[2026-04-06 19:25:05] 🛑 CIRCUIT BREAKER: TRIPPED
[2026-04-06 19:25:05]    Reason: Bybit API credentials not configured
[2026-04-06 19:25:05]    Tripped at: 2026-04-06T16:31:12.275693
[2026-04-06 19:30:01] ==================================================
[2026-04-06 19:30:01] 🔍 Running Circuit Breaker Check
[2026-04-06 19:30:01] ✅ Daily Drawdown: Daily drawdown 0.00% within limits
[2026-04-06 19:30:01] ✅ Consecutive Losses: Consecutive losses (0) within limits
[2026-04-06 19:30:01] ✅ Balance: Balance check skipped (no data)
[2026-04-06 19:30:01] ❌ API Connectivity: Bybit API credentials not configured
[2026-04-06 19:30:01] --------------------------------------------------
[2026-04-06 19:30:01] 🛑 CIRCUIT BREAKER: TRIPPED
[2026-04-06 19:30:01]    Reason: Bybit API credentials not configured
[2026-04-06 19:30:01]    Tripped at: 2026-04-06T16:31:12.275693
[2026-04-06 19:35:02] ==================================================
[2026-04-06 19:35:02] 🔍 Running Circuit Breaker Check
[2026-04-06 19:35:02] ✅ Daily Drawdown: Daily drawdown 0.00% within limits
[2026-04-06 19:35:02] ✅ Consecutive Losses: Consecutive losses (0) within limits
[2026-04-06 19:35:02] ✅ Balance: Balance check skipped (no data)
[2026-04-06 19:35:02] ❌ API Connectivity: Bybit API credentials not configured
[2026-04-06 19:35:02] --------------------------------------------------
[2026-04-06 19:35:02] 🛑 CIRCUIT BREAKER: TRIPPED
[2026-04-06 19:35:02]    Reason: Bybit API credentials not configured
[2026-04-06 19:35:02]    Tripped at: 2026-04-06T16:31:12.275693
[2026-04-06 19:40:01] ==================================================
[2026-04-06 19:40:01] 🔍 Running Circuit Breaker Check
[2026-04-06 19:40:01] ✅ Daily Drawdown: Daily drawdown 0.00% within limits
[2026-04-06 19:40:01] ✅ Consecutive Losses: Consecutive losses (0) within limits
[2026-04-06 19:40:01] ✅ Balance: Balance check skipped (no data)
[2026-04-06 19:40:01] ❌ API Connectivity: Bybit API credentials not configured
[2026-04-06 19:40:01] --------------------------------------------------
[2026-04-06 19:40:01] 🛑 CIRCUIT BREAKER: TRIPPED
[2026-04-06 19:40:01]    Reason: Bybit API credentials not configured
[2026-04-06 19:40:01]    Tripped at: 2026-04-06T16:31:12.275693
[2026-04-06 19:45:01] ==================================================
[2026-04-06 19:45:01] 🔍 Running Circuit Breaker Check
[2026-04-06 19:45:01] ✅ Daily Drawdown: Daily drawdown 0.00% within limits
[2026-04-06 19:45:01] ✅ Consecutive Losses: Consecutive losses (0) within limits
[2026-04-06 19:45:01] ✅ Balance: Balance check skipped (no data)
[2026-04-06 19:45:01] ❌ API Connectivity: Bybit API credentials not configured
[2026-04-06 19:45:01] --------------------------------------------------
[2026-04-06 19:45:01] 🛑 CIRCUIT BREAKER: TRIPPED
[2026-04-06 19:45:01]    Reason: Bybit API credentials not configured
[2026-04-06 19:45:01]    Tripped at: 2026-04-06T16:31:12.275693
[2026-04-06 19:50:01] ==================================================
[2026-04-06 19:50:01] 🔍 Running Circuit Breaker Check
[2026-04-06 19:50:01] ✅ Daily Drawdown: Daily drawdown 0.00% within limits
[2026-04-06 19:50:01] ✅ Consecutive Losses: Consecutive losses (0) within limits
[2026-04-06 19:50:01] ✅ Balance: Balance check skipped (no data)
[2026-04-06 19:50:01] ❌ API Connectivity: Bybit API credentials not configured
[2026-04-06 19:50:01] --------------------------------------------------
[2026-04-06 19:50:01] 🛑 CIRCUIT BREAKER: TRIPPED
[2026-04-06 19:50:01]    Reason: Bybit API credentials not configured
[2026-04-06 19:50:01]    Tripped at: 2026-04-06T16:31:12.275693
[2026-04-06 19:53:38] ==================================================
[2026-04-06 19:53:38] 🔍 Running Circuit Breaker Check
[2026-04-06 19:53:38] ✅ Daily Drawdown: Daily drawdown 0.00% within limits
[2026-04-06 19:53:38] ✅ Consecutive Losses: Consecutive losses (0) within limits
[2026-04-06 19:53:38] ✅ Balance: Balance check skipped (no data)
[2026-04-06 19:53:38] ❌ API Connectivity: Bybit API credentials not configured
[2026-04-06 19:53:38] --------------------------------------------------
[2026-04-06 19:53:38] 🛑 CIRCUIT BREAKER: TRIPPED
[2026-04-06 19:53:38]    Reason: Bybit API credentials not configured
[2026-04-06 19:53:38]    Tripped at: 2026-04-06T16:31:12.275693
[2026-04-06 19:55:01] ==================================================
[2026-04-06 19:55:01] 🔍 Running Circuit Breaker Check
[2026-04-06 19:55:01] ✅ Daily Drawdown: Daily drawdown 0.00% within limits
[2026-04-06 19:55:01] ✅ Consecutive Losses: Consecutive losses (0) within limits
[2026-04-06 19:55:01] ✅ Balance: Balance check skipped (no data)
[2026-04-06 19:55:01] ❌ API Connectivity: Bybit API credentials not configured
[2026-04-06 19:55:01] --------------------------------------------------
[2026-04-06 19:55:01] 🛑 CIRCUIT BREAKER: TRIPPED
[2026-04-06 19:55:01]    Reason: Bybit API credentials not configured
[2026-04-06 19:55:01]    Tripped at: 2026-04-06T16:31:12.275693
[2026-04-06 20:00:02] ==================================================
[2026-04-06 20:00:02] 🔍 Running Circuit Breaker Check
[2026-04-06 20:00:02] ✅ Daily Drawdown: Daily drawdown 0.00% within limits
[2026-04-06 20:00:02] ✅ Consecutive Losses: Consecutive losses (0) within limits
[2026-04-06 20:00:02] ✅ Balance: Balance check skipped (no data)
[2026-04-06 20:00:02] ❌ API Connectivity: Bybit API credentials not configured
[2026-04-06 20:00:02] --------------------------------------------------
[2026-04-06 20:00:02] 🛑 CIRCUIT BREAKER: TRIPPED
[2026-04-06 20:00:02]    Reason: Bybit API credentials not configured
[2026-04-06 20:00:02]    Tripped at: 2026-04-06T16:31:12.275693
[2026-04-06 20:05:01] ==================================================
[2026-04-06 20:05:01] 🔍 Running Circuit Breaker Check
[2026-04-06 20:05:01] ✅ Daily Drawdown: Daily drawdown 0.00% within limits
[2026-04-06 20:05:01] ✅ Consecutive Losses: Consecutive losses (0) within limits
[2026-04-06 20:05:01] ✅ Balance: Balance check skipped (no data)
[2026-04-06 20:05:01] ❌ API Connectivity: Bybit API credentials not configured
[2026-04-06 20:05:01] --------------------------------------------------
[2026-04-06 20:05:01] 🛑 CIRCUIT BREAKER: TRIPPED
[2026-04-06 20:05:01]    Reason: Bybit API credentials not configured
[2026-04-06 20:05:01]    Tripped at: 2026-04-06T16:31:12.275693
[2026-04-06 20:09:06] ==================================================
[2026-04-06 20:09:06] 🔍 Running Circuit Breaker Check
[2026-04-06 20:09:06] ✅ Daily Drawdown: Daily drawdown 0.00% within limits
[2026-04-06 20:09:06] ✅ Consecutive Losses: Consecutive losses (0) within limits
[2026-04-06 20:09:06] ✅ Balance: Balance check skipped (no data)
[2026-04-06 20:09:06] ❌ API Connectivity: Bybit API credentials not configured
[2026-04-06 20:09:06] --------------------------------------------------
[2026-04-06 20:09:06] 🛑 CIRCUIT BREAKER: TRIPPED
[2026-04-06 20:09:06]    Reason: Bybit API credentials not configured
[2026-04-06 20:09:06]    Tripped at: 2026-04-06T16:31:12.275693
[2026-04-06 20:10:01] ==================================================
[2026-04-06 20:10:01] 🔍 Running Circuit Breaker Check
[2026-04-06 20:10:01] ✅ Daily Drawdown: Daily drawdown 0.00% within limits
[2026-04-06 20:10:01] ✅ Consecutive Losses: Consecutive losses (0) within limits
[2026-04-06 20:10:01] ✅ Balance: Balance check skipped (no data)
[2026-04-06 20:10:01] ❌ API Connectivity: Bybit API credentials not configured
[2026-04-06 20:10:01] --------------------------------------------------
[2026-04-06 20:10:01] 🛑 CIRCUIT BREAKER: TRIPPED
[2026-04-06 20:10:01]    Reason: Bybit API credentials not configured
[2026-04-06 20:10:01]    Tripped at: 2026-04-06T16:31:12.275693
[2026-04-06 20:13:51] ==================================================
[2026-04-06 20:13:51] 🔍 Running Circuit Breaker Check
[2026-04-06 20:13:51] ✅ Daily Drawdown: Daily drawdown 0.00% within limits
[2026-04-06 20:13:51] ✅ Consecutive Losses: Consecutive losses (0) within limits
[2026-04-06 20:13:51] ✅ Balance: Balance check skipped (no data)
[2026-04-06 20:13:51] ❌ API Connectivity: Bybit API credentials not configured
[2026-04-06 20:13:51] --------------------------------------------------
[2026-04-06 20:13:51] 🛑 CIRCUIT BREAKER: TRIPPED
[2026-04-06 20:13:51]    Reason: Bybit API credentials not configured
[2026-04-06 20:13:51]    Tripped at: 2026-04-06T16:31:12.275693
[2026-04-06 20:15:01] ==================================================
[2026-04-06 20:15:01] 🔍 Running Circuit Breaker Check
[2026-04-06 20:15:01] ✅ Daily Drawdown: Daily drawdown 0.00% within limits
[2026-04-06 20:15:01] ✅ Consecutive Losses: Consecutive losses (0) within limits
[2026-04-06 20:15:01] ✅ Balance: Balance check skipped (no data)
[2026-04-06 20:15:01] ❌ API Connectivity: Bybit API credentials not configured
[2026-04-06 20:15:01] --------------------------------------------------
[2026-04-06 20:15:01] 🛑 CIRCUIT BREAKER: TRIPPED
[2026-04-06 20:15:01]    Reason: Bybit API credentials not configured
[2026-04-06 20:15:01]    Tripped at: 2026-04-06T16:31:12.275693
[2026-04-06 20:20:02] ==================================================
[2026-04-06 20:20:02] 🔍 Running Circuit Breaker Check
[2026-04-06 20:20:02] ✅ Daily Drawdown: Daily drawdown 0.00% within limits
[2026-04-06 20:20:02] ✅ Consecutive Losses: Consecutive losses (0) within limits
[2026-04-06 20:20:02] ✅ Balance: Balance check skipped (no data)
[2026-04-06 20:20:02] ❌ API Connectivity: Bybit API credentials not configured
[2026-04-06 20:20:02] --------------------------------------------------
[2026-04-06 20:20:02] 🛑 CIRCUIT BREAKER: TRIPPED
[2026-04-06 20:20:02]    Reason: Bybit API credentials not configured
[2026-04-06 20:20:02]    Tripped at: 2026-04-06T16:31:12.275693
[2026-04-06 20:25:01] ==================================================
[2026-04-06 20:25:01] 🔍 Running Circuit Breaker Check
[2026-04-06 20:25:01] ✅ Daily Drawdown: Daily drawdown 0.00% within limits
[2026-04-06 20:25:01] ✅ Consecutive Losses: Consecutive losses (0) within limits
[2026-04-06 20:25:01] ✅ Balance: Balance check skipped (no data)
[2026-04-06 20:25:01] ❌ API Connectivity: Bybit API credentials not configured
[2026-04-06 20:25:01] --------------------------------------------------
[2026-04-06 20:25:01] 🛑 CIRCUIT BREAKER: TRIPPED
[2026-04-06 20:25:01]    Reason: Bybit API credentials not configured
[2026-04-06 20:25:01]    Tripped at: 2026-04-06T16:31:12.275693
[2026-04-06 20:30:01] ==================================================
[2026-04-06 20:30:01] 🔍 Running Circuit Breaker Check
[2026-04-06 20:30:01] ✅ Daily Drawdown: Daily drawdown 0.00% within limits
[2026-04-06 20:30:01] ✅ Consecutive Losses: Consecutive losses (0) within limits
[2026-04-06 20:30:01] ✅ Balance: Balance check skipped (no data)
[2026-04-06 20:30:01] ❌ API Connectivity: Bybit API credentials not configured
[2026-04-06 20:30:01] --------------------------------------------------
[2026-04-06 20:30:01] 🛑 CIRCUIT BREAKER: TRIPPED
[2026-04-06 20:30:01]    Reason: Bybit API credentials not configured
[2026-04-06 20:30:01]    Tripped at: 2026-04-06T16:31:12.275693
[2026-04-06 20:30:21] ==================================================
[2026-04-06 20:30:21] 🔍 Running Circuit Breaker Check
[2026-04-06 20:30:21] ✅ Daily Drawdown: Daily drawdown 0.00% within limits
[2026-04-06 20:30:21] ✅ Consecutive Losses: Consecutive losses (0) within limits
[2026-04-06 20:30:21] ✅ Balance: Balance check skipped (no data)
[2026-04-06 20:30:21] ❌ API Connectivity: Bybit API credentials not configured
[2026-04-06 20:30:21] --------------------------------------------------
[2026-04-06 20:30:21] 🛑 CIRCUIT BREAKER: TRIPPED
[2026-04-06 20:30:21]    Reason: Bybit API credentials not configured
[2026-04-06 20:30:21]    Tripped at: 2026-04-06T16:31:12.275693
[2026-04-06 20:33:35] ==================================================
[2026-04-06 20:33:35] 🔍 Running Circuit Breaker Check
[2026-04-06 20:33:35] ✅ Daily Drawdown: Daily drawdown 0.00% within limits
[2026-04-06 20:33:35] ✅ Consecutive Losses: Consecutive losses (0) within limits
[2026-04-06 20:33:35] ✅ Balance: Balance check skipped (no data)
[2026-04-06 20:33:35] ❌ API Connectivity: Bybit API credentials not configured
[2026-04-06 20:33:35] --------------------------------------------------
[2026-04-06 20:33:35] 🛑 CIRCUIT BREAKER: TRIPPED
[2026-04-06 20:33:35]    Reason: Bybit API credentials not configured
[2026-04-06 20:33:35]    Tripped at: 2026-04-06T16:31:12.275693
[2026-04-06 20:35:01] ==================================================
[2026-04-06 20:35:01] 🔍 Running Circuit Breaker Check
[2026-04-06 20:35:01] ✅ Daily Drawdown: Daily drawdown 0.00% within limits
[2026-04-06 20:35:01] ✅ Consecutive Losses: Consecutive losses (0) within limits
[2026-04-06 20:35:01] ✅ Balance: Balance check skipped (no data)
[2026-04-06 20:35:01] ❌ API Connectivity: Bybit API credentials not configured
[2026-04-06 20:35:01] --------------------------------------------------
[2026-04-06 20:35:01] 🛑 CIRCUIT BREAKER: TRIPPED
[2026-04-06 20:35:01]    Reason: Bybit API credentials not configured
[2026-04-06 20:35:01]    Tripped at: 2026-04-06T16:31:12.275693
[2026-04-06 20:38:31] ==================================================
[2026-04-06 20:38:31] 🔍 Running Circuit Breaker Check
[2026-04-06 20:38:31] ✅ Daily Drawdown: Daily drawdown 0.00% within limits
[2026-04-06 20:38:31] ✅ Consecutive Losses: Consecutive losses (0) within limits
[2026-04-06 20:38:31] ✅ Balance: Balance check skipped (no data)
[2026-04-06 20:38:31] ❌ API Connectivity: Bybit API credentials not configured
[2026-04-06 20:38:31] --------------------------------------------------
[2026-04-06 20:38:31] 🛑 CIRCUIT BREAKER: TRIPPED
[2026-04-06 20:38:31]    Reason: Bybit API credentials not configured
[2026-04-06 20:38:31]    Tripped at: 2026-04-06T16:31:12.275693
[2026-04-06 20:40:01] ==================================================
[2026-04-06 20:40:01] 🔍 Running Circuit Breaker Check
[2026-04-06 20:40:01] ✅ Daily Drawdown: Daily drawdown 0.00% within limits
[2026-04-06 20:40:01] ✅ Consecutive Losses: Consecutive losses (0) within limits
[2026-04-06 20:40:01] ✅ Balance: Balance check skipped (no data)
[2026-04-06 20:40:01] ❌ API Connectivity: Bybit API credentials not configured
[2026-04-06 20:40:01] --------------------------------------------------
[2026-04-06 20:40:01] 🛑 CIRCUIT BREAKER: TRIPPED
[2026-04-06 20:40:01]    Reason: Bybit API credentials not configured
[2026-04-06 20:40:01]    Tripped at: 2026-04-06T16:31:12.275693
[2026-04-06 20:44:01] ==================================================
[2026-04-06 20:44:01] 🔍 Running Circuit Breaker Check
[2026-04-06 20:44:01] ✅ Daily Drawdown: Daily drawdown 0.00% within limits
[2026-04-06 20:44:01] ✅ Consecutive Losses: Consecutive losses (0) within limits
[2026-04-06 20:44:01] ✅ Balance: Balance check skipped (no data)
[2026-04-06 20:44:01] ❌ API Connectivity: Bybit API credentials not configured
[2026-04-06 20:44:01] --------------------------------------------------
[2026-04-06 20:44:01] 🛑 CIRCUIT BREAKER: TRIPPED
[2026-04-06 20:44:01]    Reason: Bybit API credentials not configured
[2026-04-06 20:44:01]    Tripped at: 2026-04-06T16:31:12.275693
[2026-04-06 20:45:02] ==================================================
[2026-04-06 20:45:02] 🔍 Running Circuit Breaker Check
[2026-04-06 20:45:02] ✅ Daily Drawdown: Daily drawdown 0.00% within limits
[2026-04-06 20:45:02] ✅ Consecutive Losses: Consecutive losses (0) within limits
[2026-04-06 20:45:02] ✅ Balance: Balance check skipped (no data)
[2026-04-06 20:45:02] ❌ API Connectivity: Bybit API credentials not configured
[2026-04-06 20:45:02] --------------------------------------------------
[2026-04-06 20:45:02] 🛑 CIRCUIT BREAKER: TRIPPED
[2026-04-06 20:45:02]    Reason: Bybit API credentials not configured
[2026-04-06 20:45:02]    Tripped at: 2026-04-06T16:31:12.275693
[2026-04-06 20:50:02] ==================================================
[2026-04-06 20:50:02] 🔍 Running Circuit Breaker Check
[2026-04-06 20:50:02] ✅ Daily Drawdown: Daily drawdown 0.00% within limits
[2026-04-06 20:50:02] ✅ Consecutive Losses: Consecutive losses (0) within limits
[2026-04-06 20:50:02] ✅ Balance: Balance check skipped (no data)
[2026-04-06 20:50:02] ❌ API Connectivity: Bybit API credentials not configured
[2026-04-06 20:50:02] --------------------------------------------------
[2026-04-06 20:50:02] 🛑 CIRCUIT BREAKER: TRIPPED
[2026-04-06 20:50:02]    Reason: Bybit API credentials not configured
[2026-04-06 20:50:02]    Tripped at: 2026-04-06T16:31:12.275693
[2026-04-06 20:53:35] ==================================================
[2026-04-06 20:53:35] 🔍 Running Circuit Breaker Check
[2026-04-06 20:53:35] ✅ Daily Drawdown: Daily drawdown 0.00% within limits
[2026-04-06 20:53:35] ✅ Consecutive Losses: Consecutive losses (0) within limits
[2026-04-06 20:53:35] ✅ Balance: Balance check skipped (no data)
[2026-04-06 20:53:35] ❌ API Connectivity: Bybit API credentials not configured
[2026-04-06 20:53:35] --------------------------------------------------
[2026-04-06 20:53:35] 🛑 CIRCUIT BREAKER: TRIPPED
[2026-04-06 20:53:35]    Reason: Bybit API credentials not configured
[2026-04-06 20:53:35]    Tripped at: 2026-04-06T16:31:12.275693
[2026-04-06 20:55:01] ==================================================
[2026-04-06 20:55:01] 🔍 Running Circuit Breaker Check
[2026-04-06 20:55:01] ✅ Daily Drawdown: Daily drawdown 0.00% within limits
[2026-04-06 20:55:01] ✅ Consecutive Losses: Consecutive losses (0) within limits
[2026-04-06 20:55:01] ✅ Balance: Balance check skipped (no data)
[2026-04-06 20:55:01] ❌ API Connectivity: Bybit API credentials not configured
[2026-04-06 20:55:01] --------------------------------------------------
[2026-04-06 20:55:01] 🛑 CIRCUIT BREAKER: TRIPPED
[2026-04-06 20:55:01]    Reason: Bybit API credentials not configured
[2026-04-06 20:55:01]    Tripped at: 2026-04-06T16:31:12.275693
[2026-04-06 21:00:01] ==================================================
[2026-04-06 21:00:01] 🔍 Running Circuit Breaker Check
[2026-04-06 21:00:01] ✅ Daily Drawdown: Daily drawdown 0.00% within limits
[2026-04-06 21:00:01] ✅ Consecutive Losses: Consecutive losses (0) within limits
[2026-04-06 21:00:01] ✅ Balance: Balance check skipped (no data)
[2026-04-06 21:00:01] ❌ API Connectivity: Bybit API credentials not configured
[2026-04-06 21:00:01] --------------------------------------------------
[2026-04-06 21:00:01] 🛑 CIRCUIT BREAKER: TRIPPED
[2026-04-06 21:00:01]    Reason: Bybit API credentials not configured
[2026-04-06 21:00:01]    Tripped at: 2026-04-06T16:31:12.275693
[2026-04-06 21:05:02] ==================================================
[2026-04-06 21:05:02] 🔍 Running Circuit Breaker Check
[2026-04-06 21:05:02] ✅ Daily Drawdown: Daily drawdown 0.00% within limits
[2026-04-06 21:05:02] ✅ Consecutive Losses: Consecutive losses (0) within limits
[2026-04-06 21:05:02] ✅ Balance: Balance check skipped (no data)
[2026-04-06 21:05:02] ❌ API Connectivity: Bybit API credentials not configured
[2026-04-06 21:05:02] --------------------------------------------------
[2026-04-06 21:05:02] 🛑 CIRCUIT BREAKER: TRIPPED
[2026-04-06 21:05:02]    Reason: Bybit API credentials not configured
[2026-04-06 21:05:02]    Tripped at: 2026-04-06T16:31:12.275693
[2026-04-06 21:10:01] ==================================================
[2026-04-06 21:10:01] 🔍 Running Circuit Breaker Check
[2026-04-06 21:10:01] ✅ Daily Drawdown: Daily drawdown 0.00% within limits
[2026-04-06 21:10:01] ✅ Consecutive Losses: Consecutive losses (0) within limits
[2026-04-06 21:10:01] ✅ Balance: Balance check skipped (no data)
[2026-04-06 21:10:01] ❌ API Connectivity: Bybit API credentials not configured
[2026-04-06 21:10:01] --------------------------------------------------
[2026-04-06 21:10:01] 🛑 CIRCUIT BREAKER: TRIPPED
[2026-04-06 21:10:01]    Reason: Bybit API credentials not configured
[2026-04-06 21:10:01]    Tripped at: 2026-04-06T16:31:12.275693
[2026-04-06 21:11:14] ==================================================
[2026-04-06 21:11:14] 🔍 Running Circuit Breaker Check
[2026-04-06 21:11:14] ✅ Daily Drawdown: Daily drawdown 0.00% within limits
[2026-04-06 21:11:14] ✅ Consecutive Losses: Consecutive losses (0) within limits
[2026-04-06 21:11:14] ✅ Balance: Balance check skipped (no data)
[2026-04-06 21:11:14] ❌ API Connectivity: Bybit API credentials not configured
[2026-04-06 21:11:14] --------------------------------------------------
[2026-04-06 21:11:14] 🛑 CIRCUIT BREAKER: TRIPPED
[2026-04-06 21:11:14]    Reason: Bybit API credentials not configured
[2026-04-06 21:11:14]    Tripped at: 2026-04-06T16:31:12.275693
[2026-04-06 21:13:29] ==================================================
[2026-04-06 21:13:29] 🔍 Running Circuit Breaker Check
[2026-04-06 21:13:29] ✅ Daily Drawdown: Daily drawdown 0.00% within limits
[2026-04-06 21:13:29] ✅ Consecutive Losses: Consecutive losses (0) within limits
[2026-04-06 21:13:29] ✅ Balance: Balance check skipped (no data)
[2026-04-06 21:13:29] ❌ API Connectivity: Bybit API credentials not configured
[2026-04-06 21:13:29] --------------------------------------------------
[2026-04-06 21:13:29] 🛑 CIRCUIT BREAKER: TRIPPED
[2026-04-06 21:13:29]    Reason: Bybit API credentials not configured
[2026-04-06 21:13:29]    Tripped at: 2026-04-06T16:31:12.275693
[2026-04-06 21:15:01] ==================================================
[2026-04-06 21:15:01] 🔍 Running Circuit Breaker Check
[2026-04-06 21:15:01] ✅ Daily Drawdown: Daily drawdown 0.00% within limits
[2026-04-06 21:15:01] ✅ Consecutive Losses: Consecutive losses (0) within limits
[2026-04-06 21:15:01] ✅ Balance: Balance check skipped (no data)
[2026-04-06 21:15:01] ❌ API Connectivity: Bybit API credentials not configured
[2026-04-06 21:15:01] --------------------------------------------------
[2026-04-06 21:15:01] 🛑 CIRCUIT BREAKER: TRIPPED
[2026-04-06 21:15:01]    Reason: Bybit API credentials not configured
[2026-04-06 21:15:01]    Tripped at: 2026-04-06T16:31:12.275693
[2026-04-06 21:20:01] ==================================================
[2026-04-06 21:20:01] 🔍 Running Circuit Breaker Check
[2026-04-06 21:20:01] ✅ Daily Drawdown: Daily drawdown 0.00% within limits
[2026-04-06 21:20:01] ✅ Consecutive Losses: Consecutive losses (0) within limits
[2026-04-06 21:20:01] ✅ Balance: Balance check skipped (no data)
[2026-04-06 21:20:01] ❌ API Connectivity: Bybit API credentials not configured
[2026-04-06 21:20:01] --------------------------------------------------
[2026-04-06 21:20:01] 🛑 CIRCUIT BREAKER: TRIPPED
[2026-04-06 21:20:01]    Reason: Bybit API credentials not configured
[2026-04-06 21:20:01]    Tripped at: 2026-04-06T16:31:12.275693
[2026-04-06 21:25:01] ==================================================
[2026-04-06 21:25:01] 🔍 Running Circuit Breaker Check
[2026-04-06 21:25:01] ✅ Daily Drawdown: Daily drawdown 0.00% within limits
[2026-04-06 21:25:01] ✅ Consecutive Losses: Consecutive losses (0) within limits
[2026-04-06 21:25:01] ✅ Balance: Balance check skipped (no data)
[2026-04-06 21:25:01] ❌ API Connectivity: Bybit API credentials not configured
[2026-04-06 21:25:01] --------------------------------------------------
[2026-04-06 21:25:01] 🛑 CIRCUIT BREAKER: TRIPPED
[2026-04-06 21:25:01]    Reason: Bybit API credentials not configured
[2026-04-06 21:25:01]    Tripped at: 2026-04-06T16:31:12.275693
[2026-04-06 21:30:02] ==================================================
[2026-04-06 21:30:02] 🔍 Running Circuit Breaker Check
[2026-04-06 21:30:02] ✅ Daily Drawdown: Daily drawdown 0.00% within limits
[2026-04-06 21:30:02] ✅ Consecutive Losses: Consecutive losses (0) within limits
[2026-04-06 21:30:02] ✅ Balance: Balance check skipped (no data)
[2026-04-06 21:30:02] ❌ API Connectivity: Bybit API credentials not configured
[2026-04-06 21:30:02] --------------------------------------------------
[2026-04-06 21:30:02] 🛑 CIRCUIT BREAKER: TRIPPED
[2026-04-06 21:30:02]    Reason: Bybit API credentials not configured
[2026-04-06 21:30:02]    Tripped at: 2026-04-06T16:31:12.275693
[2026-04-06 21:35:01] ==================================================
[2026-04-06 21:35:01] 🔍 Running Circuit Breaker Check
[2026-04-06 21:35:01] ✅ Daily Drawdown: Daily drawdown 0.00% within limits
[2026-04-06 21:35:01] ✅ Consecutive Losses: Consecutive losses (0) within limits
[2026-04-06 21:35:01] ✅ Balance: Balance check skipped (no data)
[2026-04-06 21:35:01] ❌ API Connectivity: Bybit API credentials not configured
[2026-04-06 21:35:01] --------------------------------------------------
[2026-04-06 21:35:01] 🛑 CIRCUIT BREAKER: TRIPPED
[2026-04-06 21:35:01]    Reason: Bybit API credentials not configured
[2026-04-06 21:35:01]    Tripped at: 2026-04-06T16:31:12.275693
[2026-04-06 21:38:30] ==================================================
[2026-04-06 21:38:30] 🔍 Running Circuit Breaker Check
[2026-04-06 21:38:30] ✅ Daily Drawdown: Daily drawdown 0.00% within limits
[2026-04-06 21:38:30] ✅ Consecutive Losses: Consecutive losses (0) within limits
[2026-04-06 21:38:30] ✅ Balance: Balance check skipped (no data)
[2026-04-06 21:38:30] ❌ API Connectivity: Bybit API credentials not configured
[2026-04-06 21:38:30] --------------------------------------------------
[2026-04-06 21:38:30] 🛑 CIRCUIT BREAKER: TRIPPED
[2026-04-06 21:38:30]    Reason: Bybit API credentials not configured
[2026-04-06 21:38:30]    Tripped at: 2026-04-06T16:31:12.275693
[2026-04-06 21:40:01] ==================================================
[2026-04-06 21:40:01] 🔍 Running Circuit Breaker Check
[2026-04-06 21:40:01] ✅ Daily Drawdown: Daily drawdown 0.00% within limits
[2026-04-06 21:40:01] ✅ Consecutive Losses: Consecutive losses (0) within limits
[2026-04-06 21:40:01] ✅ Balance: Balance check skipped (no data)
[2026-04-06 21:40:01] ❌ API Connectivity: Bybit API credentials not configured
[2026-04-06 21:40:01] --------------------------------------------------
[2026-04-06 21:40:01] 🛑 CIRCUIT BREAKER: TRIPPED
[2026-04-06 21:40:01]    Reason: Bybit API credentials not configured
[2026-04-06 21:40:01]    Tripped at: 2026-04-06T16:31:12.275693
[2026-04-06 21:43:31] ==================================================
[2026-04-06 21:43:31] 🔍 Running Circuit Breaker Check
[2026-04-06 21:43:31] ✅ Daily Drawdown: Daily drawdown 0.00% within limits
[2026-04-06 21:43:31] ✅ Consecutive Losses: Consecutive losses (0) within limits
[2026-04-06 21:43:31] ✅ Balance: Balance check skipped (no data)
[2026-04-06 21:43:31] ❌ API Connectivity: Bybit API credentials not configured
[2026-04-06 21:43:31] --------------------------------------------------
[2026-04-06 21:43:31] 🛑 CIRCUIT BREAKER: TRIPPED
[2026-04-06 21:43:31]    Reason: Bybit API credentials not configured
[2026-04-06 21:43:31]    Tripped at: 2026-04-06T16:31:12.275693
[2026-04-06 21:45:02] ==================================================
[2026-04-06 21:45:02] 🔍 Running Circuit Breaker Check
[2026-04-06 21:45:02] ✅ Daily Drawdown: Daily drawdown 0.00% within limits
[2026-04-06 21:45:02] ✅ Consecutive Losses: Consecutive losses (0) within limits
[2026-04-06 21:45:02] ✅ Balance: Balance check skipped (no data)
[2026-04-06 21:45:02] ❌ API Connectivity: Bybit API credentials not configured
[2026-04-06 21:45:02] --------------------------------------------------
[2026-04-06 21:45:02] 🛑 CIRCUIT BREAKER: TRIPPED
[2026-04-06 21:45:02]    Reason: Bybit API credentials not configured
[2026-04-06 21:45:02]    Tripped at: 2026-04-06T16:31:12.275693
[2026-04-06 21:50:01] ==================================================
[2026-04-06 21:50:01] 🔍 Running Circuit Breaker Check
[2026-04-06 21:50:01] ✅ Daily Drawdown: Daily drawdown 0.00% within limits
[2026-04-06 21:50:01] ✅ Consecutive Losses: Consecutive losses (0) within limits
[2026-04-06 21:50:01] ✅ Balance: Balance check skipped (no data)
[2026-04-06 21:50:01] ❌ API Connectivity: Bybit API credentials not configured
[2026-04-06 21:50:02] --------------------------------------------------
[2026-04-06 21:50:02] 🛑 CIRCUIT BREAKER: TRIPPED
[2026-04-06 21:50:02]    Reason: Bybit API credentials not configured
[2026-04-06 21:50:02]    Tripped at: 2026-04-06T16:31:12.275693
[2026-04-06 21:55:01] ==================================================
[2026-04-06 21:55:01] 🔍 Running Circuit Breaker Check
[2026-04-06 21:55:01] ✅ Daily Drawdown: Daily drawdown 0.00% within limits
[2026-04-06 21:55:01] ✅ Consecutive Losses: Consecutive losses (0) within limits
[2026-04-06 21:55:01] ✅ Balance: Balance check skipped (no data)
[2026-04-06 21:55:01] ❌ API Connectivity: Bybit API credentials not configured
[2026-04-06 21:55:01] --------------------------------------------------
[2026-04-06 21:55:01] 🛑 CIRCUIT BREAKER: TRIPPED
[2026-04-06 21:55:01]    Reason: Bybit API credentials not configured
[2026-04-06 21:55:01]    Tripped at: 2026-04-06T16:31:12.275693
[2026-04-06 21:55:23] ==================================================
[2026-04-06 21:55:23] 🔍 Running Circuit Breaker Check
[2026-04-06 21:55:23] ✅ Daily Drawdown: Daily drawdown 0.00% within limits
[2026-04-06 21:55:23] ✅ Consecutive Losses: Consecutive losses (0) within limits
[2026-04-06 21:55:23] ✅ Balance: Balance check skipped (no data)
[2026-04-06 21:55:23] ❌ API Connectivity: Bybit API credentials not configured
[2026-04-06 21:55:23] --------------------------------------------------
[2026-04-06 21:55:23] 🛑 CIRCUIT BREAKER: TRIPPED
[2026-04-06 21:55:23]    Reason: Bybit API credentials not configured
[2026-04-06 21:55:23]    Tripped at: 2026-04-06T16:31:12.275693
[2026-04-06 22:00:01] ==================================================
[2026-04-06 22:00:01] 🔍 Running Circuit Breaker Check
[2026-04-06 22:00:01] ✅ Daily Drawdown: Daily drawdown 0.00% within limits
[2026-04-06 22:00:01] ✅ Consecutive Losses: Consecutive losses (0) within limits
[2026-04-06 22:00:01] ✅ Balance: Balance check skipped (no data)
[2026-04-06 22:00:01] ❌ API Connectivity: Bybit API credentials not configured
[2026-04-06 22:00:01] --------------------------------------------------
[2026-04-06 22:00:01] 🛑 CIRCUIT BREAKER: TRIPPED
[2026-04-06 22:00:01]    Reason: Bybit API credentials not configured
[2026-04-06 22:00:01]    Tripped at: 2026-04-06T16:31:12.275693
[2026-04-06 22:05:01] ==================================================
[2026-04-06 22:05:01] 🔍 Running Circuit Breaker Check
[2026-04-06 22:05:01] ✅ Daily Drawdown: Daily drawdown 0.00% within limits
[2026-04-06 22:05:01] ✅ Consecutive Losses: Consecutive losses (0) within limits
[2026-04-06 22:05:01] ✅ Balance: Balance check skipped (no data)
[2026-04-06 22:05:01] ❌ API Connectivity: Bybit API credentials not configured
[2026-04-06 22:05:01] --------------------------------------------------
[2026-04-06 22:05:01] 🛑 CIRCUIT BREAKER: TRIPPED
[2026-04-06 22:05:01]    Reason: Bybit API credentials not configured
[2026-04-06 22:05:01]    Tripped at: 2026-04-06T16:31:12.275693
[2026-04-06 22:10:01] ==================================================
[2026-04-06 22:10:01] 🔍 Running Circuit Breaker Check
[2026-04-06 22:10:01] ✅ Daily Drawdown: Daily drawdown 0.00% within limits
[2026-04-06 22:10:01] ✅ Consecutive Losses: Consecutive losses (0) within limits
[2026-04-06 22:10:01] ✅ Balance: Balance check skipped (no data)
[2026-04-06 22:10:01] ❌ API Connectivity: Bybit API credentials not configured
[2026-04-06 22:10:01] --------------------------------------------------
[2026-04-06 22:10:01] 🛑 CIRCUIT BREAKER: TRIPPED
[2026-04-06 22:10:01]    Reason: Bybit API credentials not configured
[2026-04-06 22:10:01]    Tripped at: 2026-04-06T16:31:12.275693
[2026-04-06 22:13:33] ==================================================
[2026-04-06 22:13:33] 🔍 Running Circuit Breaker Check
[2026-04-06 22:13:33] ✅ Daily Drawdown: Daily drawdown 0.00% within limits
[2026-04-06 22:13:33] ✅ Consecutive Losses: Consecutive losses (0) within limits
[2026-04-06 22:13:33] ✅ Balance: Balance check skipped (no data)
[2026-04-06 22:13:33] ❌ API Connectivity: Bybit API credentials not configured
[2026-04-06 22:13:33] --------------------------------------------------
[2026-04-06 22:13:33] 🛑 CIRCUIT BREAKER: TRIPPED
[2026-04-06 22:13:33]    Reason: Bybit API credentials not configured
[2026-04-06 22:13:33]    Tripped at: 2026-04-06T16:31:12.275693
[2026-04-06 22:15:01] ==================================================
[2026-04-06 22:15:01] 🔍 Running Circuit Breaker Check
[2026-04-06 22:15:01] ✅ Daily Drawdown: Daily drawdown 0.00% within limits
[2026-04-06 22:15:01] ✅ Consecutive Losses: Consecutive losses (0) within limits
[2026-04-06 22:15:01] ✅ Balance: Balance check skipped (no data)
[2026-04-06 22:15:01] ❌ API Connectivity: Bybit API credentials not configured
[2026-04-06 22:15:01] --------------------------------------------------
[2026-04-06 22:15:01] 🛑 CIRCUIT BREAKER: TRIPPED
[2026-04-06 22:15:01]    Reason: Bybit API credentials not configured
[2026-04-06 22:15:01]    Tripped at: 2026-04-06T16:31:12.275693
[2026-04-06 22:20:01] ==================================================
[2026-04-06 22:20:01] 🔍 Running Circuit Breaker Check
[2026-04-06 22:20:01] ✅ Daily Drawdown: Daily drawdown 0.00% within limits
[2026-04-06 22:20:01] ✅ Consecutive Losses: Consecutive losses (0) within limits
[2026-04-06 22:20:01] ✅ Balance: Balance check skipped (no data)
[2026-04-06 22:20:01] ❌ API Connectivity: Bybit API credentials not configured
[2026-04-06 22:20:01] --------------------------------------------------
[2026-04-06 22:20:01] 🛑 CIRCUIT BREAKER: TRIPPED
[2026-04-06 22:20:01]    Reason: Bybit API credentials not configured
[2026-04-06 22:20:01]    Tripped at: 2026-04-06T16:31:12.275693
[2026-04-06 22:25:01] ==================================================
[2026-04-06 22:25:01] 🔍 Running Circuit Breaker Check
[2026-04-06 22:25:01] ✅ Daily Drawdown: Daily drawdown 0.00% within limits
[2026-04-06 22:25:01] ✅ Consecutive Losses: Consecutive losses (0) within limits
[2026-04-06 22:25:01] ✅ Balance: Balance check skipped (no data)
[2026-04-06 22:25:01] ❌ API Connectivity: Bybit API credentials not configured
[2026-04-06 22:25:01] --------------------------------------------------
[2026-04-06 22:25:01] 🛑 CIRCUIT BREAKER: TRIPPED
[2026-04-06 22:25:01]    Reason: Bybit API credentials not configured
[2026-04-06 22:25:01]    Tripped at: 2026-04-06T16:31:12.275693
[2026-04-06 22:30:01] ==================================================
[2026-04-06 22:30:01] 🔍 Running Circuit Breaker Check
[2026-04-06 22:30:01] ✅ Daily Drawdown: Daily drawdown 0.00% within limits
[2026-04-06 22:30:01] ✅ Consecutive Losses: Consecutive losses (0) within limits
[2026-04-06 22:30:01] ✅ Balance: Balance check skipped (no data)
[2026-04-06 22:30:01] ❌ API Connectivity: Bybit API credentials not configured
[2026-04-06 22:30:01] --------------------------------------------------
[2026-04-06 22:30:01] 🛑 CIRCUIT BREAKER: TRIPPED
[2026-04-06 22:30:01]    Reason: Bybit API credentials not configured
[2026-04-06 22:30:01]    Tripped at: 2026-04-06T16:31:12.275693
[2026-04-06 22:34:27] ==================================================
[2026-04-06 22:34:27] 🔍 Running Circuit Breaker Check
[2026-04-06 22:34:27] ✅ Daily Drawdown: Daily drawdown 0.00% within limits
[2026-04-06 22:34:27] ✅ Consecutive Losses: Consecutive losses (0) within limits
[2026-04-06 22:34:27] ✅ Balance: Balance check skipped (no data)
[2026-04-06 22:34:27] ❌ API Connectivity: Bybit API credentials not configured
[2026-04-06 22:34:27] --------------------------------------------------
[2026-04-06 22:34:27] 🛑 CIRCUIT BREAKER: TRIPPED
[2026-04-06 22:34:27]    Reason: Bybit API credentials not configured
[2026-04-06 22:34:27]    Tripped at: 2026-04-06T16:31:12.275693
[2026-04-06 22:35:01] ==================================================
[2026-04-06 22:35:01] 🔍 Running Circuit Breaker Check
[2026-04-06 22:35:01] ✅ Daily Drawdown: Daily drawdown 0.00% within limits
[2026-04-06 22:35:01] ✅ Consecutive Losses: Consecutive losses (0) within limits
[2026-04-06 22:35:01] ✅ Balance: Balance check skipped (no data)
[2026-04-06 22:35:01] ❌ API Connectivity: Bybit API credentials not configured
[2026-04-06 22:35:01] --------------------------------------------------
[2026-04-06 22:35:01] 🛑 CIRCUIT BREAKER: TRIPPED
[2026-04-06 22:35:01]    Reason: Bybit API credentials not configured
[2026-04-06 22:35:01]    Tripped at: 2026-04-06T16:31:12.275693
[2026-04-06 22:40:01] ==================================================
[2026-04-06 22:40:01] 🔍 Running Circuit Breaker Check
[2026-04-06 22:40:01] ✅ Daily Drawdown: Daily drawdown 0.00% within limits
[2026-04-06 22:40:01] ✅ Consecutive Losses: Consecutive losses (0) within limits
[2026-04-06 22:40:01] ✅ Balance: Balance check skipped (no data)
[2026-04-06 22:40:01] ❌ API Connectivity: Bybit API credentials not configured
[2026-04-06 22:40:01] --------------------------------------------------
[2026-04-06 22:40:01] 🛑 CIRCUIT BREAKER: TRIPPED
[2026-04-06 22:40:01]    Reason: Bybit API credentials not configured
[2026-04-06 22:40:01]    Tripped at: 2026-04-06T16:31:12.275693
[2026-04-06 22:45:01] ==================================================
[2026-04-06 22:45:01] 🔍 Running Circuit Breaker Check
[2026-04-06 22:45:01] ✅ Daily Drawdown: Daily drawdown 0.00% within limits
[2026-04-06 22:45:01] ✅ Consecutive Losses: Consecutive losses (0) within limits
[2026-04-06 22:45:01] ✅ Balance: Balance check skipped (no data)
[2026-04-06 22:45:01] ❌ API Connectivity: Bybit API credentials not configured
[2026-04-06 22:45:01] --------------------------------------------------
[2026-04-06 22:45:01] 🛑 CIRCUIT BREAKER: TRIPPED
[2026-04-06 22:45:01]    Reason: Bybit API credentials not configured
[2026-04-06 22:45:01]    Tripped at: 2026-04-06T16:31:12.275693
[2026-04-06 22:48:52] ==================================================
[2026-04-06 22:48:52] 🔍 Running Circuit Breaker Check
[2026-04-06 22:48:52] ✅ Daily Drawdown: Daily drawdown 0.00% within limits
[2026-04-06 22:48:52] ✅ Consecutive Losses: Consecutive losses (0) within limits
[2026-04-06 22:48:52] ✅ Balance: Balance check skipped (no data)
[2026-04-06 22:48:52] ❌ API Connectivity: Bybit API credentials not configured
[2026-04-06 22:48:52] --------------------------------------------------
[2026-04-06 22:48:52] 🛑 CIRCUIT BREAKER: TRIPPED
[2026-04-06 22:48:52]    Reason: Bybit API credentials not configured
[2026-04-06 22:48:52]    Tripped at: 2026-04-06T16:31:12.275693
[2026-04-06 22:50:01] ==================================================
[2026-04-06 22:50:01] 🔍 Running Circuit Breaker Check
[2026-04-06 22:50:01] ✅ Daily Drawdown: Daily drawdown 0.00% within limits
[2026-04-06 22:50:01] ✅ Consecutive Losses: Consecutive losses (0) within limits
[2026-04-06 22:50:01] ✅ Balance: Balance check skipped (no data)
[2026-04-06 22:50:01] ❌ API Connectivity: Bybit API credentials not configured
[2026-04-06 22:50:01] --------------------------------------------------
[2026-04-06 22:50:01] 🛑 CIRCUIT BREAKER: TRIPPED
[2026-04-06 22:50:01]    Reason: Bybit API credentials not configured
[2026-04-06 22:50:01]    Tripped at: 2026-04-06T16:31:12.275693
[2026-04-06 22:55:01] ==================================================
[2026-04-06 22:55:01] 🔍 Running Circuit Breaker Check
[2026-04-06 22:55:01] ✅ Daily Drawdown: Daily drawdown 0.00% within limits
[2026-04-06 22:55:01] ✅ Consecutive Losses: Consecutive losses (0) within limits
[2026-04-06 22:55:01] ✅ Balance: Balance check skipped (no data)
[2026-04-06 22:55:01] ❌ API Connectivity: Bybit API credentials not configured
[2026-04-06 22:55:01] --------------------------------------------------
[2026-04-06 22:55:01] 🛑 CIRCUIT BREAKER: TRIPPED
[2026-04-06 22:55:01]    Reason: Bybit API credentials not configured
[2026-04-06 22:55:01]    Tripped at: 2026-04-06T16:31:12.275693
[2026-04-06 23:00:02] ==================================================
[2026-04-06 23:00:02] 🔍 Running Circuit Breaker Check
[2026-04-06 23:00:02] ✅ Daily Drawdown: Daily drawdown 0.00% within limits
[2026-04-06 23:00:02] ✅ Consecutive Losses: Consecutive losses (0) within limits
[2026-04-06 23:00:02] ✅ Balance: Balance check skipped (no data)
[2026-04-06 23:00:02] ❌ API Connectivity: Bybit API credentials not configured
[2026-04-06 23:00:02] --------------------------------------------------
[2026-04-06 23:00:02] 🛑 CIRCUIT BREAKER: TRIPPED
[2026-04-06 23:00:02]    Reason: Bybit API credentials not configured
[2026-04-06 23:00:02]    Tripped at: 2026-04-06T16:31:12.275693
[2026-04-06 23:00:11] ==================================================
[2026-04-06 23:00:11] 🔍 Running Circuit Breaker Check
[2026-04-06 23:00:11] ✅ Daily Drawdown: Daily drawdown 0.00% within limits
[2026-04-06 23:00:11] ✅ Consecutive Losses: Consecutive losses (0) within limits
[2026-04-06 23:00:11] ✅ Balance: Balance check skipped (no data)
[2026-04-06 23:00:11] ❌ API Connectivity: Bybit API credentials not configured
[2026-04-06 23:00:11] --------------------------------------------------
[2026-04-06 23:00:11] 🛑 CIRCUIT BREAKER: TRIPPED
[2026-04-06 23:00:11]    Reason: Bybit API credentials not configured
[2026-04-06 23:00:11]    Tripped at: 2026-04-06T16:31:12.275693
[2026-04-06 23:05:01] ==================================================
[2026-04-06 23:05:01] 🔍 Running Circuit Breaker Check
[2026-04-06 23:05:01] ✅ Daily Drawdown: Daily drawdown 0.00% within limits
[2026-04-06 23:05:01] ✅ Consecutive Losses: Consecutive losses (0) within limits
[2026-04-06 23:05:01] ✅ Balance: Balance check skipped (no data)
[2026-04-06 23:05:01] ❌ API Connectivity: Bybit API credentials not configured
[2026-04-06 23:05:01] --------------------------------------------------
[2026-04-06 23:05:01] 🛑 CIRCUIT BREAKER: TRIPPED
[2026-04-06 23:05:01]    Reason: Bybit API credentials not configured
[2026-04-06 23:05:01]    Tripped at: 2026-04-06T16:31:12.275693
[2026-04-06 23:08:52] ==================================================
[2026-04-06 23:08:52] 🔍 Running Circuit Breaker Check
[2026-04-06 23:08:52] ✅ Daily Drawdown: Daily drawdown 0.00% within limits
[2026-04-06 23:08:52] ✅ Consecutive Losses: Consecutive losses (0) within limits
[2026-04-06 23:08:52] ✅ Balance: Balance check skipped (no data)
[2026-04-06 23:08:52] ❌ API Connectivity: Bybit API credentials not configured
[2026-04-06 23:08:52] --------------------------------------------------
[2026-04-06 23:08:52] 🛑 CIRCUIT BREAKER: TRIPPED
[2026-04-06 23:08:52]    Reason: Bybit API credentials not configured
[2026-04-06 23:08:52]    Tripped at: 2026-04-06T16:31:12.275693
[2026-04-06 23:10:01] ==================================================
[2026-04-06 23:10:01] 🔍 Running Circuit Breaker Check
[2026-04-06 23:10:01] ✅ Daily Drawdown: Daily drawdown 0.00% within limits
[2026-04-06 23:10:01] ✅ Consecutive Losses: Consecutive losses (0) within limits
[2026-04-06 23:10:01] ✅ Balance: Balance check skipped (no data)
[2026-04-06 23:10:01] ❌ API Connectivity: Bybit API credentials not configured
[2026-04-06 23:10:01] --------------------------------------------------
[2026-04-06 23:10:01] 🛑 CIRCUIT BREAKER: TRIPPED
[2026-04-06 23:10:01]    Reason: Bybit API credentials not configured
[2026-04-06 23:10:01]    Tripped at: 2026-04-06T16:31:12.275693
[2026-04-06 23:14:32] ==================================================
[2026-04-06 23:14:32] 🔍 Running Circuit Breaker Check
[2026-04-06 23:14:32] ✅ Daily Drawdown: Daily drawdown 0.00% within limits
[2026-04-06 23:14:32] ✅ Consecutive Losses: Consecutive losses (0) within limits
[2026-04-06 23:14:32] ✅ Balance: Balance check skipped (no data)
[2026-04-06 23:14:32] ❌ API Connectivity: Bybit API credentials not configured
[2026-04-06 23:14:32] --------------------------------------------------
[2026-04-06 23:14:32] 🛑 CIRCUIT BREAKER: TRIPPED
[2026-04-06 23:14:32]    Reason: Bybit API credentials not configured
[2026-04-06 23:14:32]    Tripped at: 2026-04-06T16:31:12.275693
[2026-04-06 23:15:02] ==================================================
[2026-04-06 23:15:02] 🔍 Running Circuit Breaker Check
[2026-04-06 23:15:02] ✅ Daily Drawdown: Daily drawdown 0.00% within limits
[2026-04-06 23:15:02] ✅ Consecutive Losses: Consecutive losses (0) within limits
[2026-04-06 23:15:02] ✅ Balance: Balance check skipped (no data)
[2026-04-06 23:15:02] ❌ API Connectivity: Bybit API credentials not configured
[2026-04-06 23:15:02] --------------------------------------------------
[2026-04-06 23:15:02] 🛑 CIRCUIT BREAKER: TRIPPED
[2026-04-06 23:15:02]    Reason: Bybit API credentials not configured
[2026-04-06 23:15:02]    Tripped at: 2026-04-06T16:31:12.275693
[2026-04-06 23:18:48] ==================================================
[2026-04-06 23:18:48] 🔍 Running Circuit Breaker Check
[2026-04-06 23:18:48] ✅ Daily Drawdown: Daily drawdown 0.00% within limits
[2026-04-06 23:18:48] ✅ Consecutive Losses: Consecutive losses (0) within limits
[2026-04-06 23:18:48] ✅ Balance: Balance check skipped (no data)
[2026-04-06 23:18:48] ❌ API Connectivity: Bybit API credentials not configured
[2026-04-06 23:18:48] --------------------------------------------------
[2026-04-06 23:18:48] 🛑 CIRCUIT BREAKER: TRIPPED
[2026-04-06 23:18:48]    Reason: Bybit API credentials not configured
[2026-04-06 23:18:48]    Tripped at: 2026-04-06T16:31:12.275693
[2026-04-06 23:20:01] ==================================================
[2026-04-06 23:20:01] 🔍 Running Circuit Breaker Check
[2026-04-06 23:20:01] ✅ Daily Drawdown: Daily drawdown 0.00% within limits
[2026-04-06 23:20:01] ✅ Consecutive Losses: Consecutive losses (0) within limits
[2026-04-06 23:20:01] ✅ Balance: Balance check skipped (no data)
[2026-04-06 23:20:01] ❌ API Connectivity: Bybit API credentials not configured
[2026-04-06 23:20:01] --------------------------------------------------
[2026-04-06 23:20:01] 🛑 CIRCUIT BREAKER: TRIPPED
[2026-04-06 23:20:01]    Reason: Bybit API credentials not configured
[2026-04-06 23:20:01]    Tripped at: 2026-04-06T16:31:12.275693
[2026-04-06 23:23:31] ==================================================
[2026-04-06 23:23:31] 🔍 Running Circuit Breaker Check
[2026-04-06 23:23:31] ✅ Daily Drawdown: Daily drawdown 0.00% within limits
[2026-04-06 23:23:31] ✅ Consecutive Losses: Consecutive losses (0) within limits
[2026-04-06 23:23:31] ✅ Balance: Balance check skipped (no data)
[2026-04-06 23:23:31] ❌ API Connectivity: Bybit API credentials not configured
[2026-04-06 23:23:31] --------------------------------------------------
[2026-04-06 23:23:31] 🛑 CIRCUIT BREAKER: TRIPPED
[2026-04-06 23:23:31]    Reason: Bybit API credentials not configured
[2026-04-06 23:23:31]    Tripped at: 2026-04-06T16:31:12.275693
[2026-04-06 23:25:01] ==================================================
[2026-04-06 23:25:01] 🔍 Running Circuit Breaker Check
[2026-04-06 23:25:01] ✅ Daily Drawdown: Daily drawdown 0.00% within limits
[2026-04-06 23:25:01] ✅ Consecutive Losses: Consecutive losses (0) within limits
[2026-04-06 23:25:01] ✅ Balance: Balance check skipped (no data)
[2026-04-06 23:25:01] ❌ API Connectivity: Bybit API credentials not configured
[2026-04-06 23:25:01] --------------------------------------------------
[2026-04-06 23:25:01] 🛑 CIRCUIT BREAKER: TRIPPED
[2026-04-06 23:25:01]    Reason: Bybit API credentials not configured
[2026-04-06 23:25:01]    Tripped at: 2026-04-06T16:31:12.275693
[2026-04-06 23:28:30] ==================================================
[2026-04-06 23:28:30] 🔍 Running Circuit Breaker Check
[2026-04-06 23:28:30] ✅ Daily Drawdown: Daily drawdown 0.00% within limits
[2026-04-06 23:28:30] ✅ Consecutive Losses: Consecutive losses (0) within limits
[2026-04-06 23:28:30] ✅ Balance: Balance check skipped (no data)
[2026-04-06 23:28:30] ❌ API Connectivity: Bybit API credentials not configured
[2026-04-06 23:28:30] --------------------------------------------------
[2026-04-06 23:28:30] 🛑 CIRCUIT BREAKER: TRIPPED
[2026-04-06 23:28:30]    Reason: Bybit API credentials not configured
[2026-04-06 23:28:30]    Tripped at: 2026-04-06T16:31:12.275693
[2026-04-06 23:30:01] ==================================================
[2026-04-06 23:30:01] 🔍 Running Circuit Breaker Check
[2026-04-06 23:30:01] ✅ Daily Drawdown: Daily drawdown 0.00% within limits
[2026-04-06 23:30:01] ✅ Consecutive Losses: Consecutive losses (0) within limits
[2026-04-06 23:30:01] ✅ Balance: Balance check skipped (no data)
[2026-04-06 23:30:01] ❌ API Connectivity: Bybit API credentials not configured
[2026-04-06 23:30:01] --------------------------------------------------
[2026-04-06 23:30:01] 🛑 CIRCUIT BREAKER: TRIPPED
[2026-04-06 23:30:01]    Reason: Bybit API credentials not configured
[2026-04-06 23:30:01]    Tripped at: 2026-04-06T16:31:12.275693
[2026-04-06 23:35:02] ==================================================
[2026-04-06 23:35:02] 🔍 Running Circuit Breaker Check
[2026-04-06 23:35:02] ✅ Daily Drawdown: Daily drawdown 0.00% within limits
[2026-04-06 23:35:02] ✅ Consecutive Losses: Consecutive losses (0) within limits
[2026-04-06 23:35:02] ✅ Balance: Balance check skipped (no data)
[2026-04-06 23:35:02] ❌ API Connectivity: Bybit API credentials not configured
[2026-04-06 23:35:02] --------------------------------------------------
[2026-04-06 23:35:02] 🛑 CIRCUIT BREAKER: TRIPPED
[2026-04-06 23:35:02]    Reason: Bybit API credentials not configured
[2026-04-06 23:35:02]    Tripped at: 2026-04-06T16:31:12.275693
[2026-04-06 23:40:01] ==================================================
[2026-04-06 23:40:01] 🔍 Running Circuit Breaker Check
[2026-04-06 23:40:01] ✅ Daily Drawdown: Daily drawdown 0.00% within limits
[2026-04-06 23:40:01] ✅ Consecutive Losses: Consecutive losses (0) within limits
[2026-04-06 23:40:01] ✅ Balance: Balance check skipped (no data)
[2026-04-06 23:40:01] ❌ API Connectivity: Bybit API credentials not configured
[2026-04-06 23:40:01] --------------------------------------------------
[2026-04-06 23:40:01] 🛑 CIRCUIT BREAKER: TRIPPED
[2026-04-06 23:40:01]    Reason: Bybit API credentials not configured
[2026-04-06 23:40:01]    Tripped at: 2026-04-06T16:31:12.275693
[2026-04-06 23:45:01] ==================================================
[2026-04-06 23:45:01] 🔍 Running Circuit Breaker Check
[2026-04-06 23:45:01] ✅ Daily Drawdown: Daily drawdown 0.00% within limits
[2026-04-06 23:45:01] ✅ Consecutive Losses: Consecutive losses (0) within limits
[2026-04-06 23:45:01] ✅ Balance: Balance check skipped (no data)
[2026-04-06 23:45:01] ❌ API Connectivity: Bybit API credentials not configured
[2026-04-06 23:45:01] --------------------------------------------------
[2026-04-06 23:45:01] 🛑 CIRCUIT BREAKER: TRIPPED
[2026-04-06 23:45:01]    Reason: Bybit API credentials not configured
[2026-04-06 23:45:01]    Tripped at: 2026-04-06T16:31:12.275693
[2026-04-06 23:50:01] ==================================================
[2026-04-06 23:50:01] 🔍 Running Circuit Breaker Check
[2026-04-06 23:50:01] ✅ Daily Drawdown: Daily drawdown 0.00% within limits
[2026-04-06 23:50:01] ✅ Consecutive Losses: Consecutive losses (0) within limits
[2026-04-06 23:50:01] ✅ Balance: Balance check skipped (no data)
[2026-04-06 23:50:01] ❌ API Connectivity: Bybit API credentials not configured
[2026-04-06 23:50:01] --------------------------------------------------
[2026-04-06 23:50:01] 🛑 CIRCUIT BREAKER: TRIPPED
[2026-04-06 23:50:01]    Reason: Bybit API credentials not configured
[2026-04-06 23:50:01]    Tripped at: 2026-04-06T16:31:12.275693
[2026-04-06 23:55:01] ==================================================
[2026-04-06 23:55:01] 🔍 Running Circuit Breaker Check
[2026-04-06 23:55:01] ✅ Daily Drawdown: Daily drawdown 0.00% within limits
[2026-04-06 23:55:01] ✅ Consecutive Losses: Consecutive losses (0) within limits
[2026-04-06 23:55:01] ✅ Balance: Balance check skipped (no data)
[2026-04-06 23:55:01] ❌ API Connectivity: Bybit API credentials not configured
[2026-04-06 23:55:01] --------------------------------------------------
[2026-04-06 23:55:01] 🛑 CIRCUIT BREAKER: TRIPPED
[2026-04-06 23:55:01]    Reason: Bybit API credentials not configured
[2026-04-06 23:55:01]    Tripped at: 2026-04-06T16:31:12.275693
[2026-04-07 00:00:02] ==================================================
[2026-04-07 00:00:02] 🔍 Running Circuit Breaker Check
[2026-04-07 00:00:02] 🌅 New day - resetting daily counters
[2026-04-07 00:00:02] ✅ Daily Drawdown: Daily drawdown 0.00% within limits
[2026-04-07 00:00:02] ✅ Consecutive Losses: Consecutive losses (0) within limits
[2026-04-07 00:00:02] ✅ Balance: Balance check skipped (no data)
[2026-04-07 00:00:02] ❌ API Connectivity: Bybit API credentials not configured
[2026-04-07 00:00:02] 🚨 CIRCUIT BREAKER TRIPPED: Bybit API credentials not configured
[2026-04-07 00:00:02] --------------------------------------------------
[2026-04-07 00:00:02] 🛑 CIRCUIT BREAKER: TRIPPED
[2026-04-07 00:00:02]    Reason: Bybit API credentials not configured
[2026-04-07 00:00:02]    Tripped at: 2026-04-07T00:00:02.220666
[2026-04-07 00:02:08] ==================================================
[2026-04-07 00:02:08] 🔍 Running Circuit Breaker Check
[2026-04-07 00:02:08] ✅ Daily Drawdown: Daily drawdown 0.00% within limits
[2026-04-07 00:02:08] ✅ Consecutive Losses: Consecutive losses (0) within limits
[2026-04-07 00:02:08] ✅ Balance: Balance check skipped (no data)
[2026-04-07 00:02:08] ❌ API Connectivity: Bybit API credentials not configured
[2026-04-07 00:02:08] --------------------------------------------------
[2026-04-07 00:02:08] 🛑 CIRCUIT BREAKER: TRIPPED
[2026-04-07 00:02:08]    Reason: Bybit API credentials not configured
[2026-04-07 00:02:08]    Tripped at: 2026-04-07T00:00:02.220666
[2026-04-07 00:05:01] ==================================================
[2026-04-07 00:05:01] 🔍 Running Circuit Breaker Check
[2026-04-07 00:05:01] ✅ Daily Drawdown: Daily drawdown 0.00% within limits
[2026-04-07 00:05:01] ✅ Consecutive Losses: Consecutive losses (0) within limits
[2026-04-07 00:05:01] ✅ Balance: Balance check skipped (no data)
[2026-04-07 00:05:01] ❌ API Connectivity: Bybit API credentials not configured
[2026-04-07 00:05:01] --------------------------------------------------
[2026-04-07 00:05:01] 🛑 CIRCUIT BREAKER: TRIPPED
[2026-04-07 00:05:01]    Reason: Bybit API credentials not configured
[2026-04-07 00:05:01]    Tripped at: 2026-04-07T00:00:02.220666
[2026-04-07 00:10:02] ==================================================
[2026-04-07 00:10:02] 🔍 Running Circuit Breaker Check
[2026-04-07 00:10:02] ✅ Daily Drawdown: Daily drawdown 0.00% within limits
[2026-04-07 00:10:02] ✅ Consecutive Losses: Consecutive losses (0) within limits
[2026-04-07 00:10:02] ✅ Balance: Balance check skipped (no data)
[2026-04-07 00:10:02] ❌ API Connectivity: Bybit API credentials not configured
[2026-04-07 00:10:02] --------------------------------------------------
[2026-04-07 00:10:02] 🛑 CIRCUIT BREAKER: TRIPPED
[2026-04-07 00:10:02]    Reason: Bybit API credentials not configured
[2026-04-07 00:10:02]    Tripped at: 2026-04-07T00:00:02.220666
[2026-04-07 00:15:01] ==================================================
[2026-04-07 00:15:01] 🔍 Running Circuit Breaker Check
[2026-04-07 00:15:01] ✅ Daily Drawdown: Daily drawdown 0.00% within limits
[2026-04-07 00:15:01] ✅ Consecutive Losses: Consecutive losses (0) within limits
[2026-04-07 00:15:01] ✅ Balance: Balance check skipped (no data)
[2026-04-07 00:15:01] ❌ API Connectivity: Bybit API credentials not configured
[2026-04-07 00:15:01] --------------------------------------------------
[2026-04-07 00:15:01] 🛑 CIRCUIT BREAKER: TRIPPED
[2026-04-07 00:15:01]    Reason: Bybit API credentials not configured
[2026-04-07 00:15:01]    Tripped at: 2026-04-07T00:00:02.220666
[2026-04-07 00:20:01] ==================================================
[2026-04-07 00:20:01] 🔍 Running Circuit Breaker Check
[2026-04-07 00:20:01] ✅ Daily Drawdown: Daily drawdown 0.00% within limits
[2026-04-07 00:20:01] ✅ Consecutive Losses: Consecutive losses (0) within limits
[2026-04-07 00:20:01] ✅ Balance: Balance check skipped (no data)
[2026-04-07 00:20:01] ❌ API Connectivity: Bybit API credentials not configured
[2026-04-07 00:20:01] --------------------------------------------------
[2026-04-07 00:20:01] 🛑 CIRCUIT BREAKER: TRIPPED
[2026-04-07 00:20:01]    Reason: Bybit API credentials not configured
[2026-04-07 00:20:01]    Tripped at: 2026-04-07T00:00:02.220666
[2026-04-07 00:25:01] ==================================================
[2026-04-07 00:25:01] 🔍 Running Circuit Breaker Check
[2026-04-07 00:25:01] ✅ Daily Drawdown: Daily drawdown 0.00% within limits
[2026-04-07 00:25:01] ✅ Consecutive Losses: Consecutive losses (0) within limits
[2026-04-07 00:25:01] ✅ Balance: Balance check skipped (no data)
[2026-04-07 00:25:01] ❌ API Connectivity: Bybit API credentials not configured
[2026-04-07 00:25:01] --------------------------------------------------
[2026-04-07 00:25:01] 🛑 CIRCUIT BREAKER: TRIPPED
[2026-04-07 00:25:01]    Reason: Bybit API credentials not configured
[2026-04-07 00:25:01]    Tripped at: 2026-04-07T00:00:02.220666
[2026-04-07 00:30:02] ==================================================
[2026-04-07 00:30:02] 🔍 Running Circuit Breaker Check
[2026-04-07 00:30:02] ✅ Daily Drawdown: Daily drawdown 0.00% within limits
[2026-04-07 00:30:02] ✅ Consecutive Losses: Consecutive losses (0) within limits
[2026-04-07 00:30:02] ✅ Balance: Balance check skipped (no data)
[2026-04-07 00:30:02] ❌ API Connectivity: Bybit API credentials not configured
[2026-04-07 00:30:02] --------------------------------------------------
[2026-04-07 00:30:02] 🛑 CIRCUIT BREAKER: TRIPPED
[2026-04-07 00:30:02]    Reason: Bybit API credentials not configured
[2026-04-07 00:30:02]    Tripped at: 2026-04-07T00:00:02.220666
[2026-04-07 00:34:43] ==================================================
[2026-04-07 00:34:43] 🔍 Running Circuit Breaker Check
[2026-04-07 00:34:43] ✅ Daily Drawdown: Daily drawdown 0.00% within limits
[2026-04-07 00:34:43] ✅ Consecutive Losses: Consecutive losses (0) within limits
[2026-04-07 00:34:43] ✅ Balance: Balance check skipped (no data)
[2026-04-07 00:34:43] ❌ API Connectivity: Bybit API credentials not configured
[2026-04-07 00:34:43] --------------------------------------------------
[2026-04-07 00:34:43] 🛑 CIRCUIT BREAKER: TRIPPED
[2026-04-07 00:34:43]    Reason: Bybit API credentials not configured
[2026-04-07 00:34:43]    Tripped at: 2026-04-07T00:00:02.220666
[2026-04-07 00:35:01] ==================================================
[2026-04-07 00:35:01] 🔍 Running Circuit Breaker Check
[2026-04-07 00:35:01] ✅ Daily Drawdown: Daily drawdown 0.00% within limits
[2026-04-07 00:35:01] ✅ Consecutive Losses: Consecutive losses (0) within limits
[2026-04-07 00:35:01] ✅ Balance: Balance check skipped (no data)
[2026-04-07 00:35:01] ❌ API Connectivity: Bybit API credentials not configured
[2026-04-07 00:35:01] --------------------------------------------------
[2026-04-07 00:35:01] 🛑 CIRCUIT BREAKER: TRIPPED
[2026-04-07 00:35:01]    Reason: Bybit API credentials not configured
[2026-04-07 00:35:01]    Tripped at: 2026-04-07T00:00:02.220666
[2026-04-07 00:40:01] ==================================================
[2026-04-07 00:40:01] 🔍 Running Circuit Breaker Check
[2026-04-07 00:40:01] ✅ Daily Drawdown: Daily drawdown 0.00% within limits
[2026-04-07 00:40:01] ✅ Consecutive Losses: Consecutive losses (0) within limits
[2026-04-07 00:40:01] ✅ Balance: Balance check skipped (no data)
[2026-04-07 00:40:01] ❌ API Connectivity: Bybit API credentials not configured
[2026-04-07 00:40:01] --------------------------------------------------
[2026-04-07 00:40:01] 🛑 CIRCUIT BREAKER: TRIPPED
[2026-04-07 00:40:01]    Reason: Bybit API credentials not configured
[2026-04-07 00:40:01]    Tripped at: 2026-04-07T00:00:02.220666
[2026-04-07 00:43:30] ==================================================
[2026-04-07 00:43:30] 🔍 Running Circuit Breaker Check
[2026-04-07 00:43:30] ✅ Daily Drawdown: Daily drawdown 0.00% within limits
[2026-04-07 00:43:30] ✅ Consecutive Losses: Consecutive losses (0) within limits
[2026-04-07 00:43:30] ✅ Balance: Balance check skipped (no data)
[2026-04-07 00:43:30] ❌ API Connectivity: Bybit API credentials not configured
[2026-04-07 00:43:30] --------------------------------------------------
[2026-04-07 00:43:30] 🛑 CIRCUIT BREAKER: TRIPPED
[2026-04-07 00:43:30]    Reason: Bybit API credentials not configured
[2026-04-07 00:43:30]    Tripped at: 2026-04-07T00:00:02.220666
[2026-04-07 00:45:02] ==================================================
[2026-04-07 00:45:02] 🔍 Running Circuit Breaker Check
[2026-04-07 00:45:02] ✅ Daily Drawdown: Daily drawdown 0.00% within limits
[2026-04-07 00:45:02] ✅ Consecutive Losses: Consecutive losses (0) within limits
[2026-04-07 00:45:02] ✅ Balance: Balance check skipped (no data)
[2026-04-07 00:45:02] ❌ API Connectivity: Bybit API credentials not configured
[2026-04-07 00:45:02] --------------------------------------------------
[2026-04-07 00:45:02] 🛑 CIRCUIT BREAKER: TRIPPED
[2026-04-07 00:45:02]    Reason: Bybit API credentials not configured
[2026-04-07 00:45:02]    Tripped at: 2026-04-07T00:00:02.220666
[2026-04-07 00:50:01] ==================================================
[2026-04-07 00:50:01] 🔍 Running Circuit Breaker Check
[2026-04-07 00:50:01] ✅ Daily Drawdown: Daily drawdown 0.00% within limits
[2026-04-07 00:50:01] ✅ Consecutive Losses: Consecutive losses (0) within limits
[2026-04-07 00:50:01] ✅ Balance: Balance check skipped (no data)
[2026-04-07 00:50:01] ❌ API Connectivity: Bybit API credentials not configured
[2026-04-07 00:50:01] --------------------------------------------------
[2026-04-07 00:50:01] 🛑 CIRCUIT BREAKER: TRIPPED
[2026-04-07 00:50:01]    Reason: Bybit API credentials not configured
[2026-04-07 00:50:01]    Tripped at: 2026-04-07T00:00:02.220666
[2026-04-07 00:50:04] ==================================================
[2026-04-07 00:50:04] 🔍 Running Circuit Breaker Check
[2026-04-07 00:50:04] ✅ Daily Drawdown: Daily drawdown 0.00% within limits
[2026-04-07 00:50:04] ✅ Consecutive Losses: Consecutive losses (0) within limits
[2026-04-07 00:50:04] ✅ Balance: Balance check skipped (no data)
[2026-04-07 00:50:04] ❌ API Connectivity: Bybit API credentials not configured
[2026-04-07 00:50:04] --------------------------------------------------
[2026-04-07 00:50:04] 🛑 CIRCUIT BREAKER: TRIPPED
[2026-04-07 00:50:04]    Reason: Bybit API credentials not configured
[2026-04-07 00:50:04]    Tripped at: 2026-04-07T00:00:02.220666
[2026-04-07 00:55:01] ==================================================
[2026-04-07 00:55:01] 🔍 Running Circuit Breaker Check
[2026-04-07 00:55:01] ✅ Daily Drawdown: Daily drawdown 0.00% within limits
[2026-04-07 00:55:01] ✅ Consecutive Losses: Consecutive losses (0) within limits
[2026-04-07 00:55:01] ✅ Balance: Balance check skipped (no data)
[2026-04-07 00:55:01] ❌ API Connectivity: Bybit API credentials not configured
[2026-04-07 00:55:01] --------------------------------------------------
[2026-04-07 00:55:01] 🛑 CIRCUIT BREAKER: TRIPPED
[2026-04-07 00:55:01]    Reason: Bybit API credentials not configured
[2026-04-07 00:55:01]    Tripped at: 2026-04-07T00:00:02.220666
[2026-04-07 01:00:01] ==================================================
[2026-04-07 01:00:01] 🔍 Running Circuit Breaker Check
[2026-04-07 01:00:01] ✅ Daily Drawdown: Daily drawdown 0.00% within limits
[2026-04-07 01:00:01] ✅ Consecutive Losses: Consecutive losses (0) within limits
[2026-04-07 01:00:01] ✅ Balance: Balance check skipped (no data)
[2026-04-07 01:00:01] ❌ API Connectivity: Bybit API credentials not configured
[2026-04-07 01:00:01] --------------------------------------------------
[2026-04-07 01:00:01] 🛑 CIRCUIT BREAKER: TRIPPED
[2026-04-07 01:00:01]    Reason: Bybit API credentials not configured
[2026-04-07 01:00:01]    Tripped at: 2026-04-07T00:00:02.220666
[2026-04-07 01:02:43] ==================================================
[2026-04-07 01:02:43] 🔍 Running Circuit Breaker Check
[2026-04-07 01:02:43] ✅ Daily Drawdown: Daily drawdown 0.00% within limits
[2026-04-07 01:02:43] ✅ Consecutive Losses: Consecutive losses (0) within limits
[2026-04-07 01:02:43] ✅ Balance: Balance check skipped (no data)
[2026-04-07 01:02:43] ❌ API Connectivity: Bybit API credentials not configured
[2026-04-07 01:02:43] --------------------------------------------------
[2026-04-07 01:02:43] 🛑 CIRCUIT BREAKER: TRIPPED
[2026-04-07 01:02:43]    Reason: Bybit API credentials not configured
[2026-04-07 01:02:43]    Tripped at: 2026-04-07T00:00:02.220666
[2026-04-07 01:05:01] ==================================================
[2026-04-07 01:05:01] 🔍 Running Circuit Breaker Check
[2026-04-07 01:05:01] ✅ Daily Drawdown: Daily drawdown 0.00% within limits
[2026-04-07 01:05:01] ✅ Consecutive Losses: Consecutive losses (0) within limits
[2026-04-07 01:05:01] ✅ Balance: Balance check skipped (no data)
[2026-04-07 01:05:01] ❌ API Connectivity: Bybit API credentials not configured
[2026-04-07 01:05:01] --------------------------------------------------
[2026-04-07 01:05:01] 🛑 CIRCUIT BREAKER: TRIPPED
[2026-04-07 01:05:01]    Reason: Bybit API credentials not configured
[2026-04-07 01:05:01]    Tripped at: 2026-04-07T00:00:02.220666
[2026-04-07 01:10:01] ==================================================
[2026-04-07 01:10:01] 🔍 Running Circuit Breaker Check
[2026-04-07 01:10:01] ✅ Daily Drawdown: Daily drawdown 0.00% within limits
[2026-04-07 01:10:01] ✅ Consecutive Losses: Consecutive losses (0) within limits
[2026-04-07 01:10:01] ✅ Balance: Balance check skipped (no data)
[2026-04-07 01:10:01] ❌ API Connectivity: Bybit API credentials not configured
[2026-04-07 01:10:01] --------------------------------------------------
[2026-04-07 01:10:01] 🛑 CIRCUIT BREAKER: TRIPPED
[2026-04-07 01:10:01]    Reason: Bybit API credentials not configured
[2026-04-07 01:10:01]    Tripped at: 2026-04-07T00:00:02.220666
[2026-04-07 01:10:19] ==================================================
[2026-04-07 01:10:19] 🔍 Running Circuit Breaker Check
[2026-04-07 01:10:19] ✅ Daily Drawdown: Daily drawdown 0.00% within limits
[2026-04-07 01:10:19] ✅ Consecutive Losses: Consecutive losses (0) within limits
[2026-04-07 01:10:19] ✅ Balance: Balance check skipped (no data)
[2026-04-07 01:10:19] ❌ API Connectivity: Bybit API credentials not configured
[2026-04-07 01:10:19] --------------------------------------------------
[2026-04-07 01:10:19] 🛑 CIRCUIT BREAKER: TRIPPED
[2026-04-07 01:10:19]    Reason: Bybit API credentials not configured
[2026-04-07 01:10:19]    Tripped at: 2026-04-07T00:00:02.220666
[2026-04-07 01:14:13] ==================================================
[2026-04-07 01:14:13] 🔍 Running Circuit Breaker Check
[2026-04-07 01:14:13] ✅ Daily Drawdown: Daily drawdown 0.00% within limits
[2026-04-07 01:14:13] ✅ Consecutive Losses: Consecutive losses (0) within limits
[2026-04-07 01:14:13] ✅ Balance: Balance check skipped (no data)
[2026-04-07 01:14:13] ❌ API Connectivity: Bybit API credentials not configured
[2026-04-07 01:14:13] --------------------------------------------------
[2026-04-07 01:14:13] 🛑 CIRCUIT BREAKER: TRIPPED
[2026-04-07 01:14:13]    Reason: Bybit API credentials not configured
[2026-04-07 01:14:13]    Tripped at: 2026-04-07T00:00:02.220666
[2026-04-07 01:15:01] ==================================================
[2026-04-07 01:15:01] 🔍 Running Circuit Breaker Check
[2026-04-07 01:15:01] ✅ Daily Drawdown: Daily drawdown 0.00% within limits
[2026-04-07 01:15:01] ✅ Consecutive Losses: Consecutive losses (0) within limits
[2026-04-07 01:15:01] ✅ Balance: Balance check skipped (no data)
[2026-04-07 01:15:01] ❌ API Connectivity: Bybit API credentials not configured
[2026-04-07 01:15:01] --------------------------------------------------
[2026-04-07 01:15:01] 🛑 CIRCUIT BREAKER: TRIPPED
[2026-04-07 01:15:01]    Reason: Bybit API credentials not configured
[2026-04-07 01:15:01]    Tripped at: 2026-04-07T00:00:02.220666
[2026-04-07 01:18:52] ==================================================
[2026-04-07 01:18:52] 🔍 Running Circuit Breaker Check
[2026-04-07 01:18:52] ✅ Daily Drawdown: Daily drawdown 0.00% within limits
[2026-04-07 01:18:52] ✅ Consecutive Losses: Consecutive losses (0) within limits
[2026-04-07 01:18:52] ✅ Balance: Balance check skipped (no data)
[2026-04-07 01:18:52] ❌ API Connectivity: Bybit API credentials not configured
[2026-04-07 01:18:52] --------------------------------------------------
[2026-04-07 01:18:52] 🛑 CIRCUIT BREAKER: TRIPPED
[2026-04-07 01:18:52]    Reason: Bybit API credentials not configured
[2026-04-07 01:18:52]    Tripped at: 2026-04-07T00:00:02.220666
[2026-04-07 01:20:01] ==================================================
[2026-04-07 01:20:01] 🔍 Running Circuit Breaker Check
[2026-04-07 01:20:01] ✅ Daily Drawdown: Daily drawdown 0.00% within limits
[2026-04-07 01:20:01] ✅ Consecutive Losses: Consecutive losses (0) within limits
[2026-04-07 01:20:01] ✅ Balance: Balance check skipped (no data)
[2026-04-07 01:20:01] ❌ API Connectivity: Bybit API credentials not configured
[2026-04-07 01:20:01] --------------------------------------------------
[2026-04-07 01:20:01] 🛑 CIRCUIT BREAKER: TRIPPED
[2026-04-07 01:20:01]    Reason: Bybit API credentials not configured
[2026-04-07 01:20:01]    Tripped at: 2026-04-07T00:00:02.220666
[2026-04-07 01:25:01] ==================================================
[2026-04-07 01:25:01] 🔍 Running Circuit Breaker Check
[2026-04-07 01:25:01] ✅ Daily Drawdown: Daily drawdown 0.00% within limits
[2026-04-07 01:25:01] ✅ Consecutive Losses: Consecutive losses (0) within limits
[2026-04-07 01:25:01] ✅ Balance: Balance check skipped (no data)
[2026-04-07 01:25:01] ❌ API Connectivity: Bybit API credentials not configured
[2026-04-07 01:25:01] --------------------------------------------------
[2026-04-07 01:25:01] 🛑 CIRCUIT BREAKER: TRIPPED
[2026-04-07 01:25:01]    Reason: Bybit API credentials not configured
[2026-04-07 01:25:01]    Tripped at: 2026-04-07T00:00:02.220666
[2026-04-07 01:30:02] ==================================================
[2026-04-07 01:30:02] 🔍 Running Circuit Breaker Check
[2026-04-07 01:30:02] ✅ Daily Drawdown: Daily drawdown 0.00% within limits
[2026-04-07 01:30:02] ✅ Consecutive Losses: Consecutive losses (0) within limits
[2026-04-07 01:30:02] ✅ Balance: Balance check skipped (no data)
[2026-04-07 01:30:02] ❌ API Connectivity: Bybit API credentials not configured
[2026-04-07 01:30:02] --------------------------------------------------
[2026-04-07 01:30:02] 🛑 CIRCUIT BREAKER: TRIPPED
[2026-04-07 01:30:02]    Reason: Bybit API credentials not configured
[2026-04-07 01:30:02]    Tripped at: 2026-04-07T00:00:02.220666
[2026-04-07 01:35:01] ==================================================
[2026-04-07 01:35:01] 🔍 Running Circuit Breaker Check
[2026-04-07 01:35:01] ✅ Daily Drawdown: Daily drawdown 0.00% within limits
[2026-04-07 01:35:01] ✅ Consecutive Losses: Consecutive losses (0) within limits
[2026-04-07 01:35:01] ✅ Balance: Balance check skipped (no data)
[2026-04-07 01:35:01] ❌ API Connectivity: Bybit API credentials not configured
[2026-04-07 01:35:01] --------------------------------------------------
[2026-04-07 01:35:01] 🛑 CIRCUIT BREAKER: TRIPPED
[2026-04-07 01:35:01]    Reason: Bybit API credentials not configured
[2026-04-07 01:35:01]    Tripped at: 2026-04-07T00:00:02.220666
[2026-04-07 01:40:02] ==================================================
[2026-04-07 01:40:02] 🔍 Running Circuit Breaker Check
[2026-04-07 01:40:02] ✅ Daily Drawdown: Daily drawdown 0.00% within limits
[2026-04-07 01:40:02] ✅ Consecutive Losses: Consecutive losses (0) within limits
[2026-04-07 01:40:02] ✅ Balance: Balance check skipped (no data)
[2026-04-07 01:40:02] ❌ API Connectivity: Bybit API credentials not configured
[2026-04-07 01:40:02] --------------------------------------------------
[2026-04-07 01:40:02] 🛑 CIRCUIT BREAKER: TRIPPED
[2026-04-07 01:40:02]    Reason: Bybit API credentials not configured
[2026-04-07 01:40:02]    Tripped at: 2026-04-07T00:00:02.220666
[2026-04-07 01:43:44] ==================================================
[2026-04-07 01:43:44] 🔍 Running Circuit Breaker Check
[2026-04-07 01:43:44] ✅ Daily Drawdown: Daily drawdown 0.00% within limits
[2026-04-07 01:43:44] ✅ Consecutive Losses: Consecutive losses (0) within limits
[2026-04-07 01:43:44] ✅ Balance: Balance check skipped (no data)
[2026-04-07 01:43:44] ❌ API Connectivity: Bybit API credentials not configured
[2026-04-07 01:43:44] --------------------------------------------------
[2026-04-07 01:43:44] 🛑 CIRCUIT BREAKER: TRIPPED
[2026-04-07 01:43:44]    Reason: Bybit API credentials not configured
[2026-04-07 01:43:44]    Tripped at: 2026-04-07T00:00:02.220666
[2026-04-07 01:45:01] ==================================================
[2026-04-07 01:45:01] 🔍 Running Circuit Breaker Check
[2026-04-07 01:45:01] ✅ Daily Drawdown: Daily drawdown 0.00% within limits
[2026-04-07 01:45:01] ✅ Consecutive Losses: Consecutive losses (0) within limits
[2026-04-07 01:45:01] ✅ Balance: Balance check skipped (no data)
[2026-04-07 01:45:01] ❌ API Connectivity: Bybit API credentials not configured
[2026-04-07 01:45:01] --------------------------------------------------
[2026-04-07 01:45:01] 🛑 CIRCUIT BREAKER: TRIPPED
[2026-04-07 01:45:01]    Reason: Bybit API credentials not configured
[2026-04-07 01:45:01]    Tripped at: 2026-04-07T00:00:02.220666
[2026-04-07 01:50:01] ==================================================
[2026-04-07 01:50:01] 🔍 Running Circuit Breaker Check
[2026-04-07 01:50:01] ✅ Daily Drawdown: Daily drawdown 0.00% within limits
[2026-04-07 01:50:01] ✅ Consecutive Losses: Consecutive losses (0) within limits
[2026-04-07 01:50:01] ✅ Balance: Balance check skipped (no data)
[2026-04-07 01:50:01] ❌ API Connectivity: Bybit API credentials not configured
[2026-04-07 01:50:01] --------------------------------------------------
[2026-04-07 01:50:01] 🛑 CIRCUIT BREAKER: TRIPPED
[2026-04-07 01:50:01]    Reason: Bybit API credentials not configured
[2026-04-07 01:50:01]    Tripped at: 2026-04-07T00:00:02.220666
[2026-04-07 01:54:00] ==================================================
[2026-04-07 01:54:00] 🔍 Running Circuit Breaker Check
[2026-04-07 01:54:00] ✅ Daily Drawdown: Daily drawdown 0.00% within limits
[2026-04-07 01:54:00] ✅ Consecutive Losses: Consecutive losses (0) within limits
[2026-04-07 01:54:00] ✅ Balance: Balance check skipped (no data)
[2026-04-07 01:54:00] ❌ API Connectivity: Bybit API credentials not configured
[2026-04-07 01:54:00] --------------------------------------------------
[2026-04-07 01:54:00] 🛑 CIRCUIT BREAKER: TRIPPED
[2026-04-07 01:54:00]    Reason: Bybit API credentials not configured
[2026-04-07 01:54:00]    Tripped at: 2026-04-07T00:00:02.220666
[2026-04-07 01:55:01] ==================================================
[2026-04-07 01:55:01] 🔍 Running Circuit Breaker Check
[2026-04-07 01:55:01] ✅ Daily Drawdown: Daily drawdown 0.00% within limits
[2026-04-07 01:55:01] ✅ Consecutive Losses: Consecutive losses (0) within limits
[2026-04-07 01:55:01] ✅ Balance: Balance check skipped (no data)
[2026-04-07 01:55:01] ❌ API Connectivity: Bybit API credentials not configured
[2026-04-07 01:55:01] --------------------------------------------------
[2026-04-07 01:55:01] 🛑 CIRCUIT BREAKER: TRIPPED
[2026-04-07 01:55:01]    Reason: Bybit API credentials not configured
[2026-04-07 01:55:01]    Tripped at: 2026-04-07T00:00:02.220666
[2026-04-07 01:58:49] ==================================================
[2026-04-07 01:58:49] 🔍 Running Circuit Breaker Check
[2026-04-07 01:58:49] ✅ Daily Drawdown: Daily drawdown 0.00% within limits
[2026-04-07 01:58:49] ✅ Consecutive Losses: Consecutive losses (0) within limits
[2026-04-07 01:58:49] ✅ Balance: Balance check skipped (no data)
[2026-04-07 01:58:49] ❌ API Connectivity: Bybit API credentials not configured
[2026-04-07 01:58:49] --------------------------------------------------
[2026-04-07 01:58:49] 🛑 CIRCUIT BREAKER: TRIPPED
[2026-04-07 01:58:49]    Reason: Bybit API credentials not configured
[2026-04-07 01:58:49]    Tripped at: 2026-04-07T00:00:02.220666
[2026-04-07 02:00:01] ==================================================
[2026-04-07 02:00:01] 🔍 Running Circuit Breaker Check
[2026-04-07 02:00:01] ✅ Daily Drawdown: Daily drawdown 0.00% within limits
[2026-04-07 02:00:01] ✅ Consecutive Losses: Consecutive losses (0) within limits
[2026-04-07 02:00:01] ✅ Balance: Balance check skipped (no data)
[2026-04-07 02:00:01] ❌ API Connectivity: Bybit API credentials not configured
[2026-04-07 02:00:01] --------------------------------------------------
[2026-04-07 02:00:01] 🛑 CIRCUIT BREAKER: TRIPPED
[2026-04-07 02:00:01]    Reason: Bybit API credentials not configured
[2026-04-07 02:00:01]    Tripped at: 2026-04-07T00:00:02.220666
[2026-04-07 02:05:02] ==================================================
[2026-04-07 02:05:02] 🔍 Running Circuit Breaker Check
[2026-04-07 02:05:02] ✅ Daily Drawdown: Daily drawdown 0.00% within limits
[2026-04-07 02:05:02] ✅ Consecutive Losses: Consecutive losses (0) within limits
[2026-04-07 02:05:02] ✅ Balance: Balance check skipped (no data)
[2026-04-07 02:05:02] ❌ API Connectivity: Bybit API credentials not configured
[2026-04-07 02:05:02] --------------------------------------------------
[2026-04-07 02:05:02] 🛑 CIRCUIT BREAKER: TRIPPED
[2026-04-07 02:05:02]    Reason: Bybit API credentials not configured
[2026-04-07 02:05:02]    Tripped at: 2026-04-07T00:00:02.220666
[2026-04-07 02:10:01] ==================================================
[2026-04-07 02:10:01] 🔍 Running Circuit Breaker Check
[2026-04-07 02:10:01] ✅ Daily Drawdown: Daily drawdown 0.00% within limits
[2026-04-07 02:10:01] ✅ Consecutive Losses: Consecutive losses (0) within limits
[2026-04-07 02:10:01] ✅ Balance: Balance check skipped (no data)
[2026-04-07 02:10:01] ❌ API Connectivity: Bybit API credentials not configured
[2026-04-07 02:10:01] --------------------------------------------------
[2026-04-07 02:10:01] 🛑 CIRCUIT BREAKER: TRIPPED
[2026-04-07 02:10:01]    Reason: Bybit API credentials not configured
[2026-04-07 02:10:01]    Tripped at: 2026-04-07T00:00:02.220666
[2026-04-07 02:15:01] ==================================================
[2026-04-07 02:15:01] 🔍 Running Circuit Breaker Check
[2026-04-07 02:15:01] ✅ Daily Drawdown: Daily drawdown 0.00% within limits
[2026-04-07 02:15:01] ✅ Consecutive Losses: Consecutive losses (0) within limits
[2026-04-07 02:15:01] ✅ Balance: Balance check skipped (no data)
[2026-04-07 02:15:01] ❌ API Connectivity: Bybit API credentials not configured
[2026-04-07 02:15:01] --------------------------------------------------
[2026-04-07 02:15:01] 🛑 CIRCUIT BREAKER: TRIPPED
[2026-04-07 02:15:01]    Reason: Bybit API credentials not configured
[2026-04-07 02:15:01]    Tripped at: 2026-04-07T00:00:02.220666
[2026-04-07 02:20:01] ==================================================
[2026-04-07 02:20:01] 🔍 Running Circuit Breaker Check
[2026-04-07 02:20:01] ✅ Daily Drawdown: Daily drawdown 0.00% within limits
[2026-04-07 02:20:01] ✅ Consecutive Losses: Consecutive losses (0) within limits
[2026-04-07 02:20:01] ✅ Balance: Balance check skipped (no data)
[2026-04-07 02:20:01] ❌ API Connectivity: Bybit API credentials not configured
[2026-04-07 02:20:01] --------------------------------------------------
[2026-04-07 02:20:01] 🛑 CIRCUIT BREAKER: TRIPPED
[2026-04-07 02:20:01]    Reason: Bybit API credentials not configured
[2026-04-07 02:20:01]    Tripped at: 2026-04-07T00:00:02.220666
[2026-04-07 02:23:30] ==================================================
[2026-04-07 02:23:30] 🔍 Running Circuit Breaker Check
[2026-04-07 02:23:30] ✅ Daily Drawdown: Daily drawdown 0.00% within limits
[2026-04-07 02:23:30] ✅ Consecutive Losses: Consecutive losses (0) within limits
[2026-04-07 02:23:30] ✅ Balance: Balance check skipped (no data)
[2026-04-07 02:23:30] ❌ API Connectivity: Bybit API credentials not configured
[2026-04-07 02:23:30] --------------------------------------------------
[2026-04-07 02:23:30] 🛑 CIRCUIT BREAKER: TRIPPED
[2026-04-07 02:23:30]    Reason: Bybit API credentials not configured
[2026-04-07 02:23:30]    Tripped at: 2026-04-07T00:00:02.220666
[2026-04-07 02:25:01] ==================================================
[2026-04-07 02:25:01] 🔍 Running Circuit Breaker Check
[2026-04-07 02:25:01] ✅ Daily Drawdown: Daily drawdown 0.00% within limits
[2026-04-07 02:25:01] ✅ Consecutive Losses: Consecutive losses (0) within limits
[2026-04-07 02:25:01] ✅ Balance: Balance check skipped (no data)
[2026-04-07 02:25:01] ❌ API Connectivity: Bybit API credentials not configured
[2026-04-07 02:25:01] --------------------------------------------------
[2026-04-07 02:25:01] 🛑 CIRCUIT BREAKER: TRIPPED
[2026-04-07 02:25:01]    Reason: Bybit API credentials not configured
[2026-04-07 02:25:01]    Tripped at: 2026-04-07T00:00:02.220666
[2026-04-07 02:30:01] ==================================================
[2026-04-07 02:30:01] 🔍 Running Circuit Breaker Check
[2026-04-07 02:30:01] ✅ Daily Drawdown: Daily drawdown 0.00% within limits
[2026-04-07 02:30:01] ✅ Consecutive Losses: Consecutive losses (0) within limits
[2026-04-07 02:30:01] ✅ Balance: Balance check skipped (no data)
[2026-04-07 02:30:01] ❌ API Connectivity: Bybit API credentials not configured
[2026-04-07 02:30:01] --------------------------------------------------
[2026-04-07 02:30:01] 🛑 CIRCUIT BREAKER: TRIPPED
[2026-04-07 02:30:01]    Reason: Bybit API credentials not configured
[2026-04-07 02:30:01]    Tripped at: 2026-04-07T00:00:02.220666
[2026-04-07 02:35:02] ==================================================
[2026-04-07 02:35:02] 🔍 Running Circuit Breaker Check
[2026-04-07 02:35:02] ✅ Daily Drawdown: Daily drawdown 0.00% within limits
[2026-04-07 02:35:02] ✅ Consecutive Losses: Consecutive losses (0) within limits
[2026-04-07 02:35:02] ✅ Balance: Balance check skipped (no data)
[2026-04-07 02:35:02] ❌ API Connectivity: Bybit API credentials not configured
[2026-04-07 02:35:02] --------------------------------------------------
[2026-04-07 02:35:02] 🛑 CIRCUIT BREAKER: TRIPPED
[2026-04-07 02:35:02]    Reason: Bybit API credentials not configured
[2026-04-07 02:35:02]    Tripped at: 2026-04-07T00:00:02.220666
[2026-04-07 02:40:01] ==================================================
[2026-04-07 02:40:01] 🔍 Running Circuit Breaker Check
[2026-04-07 02:40:01] ✅ Daily Drawdown: Daily drawdown 0.00% within limits
[2026-04-07 02:40:01] ✅ Consecutive Losses: Consecutive losses (0) within limits
[2026-04-07 02:40:01] ✅ Balance: Balance check skipped (no data)
[2026-04-07 02:40:01] ❌ API Connectivity: Bybit API credentials not configured
[2026-04-07 02:40:01] --------------------------------------------------
[2026-04-07 02:40:01] 🛑 CIRCUIT BREAKER: TRIPPED
[2026-04-07 02:40:01]    Reason: Bybit API credentials not configured
[2026-04-07 02:40:01]    Tripped at: 2026-04-07T00:00:02.220666
[2026-04-07 02:45:01] ==================================================
[2026-04-07 02:45:01] 🔍 Running Circuit Breaker Check
[2026-04-07 02:45:01] ✅ Daily Drawdown: Daily drawdown 0.00% within limits
[2026-04-07 02:45:01] ✅ Consecutive Losses: Consecutive losses (0) within limits
[2026-04-07 02:45:01] ✅ Balance: Balance check skipped (no data)
[2026-04-07 02:45:01] ❌ API Connectivity: Bybit API credentials not configured
[2026-04-07 02:45:01] --------------------------------------------------
[2026-04-07 02:45:01] 🛑 CIRCUIT BREAKER: TRIPPED
[2026-04-07 02:45:01]    Reason: Bybit API credentials not configured
[2026-04-07 02:45:01]    Tripped at: 2026-04-07T00:00:02.220666
[2026-04-07 02:50:01] ==================================================
[2026-04-07 02:50:01] 🔍 Running Circuit Breaker Check
[2026-04-07 02:50:01] ✅ Daily Drawdown: Daily drawdown 0.00% within limits
[2026-04-07 02:50:01] ✅ Consecutive Losses: Consecutive losses (0) within limits
[2026-04-07 02:50:01] ✅ Balance: Balance check skipped (no data)
[2026-04-07 02:50:01] ❌ API Connectivity: Bybit API credentials not configured
[2026-04-07 02:50:01] --------------------------------------------------
[2026-04-07 02:50:01] 🛑 CIRCUIT BREAKER: TRIPPED
[2026-04-07 02:50:01]    Reason: Bybit API credentials not configured
[2026-04-07 02:50:01]    Tripped at: 2026-04-07T00:00:02.220666
[2026-04-07 02:53:44] ==================================================
[2026-04-07 02:53:44] 🔍 Running Circuit Breaker Check
[2026-04-07 02:53:44] ✅ Daily Drawdown: Daily drawdown 0.00% within limits
[2026-04-07 02:53:44] ✅ Consecutive Losses: Consecutive losses (0) within limits
[2026-04-07 02:53:44] ✅ Balance: Balance check skipped (no data)
[2026-04-07 02:53:44] ❌ API Connectivity: Bybit API credentials not configured
[2026-04-07 02:53:44] --------------------------------------------------
[2026-04-07 02:53:44] 🛑 CIRCUIT BREAKER: TRIPPED
[2026-04-07 02:53:44]    Reason: Bybit API credentials not configured
[2026-04-07 02:53:44]    Tripped at: 2026-04-07T00:00:02.220666
[2026-04-07 02:55:01] ==================================================
[2026-04-07 02:55:01] 🔍 Running Circuit Breaker Check
[2026-04-07 02:55:01] ✅ Daily Drawdown: Daily drawdown 0.00% within limits
[2026-04-07 02:55:01] ✅ Consecutive Losses: Consecutive losses (0) within limits
[2026-04-07 02:55:01] ✅ Balance: Balance check skipped (no data)
[2026-04-07 02:55:01] ❌ API Connectivity: Bybit API credentials not configured
[2026-04-07 02:55:01] --------------------------------------------------
[2026-04-07 02:55:01] 🛑 CIRCUIT BREAKER: TRIPPED
[2026-04-07 02:55:01]    Reason: Bybit API credentials not configured
[2026-04-07 02:55:01]    Tripped at: 2026-04-07T00:00:02.220666
[2026-04-07 02:58:30] ==================================================
[2026-04-07 02:58:30] 🔍 Running Circuit Breaker Check
[2026-04-07 02:58:30] ✅ Daily Drawdown: Daily drawdown 0.00% within limits
[2026-04-07 02:58:30] ✅ Consecutive Losses: Consecutive losses (0) within limits
[2026-04-07 02:58:30] ✅ Balance: Balance check skipped (no data)
[2026-04-07 02:58:30] ❌ API Connectivity: Bybit API credentials not configured
[2026-04-07 02:58:30] --------------------------------------------------
[2026-04-07 02:58:30] 🛑 CIRCUIT BREAKER: TRIPPED
[2026-04-07 02:58:30]    Reason: Bybit API credentials not configured
[2026-04-07 02:58:30]    Tripped at: 2026-04-07T00:00:02.220666
[2026-04-07 03:00:02] ==================================================
[2026-04-07 03:00:02] 🔍 Running Circuit Breaker Check
[2026-04-07 03:00:02] ✅ Daily Drawdown: Daily drawdown 0.00% within limits
[2026-04-07 03:00:02] ✅ Consecutive Losses: Consecutive losses (0) within limits
[2026-04-07 03:00:02] ✅ Balance: Balance check skipped (no data)
[2026-04-07 03:00:02] ❌ API Connectivity: Bybit API credentials not configured
[2026-04-07 03:00:02] --------------------------------------------------
[2026-04-07 03:00:02] 🛑 CIRCUIT BREAKER: TRIPPED
[2026-04-07 03:00:02]    Reason: Bybit API credentials not configured
[2026-04-07 03:00:02]    Tripped at: 2026-04-07T00:00:02.220666
[2026-04-07 03:05:01] ==================================================
[2026-04-07 03:05:01] 🔍 Running Circuit Breaker Check
[2026-04-07 03:05:01] ✅ Daily Drawdown: Daily drawdown 0.00% within limits
[2026-04-07 03:05:01] ✅ Consecutive Losses: Consecutive losses (0) within limits
[2026-04-07 03:05:01] ✅ Balance: Balance check skipped (no data)
[2026-04-07 03:05:01] ❌ API Connectivity: Bybit API credentials not configured
[2026-04-07 03:05:01] --------------------------------------------------
[2026-04-07 03:05:01] 🛑 CIRCUIT BREAKER: TRIPPED
[2026-04-07 03:05:01]    Reason: Bybit API credentials not configured
[2026-04-07 03:05:01]    Tripped at: 2026-04-07T00:00:02.220666
[2026-04-07 03:09:27] ==================================================
[2026-04-07 03:09:27] 🔍 Running Circuit Breaker Check
[2026-04-07 03:09:27] ✅ Daily Drawdown: Daily drawdown 0.00% within limits
[2026-04-07 03:09:27] ✅ Consecutive Losses: Consecutive losses (0) within limits
[2026-04-07 03:09:27] ✅ Balance: Balance check skipped (no data)
[2026-04-07 03:09:27] ❌ API Connectivity: Bybit API credentials not configured
[2026-04-07 03:09:27] --------------------------------------------------
[2026-04-07 03:09:27] 🛑 CIRCUIT BREAKER: TRIPPED
[2026-04-07 03:09:27]    Reason: Bybit API credentials not configured
[2026-04-07 03:09:27]    Tripped at: 2026-04-07T00:00:02.220666
[2026-04-07 03:10:01] ==================================================
[2026-04-07 03:10:01] 🔍 Running Circuit Breaker Check
[2026-04-07 03:10:01] ✅ Daily Drawdown: Daily drawdown 0.00% within limits
[2026-04-07 03:10:01] ✅ Consecutive Losses: Consecutive losses (0) within limits
[2026-04-07 03:10:01] ✅ Balance: Balance check skipped (no data)
[2026-04-07 03:10:01] ❌ API Connectivity: Bybit API credentials not configured
[2026-04-07 03:10:01] --------------------------------------------------
[2026-04-07 03:10:01] 🛑 CIRCUIT BREAKER: TRIPPED
[2026-04-07 03:10:01]    Reason: Bybit API credentials not configured
[2026-04-07 03:10:01]    Tripped at: 2026-04-07T00:00:02.220666
[2026-04-07 03:15:01] ==================================================
[2026-04-07 03:15:01] 🔍 Running Circuit Breaker Check
[2026-04-07 03:15:01] ✅ Daily Drawdown: Daily drawdown 0.00% within limits
[2026-04-07 03:15:01] ✅ Consecutive Losses: Consecutive losses (0) within limits
[2026-04-07 03:15:01] ✅ Balance: Balance check skipped (no data)
[2026-04-07 03:15:01] ❌ API Connectivity: Bybit API credentials not configured
[2026-04-07 03:15:01] --------------------------------------------------
[2026-04-07 03:15:01] 🛑 CIRCUIT BREAKER: TRIPPED
[2026-04-07 03:15:01]    Reason: Bybit API credentials not configured
[2026-04-07 03:15:01]    Tripped at: 2026-04-07T00:00:02.220666
[2026-04-07 03:20:01] ==================================================
[2026-04-07 03:20:01] 🔍 Running Circuit Breaker Check
[2026-04-07 03:20:01] ✅ Daily Drawdown: Daily drawdown 0.00% within limits
[2026-04-07 03:20:01] ✅ Consecutive Losses: Consecutive losses (0) within limits
[2026-04-07 03:20:01] ✅ Balance: Balance check skipped (no data)
[2026-04-07 03:20:01] ❌ API Connectivity: Bybit API credentials not configured
[2026-04-07 03:20:01] --------------------------------------------------
[2026-04-07 03:20:01] 🛑 CIRCUIT BREAKER: TRIPPED
[2026-04-07 03:20:01]    Reason: Bybit API credentials not configured
[2026-04-07 03:20:01]    Tripped at: 2026-04-07T00:00:02.220666
[2026-04-07 03:25:01] ==================================================
[2026-04-07 03:25:01] 🔍 Running Circuit Breaker Check
[2026-04-07 03:25:01] ✅ Daily Drawdown: Daily drawdown 0.00% within limits
[2026-04-07 03:25:01] ✅ Consecutive Losses: Consecutive losses (0) within limits
[2026-04-07 03:25:01] ✅ Balance: Balance check skipped (no data)
[2026-04-07 03:25:01] ❌ API Connectivity: Bybit API credentials not configured
[2026-04-07 03:25:01] --------------------------------------------------
[2026-04-07 03:25:01] 🛑 CIRCUIT BREAKER: TRIPPED
[2026-04-07 03:25:01]    Reason: Bybit API credentials not configured
[2026-04-07 03:25:01]    Tripped at: 2026-04-07T00:00:02.220666
[2026-04-07 03:26:51] ==================================================
[2026-04-07 03:26:51] 🔍 Running Circuit Breaker Check
[2026-04-07 03:26:51] ✅ Daily Drawdown: Daily drawdown 0.00% within limits
[2026-04-07 03:26:51] ✅ Consecutive Losses: Consecutive losses (0) within limits
[2026-04-07 03:26:51] ✅ Balance: Balance check skipped (no data)
[2026-04-07 03:26:51] ❌ API Connectivity: Bybit API credentials not configured
[2026-04-07 03:26:51] --------------------------------------------------
[2026-04-07 03:26:51] 🛑 CIRCUIT BREAKER: TRIPPED
[2026-04-07 03:26:51]    Reason: Bybit API credentials not configured
[2026-04-07 03:26:51]    Tripped at: 2026-04-07T00:00:02.220666
[2026-04-07 03:30:01] ==================================================
[2026-04-07 03:30:01] 🔍 Running Circuit Breaker Check
[2026-04-07 03:30:01] ✅ Daily Drawdown: Daily drawdown 0.00% within limits
[2026-04-07 03:30:01] ✅ Consecutive Losses: Consecutive losses (0) within limits
[2026-04-07 03:30:01] ✅ Balance: Balance check skipped (no data)
[2026-04-07 03:30:01] ❌ API Connectivity: Bybit API credentials not configured
[2026-04-07 03:30:01] --------------------------------------------------
[2026-04-07 03:30:01] 🛑 CIRCUIT BREAKER: TRIPPED
[2026-04-07 03:30:01]    Reason: Bybit API credentials not configured
[2026-04-07 03:30:01]    Tripped at: 2026-04-07T00:00:02.220666
[2026-04-07 03:35:01] ==================================================
[2026-04-07 03:35:01] 🔍 Running Circuit Breaker Check
[2026-04-07 03:35:01] ✅ Daily Drawdown: Daily drawdown 0.00% within limits
[2026-04-07 03:35:01] ✅ Consecutive Losses: Consecutive losses (0) within limits
[2026-04-07 03:35:01] ✅ Balance: Balance check skipped (no data)
[2026-04-07 03:35:01] ❌ API Connectivity: Bybit API credentials not configured
[2026-04-07 03:35:01] --------------------------------------------------
[2026-04-07 03:35:01] 🛑 CIRCUIT BREAKER: TRIPPED
[2026-04-07 03:35:01]    Reason: Bybit API credentials not configured
[2026-04-07 03:35:01]    Tripped at: 2026-04-07T00:00:02.220666
[2026-04-07 03:40:01] ==================================================
[2026-04-07 03:40:01] 🔍 Running Circuit Breaker Check
[2026-04-07 03:40:01] ✅ Daily Drawdown: Daily drawdown 0.00% within limits
[2026-04-07 03:40:01] ✅ Consecutive Losses: Consecutive losses (0) within limits
[2026-04-07 03:40:01] ✅ Balance: Balance check skipped (no data)
[2026-04-07 03:40:01] ❌ API Connectivity: Bybit API credentials not configured
[2026-04-07 03:40:01] --------------------------------------------------
[2026-04-07 03:40:01] 🛑 CIRCUIT BREAKER: TRIPPED
[2026-04-07 03:40:01]    Reason: Bybit API credentials not configured
[2026-04-07 03:40:01]    Tripped at: 2026-04-07T00:00:02.220666
[2026-04-07 03:45:02] ==================================================
[2026-04-07 03:45:02] 🔍 Running Circuit Breaker Check
[2026-04-07 03:45:02] ✅ Daily Drawdown: Daily drawdown 0.00% within limits
[2026-04-07 03:45:02] ✅ Consecutive Losses: Consecutive losses (0) within limits
[2026-04-07 03:45:02] ✅ Balance: Balance check skipped (no data)
[2026-04-07 03:45:02] ❌ API Connectivity: Bybit API credentials not configured
[2026-04-07 03:45:02] --------------------------------------------------
[2026-04-07 03:45:02] 🛑 CIRCUIT BREAKER: TRIPPED
[2026-04-07 03:45:02]    Reason: Bybit API credentials not configured
[2026-04-07 03:45:02]    Tripped at: 2026-04-07T00:00:02.220666
[2026-04-07 03:50:01] ==================================================
[2026-04-07 03:50:01] 🔍 Running Circuit Breaker Check
[2026-04-07 03:50:01] ✅ Daily Drawdown: Daily drawdown 0.00% within limits
[2026-04-07 03:50:01] ✅ Consecutive Losses: Consecutive losses (0) within limits
[2026-04-07 03:50:01] ✅ Balance: Balance check skipped (no data)
[2026-04-07 03:50:01] ❌ API Connectivity: Bybit API credentials not configured
[2026-04-07 03:50:01] --------------------------------------------------
[2026-04-07 03:50:01] 🛑 CIRCUIT BREAKER: TRIPPED
[2026-04-07 03:50:01]    Reason: Bybit API credentials not configured
[2026-04-07 03:50:01]    Tripped at: 2026-04-07T00:00:02.220666
[2026-04-07 03:55:01] ==================================================
[2026-04-07 03:55:01] 🔍 Running Circuit Breaker Check
[2026-04-07 03:55:01] ✅ Daily Drawdown: Daily drawdown 0.00% within limits
[2026-04-07 03:55:01] ✅ Consecutive Losses: Consecutive losses (0) within limits
[2026-04-07 03:55:01] ✅ Balance: Balance check skipped (no data)
[2026-04-07 03:55:01] ❌ API Connectivity: Bybit API credentials not configured
[2026-04-07 03:55:01] --------------------------------------------------
[2026-04-07 03:55:01] 🛑 CIRCUIT BREAKER: TRIPPED
[2026-04-07 03:55:01]    Reason: Bybit API credentials not configured
[2026-04-07 03:55:01]    Tripped at: 2026-04-07T00:00:02.220666
[2026-04-07 04:00:01] ==================================================
[2026-04-07 04:00:01] 🔍 Running Circuit Breaker Check
[2026-04-07 04:00:01] ✅ Daily Drawdown: Daily drawdown 0.00% within limits
[2026-04-07 04:00:01] ✅ Consecutive Losses: Consecutive losses (0) within limits
[2026-04-07 04:00:01] ✅ Balance: Balance check skipped (no data)
[2026-04-07 04:00:01] ❌ API Connectivity: Bybit API credentials not configured
[2026-04-07 04:00:01] --------------------------------------------------
[2026-04-07 04:00:01] 🛑 CIRCUIT BREAKER: TRIPPED
[2026-04-07 04:00:01]    Reason: Bybit API credentials not configured
[2026-04-07 04:00:01]    Tripped at: 2026-04-07T00:00:02.220666
[2026-04-07 04:02:22] ==================================================
[2026-04-07 04:02:22] 🔍 Running Circuit Breaker Check
[2026-04-07 04:02:22] ✅ Daily Drawdown: Daily drawdown 0.00% within limits
[2026-04-07 04:02:22] ✅ Consecutive Losses: Consecutive losses (0) within limits
[2026-04-07 04:02:22] ✅ Balance: Balance check skipped (no data)
[2026-04-07 04:02:22] ❌ API Connectivity: Bybit API credentials not configured
[2026-04-07 04:02:22] --------------------------------------------------
[2026-04-07 04:02:22] 🛑 CIRCUIT BREAKER: TRIPPED
[2026-04-07 04:02:22]    Reason: Bybit API credentials not configured
[2026-04-07 04:02:22]    Tripped at: 2026-04-07T00:00:02.220666
[2026-04-07 04:05:01] ==================================================
[2026-04-07 04:05:01] 🔍 Running Circuit Breaker Check
[2026-04-07 04:05:01] ✅ Daily Drawdown: Daily drawdown 0.00% within limits
[2026-04-07 04:05:01] ✅ Consecutive Losses: Consecutive losses (0) within limits
[2026-04-07 04:05:01] ✅ Balance: Balance check skipped (no data)
[2026-04-07 04:05:01] ❌ API Connectivity: Bybit API credentials not configured
[2026-04-07 04:05:01] --------------------------------------------------
[2026-04-07 04:05:01] 🛑 CIRCUIT BREAKER: TRIPPED
[2026-04-07 04:05:01]    Reason: Bybit API credentials not configured
[2026-04-07 04:05:01]    Tripped at: 2026-04-07T00:00:02.220666
[2026-04-07 04:10:01] ==================================================
[2026-04-07 04:10:01] 🔍 Running Circuit Breaker Check
[2026-04-07 04:10:01] ✅ Daily Drawdown: Daily drawdown 0.00% within limits
[2026-04-07 04:10:01] ✅ Consecutive Losses: Consecutive losses (0) within limits
[2026-04-07 04:10:01] ✅ Balance: Balance check skipped (no data)
[2026-04-07 04:10:01] ❌ API Connectivity: Bybit API credentials not configured
[2026-04-07 04:10:01] --------------------------------------------------
[2026-04-07 04:10:01] 🛑 CIRCUIT BREAKER: TRIPPED
[2026-04-07 04:10:01]    Reason: Bybit API credentials not configured
[2026-04-07 04:10:01]    Tripped at: 2026-04-07T00:00:02.220666
[2026-04-07 04:15:01] ==================================================
[2026-04-07 04:15:01] 🔍 Running Circuit Breaker Check
[2026-04-07 04:15:01] ✅ Daily Drawdown: Daily drawdown 0.00% within limits
[2026-04-07 04:15:01] ✅ Consecutive Losses: Consecutive losses (0) within limits
[2026-04-07 04:15:01] ✅ Balance: Balance check skipped (no data)
[2026-04-07 04:15:01] ❌ API Connectivity: Bybit API credentials not configured
[2026-04-07 04:15:01] --------------------------------------------------
[2026-04-07 04:15:01] 🛑 CIRCUIT BREAKER: TRIPPED
[2026-04-07 04:15:01]    Reason: Bybit API credentials not configured
[2026-04-07 04:15:01]    Tripped at: 2026-04-07T00:00:02.220666
[2026-04-07 04:20:02] ==================================================
[2026-04-07 04:20:02] 🔍 Running Circuit Breaker Check
[2026-04-07 04:20:02] ✅ Daily Drawdown: Daily drawdown 0.00% within limits
[2026-04-07 04:20:02] ✅ Consecutive Losses: Consecutive losses (0) within limits
[2026-04-07 04:20:02] ✅ Balance: Balance check skipped (no data)
[2026-04-07 04:20:02] ❌ API Connectivity: Bybit API credentials not configured
[2026-04-07 04:20:02] --------------------------------------------------
[2026-04-07 04:20:02] 🛑 CIRCUIT BREAKER: TRIPPED
[2026-04-07 04:20:02]    Reason: Bybit API credentials not configured
[2026-04-07 04:20:02]    Tripped at: 2026-04-07T00:00:02.220666
[2026-04-07 04:25:02] ==================================================
[2026-04-07 04:25:02] 🔍 Running Circuit Breaker Check
[2026-04-07 04:25:02] ✅ Daily Drawdown: Daily drawdown 0.00% within limits
[2026-04-07 04:25:02] ✅ Consecutive Losses: Consecutive losses (0) within limits
[2026-04-07 04:25:02] ✅ Balance: Balance check skipped (no data)
[2026-04-07 04:25:02] ❌ API Connectivity: Bybit API credentials not configured
[2026-04-07 04:25:02] --------------------------------------------------
[2026-04-07 04:25:02] 🛑 CIRCUIT BREAKER: TRIPPED
[2026-04-07 04:25:02]    Reason: Bybit API credentials not configured
[2026-04-07 04:25:02]    Tripped at: 2026-04-07T00:00:02.220666
[2026-04-07 04:30:01] ==================================================
[2026-04-07 04:30:01] 🔍 Running Circuit Breaker Check
[2026-04-07 04:30:01] ✅ Daily Drawdown: Daily drawdown 0.00% within limits
[2026-04-07 04:30:01] ✅ Consecutive Losses: Consecutive losses (0) within limits
[2026-04-07 04:30:01] ✅ Balance: Balance check skipped (no data)
[2026-04-07 04:30:01] ❌ API Connectivity: Bybit API credentials not configured
[2026-04-07 04:30:01] --------------------------------------------------
[2026-04-07 04:30:01] 🛑 CIRCUIT BREAKER: TRIPPED
[2026-04-07 04:30:01]    Reason: Bybit API credentials not configured
[2026-04-07 04:30:01]    Tripped at: 2026-04-07T00:00:02.220666
[2026-04-07 04:35:02] ==================================================
[2026-04-07 04:35:02] 🔍 Running Circuit Breaker Check
[2026-04-07 04:35:02] ✅ Daily Drawdown: Daily drawdown 0.00% within limits
[2026-04-07 04:35:02] ✅ Consecutive Losses: Consecutive losses (0) within limits
[2026-04-07 04:35:02] ✅ Balance: Balance check skipped (no data)
[2026-04-07 04:35:02] ❌ API Connectivity: Bybit API credentials not configured
[2026-04-07 04:35:02] --------------------------------------------------
[2026-04-07 04:35:02] 🛑 CIRCUIT BREAKER: TRIPPED
[2026-04-07 04:35:02]    Reason: Bybit API credentials not configured
[2026-04-07 04:35:02]    Tripped at: 2026-04-07T00:00:02.220666
[2026-04-07 04:40:01] ==================================================
[2026-04-07 04:40:01] 🔍 Running Circuit Breaker Check
[2026-04-07 04:40:01] ✅ Daily Drawdown: Daily drawdown 0.00% within limits
[2026-04-07 04:40:01] ✅ Consecutive Losses: Consecutive losses (0) within limits
[2026-04-07 04:40:01] ✅ Balance: Balance check skipped (no data)
[2026-04-07 04:40:01] ❌ API Connectivity: Bybit API credentials not configured
[2026-04-07 04:40:01] --------------------------------------------------
[2026-04-07 04:40:01] 🛑 CIRCUIT BREAKER: TRIPPED
[2026-04-07 04:40:01]    Reason: Bybit API credentials not configured
[2026-04-07 04:40:01]    Tripped at: 2026-04-07T00:00:02.220666
[2026-04-07 04:45:01] ==================================================
[2026-04-07 04:45:01] 🔍 Running Circuit Breaker Check
[2026-04-07 04:45:01] ✅ Daily Drawdown: Daily drawdown 0.00% within limits
[2026-04-07 04:45:01] ✅ Consecutive Losses: Consecutive losses (0) within limits
[2026-04-07 04:45:01] ✅ Balance: Balance check skipped (no data)
[2026-04-07 04:45:01] ❌ API Connectivity: Bybit API credentials not configured
[2026-04-07 04:45:01] --------------------------------------------------
[2026-04-07 04:45:01] 🛑 CIRCUIT BREAKER: TRIPPED
[2026-04-07 04:45:01]    Reason: Bybit API credentials not configured
[2026-04-07 04:45:01]    Tripped at: 2026-04-07T00:00:02.220666
[2026-04-07 04:50:01] ==================================================
[2026-04-07 04:50:01] 🔍 Running Circuit Breaker Check
[2026-04-07 04:50:01] ✅ Daily Drawdown: Daily drawdown 0.00% within limits
[2026-04-07 04:50:01] ✅ Consecutive Losses: Consecutive losses (0) within limits
[2026-04-07 04:50:01] ✅ Balance: Balance check skipped (no data)
[2026-04-07 04:50:01] ❌ API Connectivity: Bybit API credentials not configured
[2026-04-07 04:50:01] --------------------------------------------------
[2026-04-07 04:50:01] 🛑 CIRCUIT BREAKER: TRIPPED
[2026-04-07 04:50:01]    Reason: Bybit API credentials not configured
[2026-04-07 04:50:01]    Tripped at: 2026-04-07T00:00:02.220666
[2026-04-07 04:55:02] ==================================================
[2026-04-07 04:55:02] 🔍 Running Circuit Breaker Check
[2026-04-07 04:55:02] ✅ Daily Drawdown: Daily drawdown 0.00% within limits
[2026-04-07 04:55:02] ✅ Consecutive Losses: Consecutive losses (0) within limits
[2026-04-07 04:55:02] ✅ Balance: Balance check skipped (no data)
[2026-04-07 04:55:02] ❌ API Connectivity: Bybit API credentials not configured
[2026-04-07 04:55:02] --------------------------------------------------
[2026-04-07 04:55:02] 🛑 CIRCUIT BREAKER: TRIPPED
[2026-04-07 04:55:02]    Reason: Bybit API credentials not configured
[2026-04-07 04:55:02]    Tripped at: 2026-04-07T00:00:02.220666
[2026-04-07 05:00:01] ==================================================
[2026-04-07 05:00:01] 🔍 Running Circuit Breaker Check
[2026-04-07 05:00:01] ✅ Daily Drawdown: Daily drawdown 0.00% within limits
[2026-04-07 05:00:01] ✅ Consecutive Losses: Consecutive losses (0) within limits
[2026-04-07 05:00:01] ✅ Balance: Balance check skipped (no data)
[2026-04-07 05:00:01] ❌ API Connectivity: Bybit API credentials not configured
[2026-04-07 05:00:01] --------------------------------------------------
[2026-04-07 05:00:01] 🛑 CIRCUIT BREAKER: TRIPPED
[2026-04-07 05:00:01]    Reason: Bybit API credentials not configured
[2026-04-07 05:00:01]    Tripped at: 2026-04-07T00:00:02.220666
[2026-04-07 05:05:01] ==================================================
[2026-04-07 05:05:01] 🔍 Running Circuit Breaker Check
[2026-04-07 05:05:01] ✅ Daily Drawdown: Daily drawdown 0.00% within limits
[2026-04-07 05:05:01] ✅ Consecutive Losses: Consecutive losses (0) within limits
[2026-04-07 05:05:01] ✅ Balance: Balance check skipped (no data)
[2026-04-07 05:05:01] ❌ API Connectivity: Bybit API credentials not configured
[2026-04-07 05:05:01] --------------------------------------------------
[2026-04-07 05:05:01] 🛑 CIRCUIT BREAKER: TRIPPED
[2026-04-07 05:05:01]    Reason: Bybit API credentials not configured
[2026-04-07 05:05:01]    Tripped at: 2026-04-07T00:00:02.220666
[2026-04-07 05:08:49] ==================================================
[2026-04-07 05:08:49] 🔍 Running Circuit Breaker Check
[2026-04-07 05:08:49] ✅ Daily Drawdown: Daily drawdown 0.00% within limits
[2026-04-07 05:08:49] ✅ Consecutive Losses: Consecutive losses (0) within limits
[2026-04-07 05:08:49] ✅ Balance: Balance check skipped (no data)
[2026-04-07 05:08:49] ❌ API Connectivity: Bybit API credentials not configured
[2026-04-07 05:08:49] --------------------------------------------------
[2026-04-07 05:08:49] 🛑 CIRCUIT BREAKER: TRIPPED
[2026-04-07 05:08:49]    Reason: Bybit API credentials not configured
[2026-04-07 05:08:49]    Tripped at: 2026-04-07T00:00:02.220666
[2026-04-07 05:10:01] ==================================================
[2026-04-07 05:10:01] 🔍 Running Circuit Breaker Check
[2026-04-07 05:10:01] ✅ Daily Drawdown: Daily drawdown 0.00% within limits
[2026-04-07 05:10:01] ✅ Consecutive Losses: Consecutive losses (0) within limits
[2026-04-07 05:10:01] ✅ Balance: Balance check skipped (no data)
[2026-04-07 05:10:01] ❌ API Connectivity: Bybit API credentials not configured
[2026-04-07 05:10:01] --------------------------------------------------
[2026-04-07 05:10:01] 🛑 CIRCUIT BREAKER: TRIPPED
[2026-04-07 05:10:01]    Reason: Bybit API credentials not configured
[2026-04-07 05:10:01]    Tripped at: 2026-04-07T00:00:02.220666
[2026-04-07 05:14:21] ==================================================
[2026-04-07 05:14:21] 🔍 Running Circuit Breaker Check
[2026-04-07 05:14:21] ✅ Daily Drawdown: Daily drawdown 0.00% within limits
[2026-04-07 05:14:21] ✅ Consecutive Losses: Consecutive losses (0) within limits
[2026-04-07 05:14:21] ✅ Balance: Balance check skipped (no data)
[2026-04-07 05:14:21] ❌ API Connectivity: Bybit API credentials not configured
[2026-04-07 05:14:21] --------------------------------------------------
[2026-04-07 05:14:21] 🛑 CIRCUIT BREAKER: TRIPPED
[2026-04-07 05:14:21]    Reason: Bybit API credentials not configured
[2026-04-07 05:14:21]    Tripped at: 2026-04-07T00:00:02.220666
[2026-04-07 05:15:02] ==================================================
[2026-04-07 05:15:02] 🔍 Running Circuit Breaker Check
[2026-04-07 05:15:02] ✅ Daily Drawdown: Daily drawdown 0.00% within limits
[2026-04-07 05:15:02] ✅ Consecutive Losses: Consecutive losses (0) within limits
[2026-04-07 05:15:02] ✅ Balance: Balance check skipped (no data)
[2026-04-07 05:15:02] ❌ API Connectivity: Bybit API credentials not configured
[2026-04-07 05:15:02] --------------------------------------------------
[2026-04-07 05:15:02] 🛑 CIRCUIT BREAKER: TRIPPED
[2026-04-07 05:15:02]    Reason: Bybit API credentials not configured
[2026-04-07 05:15:02]    Tripped at: 2026-04-07T00:00:02.220666
[2026-04-07 05:20:02] ==================================================
[2026-04-07 05:20:02] 🔍 Running Circuit Breaker Check
[2026-04-07 05:20:02] ✅ Daily Drawdown: Daily drawdown 0.00% within limits
[2026-04-07 05:20:02] ✅ Consecutive Losses: Consecutive losses (0) within limits
[2026-04-07 05:20:02] ✅ Balance: Balance check skipped (no data)
[2026-04-07 05:20:02] ❌ API Connectivity: Bybit API credentials not configured
[2026-04-07 05:20:02] --------------------------------------------------
[2026-04-07 05:20:02] 🛑 CIRCUIT BREAKER: TRIPPED
[2026-04-07 05:20:02]    Reason: Bybit API credentials not configured
[2026-04-07 05:20:02]    Tripped at: 2026-04-07T00:00:02.220666
[2026-04-07 05:25:02] ==================================================
[2026-04-07 05:25:02] 🔍 Running Circuit Breaker Check
[2026-04-07 05:25:02] ✅ Daily Drawdown: Daily drawdown 0.00% within limits
[2026-04-07 05:25:02] ✅ Consecutive Losses: Consecutive losses (0) within limits
[2026-04-07 05:25:02] ✅ Balance: Balance check skipped (no data)
[2026-04-07 05:25:02] ❌ API Connectivity: Bybit API credentials not configured
[2026-04-07 05:25:02] --------------------------------------------------
[2026-04-07 05:25:02] 🛑 CIRCUIT BREAKER: TRIPPED
[2026-04-07 05:25:02]    Reason: Bybit API credentials not configured
[2026-04-07 05:25:02]    Tripped at: 2026-04-07T00:00:02.220666
[2026-04-07 05:26:14] ==================================================
[2026-04-07 05:26:14] 🔍 Running Circuit Breaker Check
[2026-04-07 05:26:14] ✅ Daily Drawdown: Daily drawdown 0.00% within limits
[2026-04-07 05:26:14] ✅ Consecutive Losses: Consecutive losses (0) within limits
[2026-04-07 05:26:14] ✅ Balance: Balance check skipped (no data)
[2026-04-07 05:26:14] ❌ API Connectivity: Bybit API credentials not configured
[2026-04-07 05:26:14] --------------------------------------------------
[2026-04-07 05:26:14] 🛑 CIRCUIT BREAKER: TRIPPED
[2026-04-07 05:26:14]    Reason: Bybit API credentials not configured
[2026-04-07 05:26:14]    Tripped at: 2026-04-07T00:00:02.220666
[2026-04-07 05:30:01] ==================================================
[2026-04-07 05:30:01] 🔍 Running Circuit Breaker Check
[2026-04-07 05:30:01] ✅ Daily Drawdown: Daily drawdown 0.00% within limits
[2026-04-07 05:30:02] ✅ Consecutive Losses: Consecutive losses (0) within limits
[2026-04-07 05:30:02] ✅ Balance: Balance check skipped (no data)
[2026-04-07 05:30:02] ❌ API Connectivity: Bybit API credentials not configured
[2026-04-07 05:30:02] --------------------------------------------------
[2026-04-07 05:30:02] 🛑 CIRCUIT BREAKER: TRIPPED
[2026-04-07 05:30:02]    Reason: Bybit API credentials not configured
[2026-04-07 05:30:02]    Tripped at: 2026-04-07T00:00:02.220666
[2026-04-07 05:35:01] ==================================================
[2026-04-07 05:35:01] 🔍 Running Circuit Breaker Check
[2026-04-07 05:35:01] ✅ Daily Drawdown: Daily drawdown 0.00% within limits
[2026-04-07 05:35:01] ✅ Consecutive Losses: Consecutive losses (0) within limits
[2026-04-07 05:35:01] ✅ Balance: Balance check skipped (no data)
[2026-04-07 05:35:01] ❌ API Connectivity: Bybit API credentials not configured
[2026-04-07 05:35:01] --------------------------------------------------
[2026-04-07 05:35:01] 🛑 CIRCUIT BREAKER: TRIPPED
[2026-04-07 05:35:01]    Reason: Bybit API credentials not configured
[2026-04-07 05:35:01]    Tripped at: 2026-04-07T00:00:02.220666
[2026-04-07 05:40:01] ==================================================
[2026-04-07 05:40:01] 🔍 Running Circuit Breaker Check
[2026-04-07 05:40:01] ✅ Daily Drawdown: Daily drawdown 0.00% within limits
[2026-04-07 05:40:01] ✅ Consecutive Losses: Consecutive losses (0) within limits
[2026-04-07 05:40:01] ✅ Balance: Balance check skipped (no data)
[2026-04-07 05:40:01] ❌ API Connectivity: Bybit API credentials not configured
[2026-04-07 05:40:01] --------------------------------------------------
[2026-04-07 05:40:01] 🛑 CIRCUIT BREAKER: TRIPPED
[2026-04-07 05:40:01]    Reason: Bybit API credentials not configured
[2026-04-07 05:40:01]    Tripped at: 2026-04-07T00:00:02.220666
[2026-04-07 05:45:01] ==================================================
[2026-04-07 05:45:01] 🔍 Running Circuit Breaker Check
[2026-04-07 05:45:01] ✅ Daily Drawdown: Daily drawdown 0.00% within limits
[2026-04-07 05:45:01] ✅ Consecutive Losses: Consecutive losses (0) within limits
[2026-04-07 05:45:01] ✅ Balance: Balance check skipped (no data)
[2026-04-07 05:45:01] ❌ API Connectivity: Bybit API credentials not configured
[2026-04-07 05:45:01] --------------------------------------------------
[2026-04-07 05:45:01] 🛑 CIRCUIT BREAKER: TRIPPED
[2026-04-07 05:45:01]    Reason: Bybit API credentials not configured
[2026-04-07 05:45:01]    Tripped at: 2026-04-07T00:00:02.220666
[2026-04-07 05:50:01] ==================================================
[2026-04-07 05:50:01] 🔍 Running Circuit Breaker Check
[2026-04-07 05:50:01] ✅ Daily Drawdown: Daily drawdown 0.00% within limits
[2026-04-07 05:50:01] ✅ Consecutive Losses: Consecutive losses (0) within limits
[2026-04-07 05:50:01] ✅ Balance: Balance check skipped (no data)
[2026-04-07 05:50:01] ❌ API Connectivity: Bybit API credentials not configured
[2026-04-07 05:50:01] --------------------------------------------------
[2026-04-07 05:50:01] 🛑 CIRCUIT BREAKER: TRIPPED
[2026-04-07 05:50:01]    Reason: Bybit API credentials not configured
[2026-04-07 05:50:01]    Tripped at: 2026-04-07T00:00:02.220666
[2026-04-07 05:53:31] ==================================================
[2026-04-07 05:53:31] 🔍 Running Circuit Breaker Check
[2026-04-07 05:53:31] ✅ Daily Drawdown: Daily drawdown 0.00% within limits
[2026-04-07 05:53:31] ✅ Consecutive Losses: Consecutive losses (0) within limits
[2026-04-07 05:53:31] ✅ Balance: Balance check skipped (no data)
[2026-04-07 05:53:31] ❌ API Connectivity: Bybit API credentials not configured
[2026-04-07 05:53:31] --------------------------------------------------
[2026-04-07 05:53:31] 🛑 CIRCUIT BREAKER: TRIPPED
[2026-04-07 05:53:31]    Reason: Bybit API credentials not configured
[2026-04-07 05:53:31]    Tripped at: 2026-04-07T00:00:02.220666
[2026-04-07 05:55:01] ==================================================
[2026-04-07 05:55:01] 🔍 Running Circuit Breaker Check
[2026-04-07 05:55:01] ✅ Daily Drawdown: Daily drawdown 0.00% within limits
[2026-04-07 05:55:01] ✅ Consecutive Losses: Consecutive losses (0) within limits
[2026-04-07 05:55:01] ✅ Balance: Balance check skipped (no data)
[2026-04-07 05:55:01] ❌ API Connectivity: Bybit API credentials not configured
[2026-04-07 05:55:01] --------------------------------------------------
[2026-04-07 05:55:01] 🛑 CIRCUIT BREAKER: TRIPPED
[2026-04-07 05:55:01]    Reason: Bybit API credentials not configured
[2026-04-07 05:55:01]    Tripped at: 2026-04-07T00:00:02.220666
[2026-04-07 06:00:02] ==================================================
[2026-04-07 06:00:02] 🔍 Running Circuit Breaker Check
[2026-04-07 06:00:02] ✅ Daily Drawdown: Daily drawdown 0.00% within limits
[2026-04-07 06:00:02] ✅ Consecutive Losses: Consecutive losses (0) within limits
[2026-04-07 06:00:02] ✅ Balance: Balance check skipped (no data)
[2026-04-07 06:00:02] ❌ API Connectivity: Bybit API credentials not configured
[2026-04-07 06:00:02] --------------------------------------------------
[2026-04-07 06:00:02] 🛑 CIRCUIT BREAKER: TRIPPED
[2026-04-07 06:00:02]    Reason: Bybit API credentials not configured
[2026-04-07 06:00:02]    Tripped at: 2026-04-07T00:00:02.220666
[2026-04-07 06:05:01] ==================================================
[2026-04-07 06:05:01] 🔍 Running Circuit Breaker Check
[2026-04-07 06:05:01] ✅ Daily Drawdown: Daily drawdown 0.00% within limits
[2026-04-07 06:05:01] ✅ Consecutive Losses: Consecutive losses (0) within limits
[2026-04-07 06:05:01] ✅ Balance: Balance check skipped (no data)
[2026-04-07 06:05:01] ❌ API Connectivity: Bybit API credentials not configured
[2026-04-07 06:05:01] --------------------------------------------------
[2026-04-07 06:05:01] 🛑 CIRCUIT BREAKER: TRIPPED
[2026-04-07 06:05:01]    Reason: Bybit API credentials not configured
[2026-04-07 06:05:01]    Tripped at: 2026-04-07T00:00:02.220666
[2026-04-07 06:09:02] ==================================================
[2026-04-07 06:09:02] 🔍 Running Circuit Breaker Check
[2026-04-07 06:09:02] ✅ Daily Drawdown: Daily drawdown 0.00% within limits
[2026-04-07 06:09:02] ✅ Consecutive Losses: Consecutive losses (0) within limits
[2026-04-07 06:09:02] ✅ Balance: Balance check skipped (no data)
[2026-04-07 06:09:02] ❌ API Connectivity: Bybit API credentials not configured
[2026-04-07 06:09:02] --------------------------------------------------
[2026-04-07 06:09:02] 🛑 CIRCUIT BREAKER: TRIPPED
[2026-04-07 06:09:02]    Reason: Bybit API credentials not configured
[2026-04-07 06:09:02]    Tripped at: 2026-04-07T00:00:02.220666
[2026-04-07 06:10:01] ==================================================
[2026-04-07 06:10:01] 🔍 Running Circuit Breaker Check
[2026-04-07 06:10:01] ✅ Daily Drawdown: Daily drawdown 0.00% within limits
[2026-04-07 06:10:01] ✅ Consecutive Losses: Consecutive losses (0) within limits
[2026-04-07 06:10:01] ✅ Balance: Balance check skipped (no data)
[2026-04-07 06:10:01] ❌ API Connectivity: Bybit API credentials not configured
[2026-04-07 06:10:01] --------------------------------------------------
[2026-04-07 06:10:01] 🛑 CIRCUIT BREAKER: TRIPPED
[2026-04-07 06:10:01]    Reason: Bybit API credentials not configured
[2026-04-07 06:10:01]    Tripped at: 2026-04-07T00:00:02.220666
[2026-04-07 06:15:02] ==================================================
[2026-04-07 06:15:02] 🔍 Running Circuit Breaker Check
[2026-04-07 06:15:02] ✅ Daily Drawdown: Daily drawdown 0.00% within limits
[2026-04-07 06:15:02] ✅ Consecutive Losses: Consecutive losses (0) within limits
[2026-04-07 06:15:02] ✅ Balance: Balance check skipped (no data)
[2026-04-07 06:15:02] ❌ API Connectivity: Bybit API credentials not configured
[2026-04-07 06:15:02] --------------------------------------------------
[2026-04-07 06:15:02] 🛑 CIRCUIT BREAKER: TRIPPED
[2026-04-07 06:15:02]    Reason: Bybit API credentials not configured
[2026-04-07 06:15:02]    Tripped at: 2026-04-07T00:00:02.220666
[2026-04-07 06:15:43] ==================================================
[2026-04-07 06:15:43] 🔍 Running Circuit Breaker Check
[2026-04-07 06:15:43] ✅ Daily Drawdown: Daily drawdown 0.00% within limits
[2026-04-07 06:15:43] ✅ Consecutive Losses: Consecutive losses (0) within limits
[2026-04-07 06:15:44] ✅ Balance: Balance check skipped (no data)
[2026-04-07 06:15:44] ❌ API Connectivity: Bybit API credentials not configured
[2026-04-07 06:15:44] --------------------------------------------------
[2026-04-07 06:15:44] 🛑 CIRCUIT BREAKER: TRIPPED
[2026-04-07 06:15:44]    Reason: Bybit API credentials not configured
[2026-04-07 06:15:44]    Tripped at: 2026-04-07T00:00:02.220666
[2026-04-07 06:20:01] ==================================================
[2026-04-07 06:20:01] 🔍 Running Circuit Breaker Check
[2026-04-07 06:20:01] ✅ Daily Drawdown: Daily drawdown 0.00% within limits
[2026-04-07 06:20:01] ✅ Consecutive Losses: Consecutive losses (0) within limits
[2026-04-07 06:20:01] ✅ Balance: Balance check skipped (no data)
[2026-04-07 06:20:01] ❌ API Connectivity: Bybit API credentials not configured
[2026-04-07 06:20:01] --------------------------------------------------
[2026-04-07 06:20:01] 🛑 CIRCUIT BREAKER: TRIPPED
[2026-04-07 06:20:01]    Reason: Bybit API credentials not configured
[2026-04-07 06:20:01]    Tripped at: 2026-04-07T00:00:02.220666
[2026-04-07 06:25:02] ==================================================
[2026-04-07 06:25:02] 🔍 Running Circuit Breaker Check
[2026-04-07 06:25:02] ✅ Daily Drawdown: Daily drawdown 0.00% within limits
[2026-04-07 06:25:02] ✅ Consecutive Losses: Consecutive losses (0) within limits
[2026-04-07 06:25:02] ✅ Balance: Balance check skipped (no data)
[2026-04-07 06:25:02] ❌ API Connectivity: Bybit API credentials not configured
[2026-04-07 06:25:02] --------------------------------------------------
[2026-04-07 06:25:02] 🛑 CIRCUIT BREAKER: TRIPPED
[2026-04-07 06:25:02]    Reason: Bybit API credentials not configured
[2026-04-07 06:25:02]    Tripped at: 2026-04-07T00:00:02.220666
[2026-04-07 06:28:30] ==================================================
[2026-04-07 06:28:30] 🔍 Running Circuit Breaker Check
[2026-04-07 06:28:30] ✅ Daily Drawdown: Daily drawdown 0.00% within limits
[2026-04-07 06:28:30] ✅ Consecutive Losses: Consecutive losses (0) within limits
[2026-04-07 06:28:30] ✅ Balance: Balance check skipped (no data)
[2026-04-07 06:28:30] ❌ API Connectivity: Bybit API credentials not configured
[2026-04-07 06:28:30] --------------------------------------------------
[2026-04-07 06:28:30] 🛑 CIRCUIT BREAKER: TRIPPED
[2026-04-07 06:28:30]    Reason: Bybit API credentials not configured
[2026-04-07 06:28:30]    Tripped at: 2026-04-07T00:00:02.220666
[2026-04-07 06:30:02] ==================================================
[2026-04-07 06:30:02] 🔍 Running Circuit Breaker Check
[2026-04-07 06:30:02] ✅ Daily Drawdown: Daily drawdown 0.00% within limits
[2026-04-07 06:30:02] ✅ Consecutive Losses: Consecutive losses (0) within limits
[2026-04-07 06:30:02] ✅ Balance: Balance check skipped (no data)
[2026-04-07 06:30:02] ❌ API Connectivity: Bybit API credentials not configured
[2026-04-07 06:30:02] --------------------------------------------------
[2026-04-07 06:30:02] 🛑 CIRCUIT BREAKER: TRIPPED
[2026-04-07 06:30:02]    Reason: Bybit API credentials not configured
[2026-04-07 06:30:02]    Tripped at: 2026-04-07T00:00:02.220666
[2026-04-07 06:35:01] ==================================================
[2026-04-07 06:35:01] 🔍 Running Circuit Breaker Check
[2026-04-07 06:35:01] ✅ Daily Drawdown: Daily drawdown 0.00% within limits
[2026-04-07 06:35:01] ✅ Consecutive Losses: Consecutive losses (0) within limits
[2026-04-07 06:35:01] ✅ Balance: Balance check skipped (no data)
[2026-04-07 06:35:01] ❌ API Connectivity: Bybit API credentials not configured
[2026-04-07 06:35:01] --------------------------------------------------
[2026-04-07 06:35:01] 🛑 CIRCUIT BREAKER: TRIPPED
[2026-04-07 06:35:01]    Reason: Bybit API credentials not configured
[2026-04-07 06:35:01]    Tripped at: 2026-04-07T00:00:02.220666
[2026-04-07 06:40:01] ==================================================
[2026-04-07 06:40:01] 🔍 Running Circuit Breaker Check
[2026-04-07 06:40:01] ✅ Daily Drawdown: Daily drawdown 0.00% within limits
[2026-04-07 06:40:01] ✅ Consecutive Losses: Consecutive losses (0) within limits
[2026-04-07 06:40:01] ✅ Balance: Balance check skipped (no data)
[2026-04-07 06:40:01] ❌ API Connectivity: Bybit API credentials not configured
[2026-04-07 06:40:01] --------------------------------------------------
[2026-04-07 06:40:01] 🛑 CIRCUIT BREAKER: TRIPPED
[2026-04-07 06:40:01]    Reason: Bybit API credentials not configured
[2026-04-07 06:40:01]    Tripped at: 2026-04-07T00:00:02.220666
[2026-04-07 06:45:01] ==================================================
[2026-04-07 06:45:01] 🔍 Running Circuit Breaker Check
[2026-04-07 06:45:01] ✅ Daily Drawdown: Daily drawdown 0.00% within limits
[2026-04-07 06:45:01] ✅ Consecutive Losses: Consecutive losses (0) within limits
[2026-04-07 06:45:01] ✅ Balance: Balance check skipped (no data)
[2026-04-07 06:45:01] ❌ API Connectivity: Bybit API credentials not configured
[2026-04-07 06:45:01] --------------------------------------------------
[2026-04-07 06:45:01] 🛑 CIRCUIT BREAKER: TRIPPED
[2026-04-07 06:45:01]    Reason: Bybit API credentials not configured
[2026-04-07 06:45:01]    Tripped at: 2026-04-07T00:00:02.220666
[2026-04-07 06:50:01] ==================================================
[2026-04-07 06:50:01] 🔍 Running Circuit Breaker Check
[2026-04-07 06:50:01] ✅ Daily Drawdown: Daily drawdown 0.00% within limits
[2026-04-07 06:50:01] ✅ Consecutive Losses: Consecutive losses (0) within limits
[2026-04-07 06:50:01] ✅ Balance: Balance check skipped (no data)
[2026-04-07 06:50:01] ❌ API Connectivity: Bybit API credentials not configured
[2026-04-07 06:50:01] --------------------------------------------------
[2026-04-07 06:50:01] 🛑 CIRCUIT BREAKER: TRIPPED
[2026-04-07 06:50:01]    Reason: Bybit API credentials not configured
[2026-04-07 06:50:01]    Tripped at: 2026-04-07T00:00:02.220666
[2026-04-07 06:55:02] ==================================================
[2026-04-07 06:55:02] 🔍 Running Circuit Breaker Check
[2026-04-07 06:55:02] ✅ Daily Drawdown: Daily drawdown 0.00% within limits
[2026-04-07 06:55:02] ✅ Consecutive Losses: Consecutive losses (0) within limits
[2026-04-07 06:55:02] ✅ Balance: Balance check skipped (no data)
[2026-04-07 06:55:02] ❌ API Connectivity: Bybit API credentials not configured
[2026-04-07 06:55:02] --------------------------------------------------
[2026-04-07 06:55:02] 🛑 CIRCUIT BREAKER: TRIPPED
[2026-04-07 06:55:02]    Reason: Bybit API credentials not configured
[2026-04-07 06:55:02]    Tripped at: 2026-04-07T00:00:02.220666
[2026-04-07 07:00:02] ==================================================
[2026-04-07 07:00:02] 🔍 Running Circuit Breaker Check
[2026-04-07 07:00:02] ✅ Daily Drawdown: Daily drawdown 0.00% within limits
[2026-04-07 07:00:02] ✅ Consecutive Losses: Consecutive losses (0) within limits
[2026-04-07 07:00:02] ✅ Balance: Balance check skipped (no data)
[2026-04-07 07:00:02] ❌ API Connectivity: Bybit API credentials not configured
[2026-04-07 07:00:02] --------------------------------------------------
[2026-04-07 07:00:02] 🛑 CIRCUIT BREAKER: TRIPPED
[2026-04-07 07:00:02]    Reason: Bybit API credentials not configured
[2026-04-07 07:00:02]    Tripped at: 2026-04-07T00:00:02.220666
[2026-04-07 07:05:01] ==================================================
[2026-04-07 07:05:01] 🔍 Running Circuit Breaker Check
[2026-04-07 07:05:01] ✅ Daily Drawdown: Daily drawdown 0.00% within limits
[2026-04-07 07:05:01] ✅ Consecutive Losses: Consecutive losses (0) within limits
[2026-04-07 07:05:01] ✅ Balance: Balance check skipped (no data)
[2026-04-07 07:05:01] ❌ API Connectivity: Bybit API credentials not configured
[2026-04-07 07:05:01] --------------------------------------------------
[2026-04-07 07:05:01] 🛑 CIRCUIT BREAKER: TRIPPED
[2026-04-07 07:05:01]    Reason: Bybit API credentials not configured
[2026-04-07 07:05:01]    Tripped at: 2026-04-07T00:00:02.220666
[2026-04-07 07:08:49] ==================================================
[2026-04-07 07:08:49] 🔍 Running Circuit Breaker Check
[2026-04-07 07:08:49] ✅ Daily Drawdown: Daily drawdown 0.00% within limits
[2026-04-07 07:08:49] ✅ Consecutive Losses: Consecutive losses (0) within limits
[2026-04-07 07:08:49] ✅ Balance: Balance check skipped (no data)
[2026-04-07 07:08:49] ❌ API Connectivity: Bybit API credentials not configured
[2026-04-07 07:08:49] --------------------------------------------------
[2026-04-07 07:08:49] 🛑 CIRCUIT BREAKER: TRIPPED
[2026-04-07 07:08:49]    Reason: Bybit API credentials not configured
[2026-04-07 07:08:49]    Tripped at: 2026-04-07T00:00:02.220666
[2026-04-07 07:10:01] ==================================================
[2026-04-07 07:10:01] 🔍 Running Circuit Breaker Check
[2026-04-07 07:10:01] ✅ Daily Drawdown: Daily drawdown 0.00% within limits
[2026-04-07 07:10:01] ✅ Consecutive Losses: Consecutive losses (0) within limits
[2026-04-07 07:10:01] ✅ Balance: Balance check skipped (no data)
[2026-04-07 07:10:01] ❌ API Connectivity: Bybit API credentials not configured
[2026-04-07 07:10:01] --------------------------------------------------
[2026-04-07 07:10:01] 🛑 CIRCUIT BREAKER: TRIPPED
[2026-04-07 07:10:01]    Reason: Bybit API credentials not configured
[2026-04-07 07:10:01]    Tripped at: 2026-04-07T00:00:02.220666
[2026-04-07 07:13:56] ==================================================
[2026-04-07 07:13:56] 🔍 Running Circuit Breaker Check
[2026-04-07 07:13:56] ✅ Daily Drawdown: Daily drawdown 0.00% within limits
[2026-04-07 07:13:56] ✅ Consecutive Losses: Consecutive losses (0) within limits
[2026-04-07 07:13:56] ✅ Balance: Balance check skipped (no data)
[2026-04-07 07:13:56] ❌ API Connectivity: Bybit API credentials not configured
[2026-04-07 07:13:56] --------------------------------------------------
[2026-04-07 07:13:56] 🛑 CIRCUIT BREAKER: TRIPPED
[2026-04-07 07:13:56]    Reason: Bybit API credentials not configured
[2026-04-07 07:13:56]    Tripped at: 2026-04-07T00:00:02.220666
[2026-04-07 07:15:01] ==================================================
[2026-04-07 07:15:01] 🔍 Running Circuit Breaker Check
[2026-04-07 07:15:01] ✅ Daily Drawdown: Daily drawdown 0.00% within limits
[2026-04-07 07:15:01] ✅ Consecutive Losses: Consecutive losses (0) within limits
[2026-04-07 07:15:01] ✅ Balance: Balance check skipped (no data)
[2026-04-07 07:15:01] ❌ API Connectivity: Bybit API credentials not configured
[2026-04-07 07:15:01] --------------------------------------------------
[2026-04-07 07:15:01] 🛑 CIRCUIT BREAKER: TRIPPED
[2026-04-07 07:15:01]    Reason: Bybit API credentials not configured
[2026-04-07 07:15:01]    Tripped at: 2026-04-07T00:00:02.220666
[2026-04-07 07:20:01] ==================================================
[2026-04-07 07:20:01] 🔍 Running Circuit Breaker Check
[2026-04-07 07:20:01] ✅ Daily Drawdown: Daily drawdown 0.00% within limits
[2026-04-07 07:20:01] ✅ Consecutive Losses: Consecutive losses (0) within limits
[2026-04-07 07:20:01] ✅ Balance: Balance check skipped (no data)
[2026-04-07 07:20:01] ❌ API Connectivity: Bybit API credentials not configured
[2026-04-07 07:20:01] --------------------------------------------------
[2026-04-07 07:20:01] 🛑 CIRCUIT BREAKER: TRIPPED
[2026-04-07 07:20:01]    Reason: Bybit API credentials not configured
[2026-04-07 07:20:01]    Tripped at: 2026-04-07T00:00:02.220666
[2026-04-07 07:25:01] ==================================================
[2026-04-07 07:25:01] 🔍 Running Circuit Breaker Check
[2026-04-07 07:25:01] ✅ Daily Drawdown: Daily drawdown 0.00% within limits
[2026-04-07 07:25:01] ✅ Consecutive Losses: Consecutive losses (0) within limits
[2026-04-07 07:25:01] ✅ Balance: Balance check skipped (no data)
[2026-04-07 07:25:01] ❌ API Connectivity: Bybit API credentials not configured
[2026-04-07 07:25:01] --------------------------------------------------
[2026-04-07 07:25:01] 🛑 CIRCUIT BREAKER: TRIPPED
[2026-04-07 07:25:01]    Reason: Bybit API credentials not configured
[2026-04-07 07:25:01]    Tripped at: 2026-04-07T00:00:02.220666
[2026-04-07 07:27:11] ==================================================
[2026-04-07 07:27:11] 🔍 Running Circuit Breaker Check
[2026-04-07 07:27:11] ✅ Daily Drawdown: Daily drawdown 0.00% within limits
[2026-04-07 07:27:11] ✅ Consecutive Losses: Consecutive losses (0) within limits
[2026-04-07 07:27:11] ✅ Balance: Balance check skipped (no data)
[2026-04-07 07:27:11] ❌ API Connectivity: Bybit API credentials not configured
[2026-04-07 07:27:11] --------------------------------------------------
[2026-04-07 07:27:11] 🛑 CIRCUIT BREAKER: TRIPPED
[2026-04-07 07:27:11]    Reason: Bybit API credentials not configured
[2026-04-07 07:27:11]    Tripped at: 2026-04-07T00:00:02.220666
[2026-04-07 07:30:01] ==================================================
[2026-04-07 07:30:01] 🔍 Running Circuit Breaker Check
[2026-04-07 07:30:01] ✅ Daily Drawdown: Daily drawdown 0.00% within limits
[2026-04-07 07:30:01] ✅ Consecutive Losses: Consecutive losses (0) within limits
[2026-04-07 07:30:01] ✅ Balance: Balance check skipped (no data)
[2026-04-07 07:30:01] ❌ API Connectivity: Bybit API credentials not configured
[2026-04-07 07:30:01] --------------------------------------------------
[2026-04-07 07:30:01] 🛑 CIRCUIT BREAKER: TRIPPED
[2026-04-07 07:30:01]    Reason: Bybit API credentials not configured
[2026-04-07 07:30:01]    Tripped at: 2026-04-07T00:00:02.220666
[2026-04-07 07:33:31] ==================================================
[2026-04-07 07:33:31] 🔍 Running Circuit Breaker Check
[2026-04-07 07:33:31] ✅ Daily Drawdown: Daily drawdown 0.00% within limits
[2026-04-07 07:33:31] ✅ Consecutive Losses: Consecutive losses (0) within limits
[2026-04-07 07:33:31] ✅ Balance: Balance check skipped (no data)
[2026-04-07 07:33:31] ❌ API Connectivity: Bybit API credentials not configured
[2026-04-07 07:33:31] --------------------------------------------------
[2026-04-07 07:33:31] 🛑 CIRCUIT BREAKER: TRIPPED
[2026-04-07 07:33:31]    Reason: Bybit API credentials not configured
[2026-04-07 07:33:31]    Tripped at: 2026-04-07T00:00:02.220666
[2026-04-07 07:35:02] ==================================================
[2026-04-07 07:35:02] 🔍 Running Circuit Breaker Check
[2026-04-07 07:35:02] ✅ Daily Drawdown: Daily drawdown 0.00% within limits
[2026-04-07 07:35:02] ✅ Consecutive Losses: Consecutive losses (0) within limits
[2026-04-07 07:35:02] ✅ Balance: Balance check skipped (no data)
[2026-04-07 07:35:02] ❌ API Connectivity: Bybit API credentials not configured
[2026-04-07 07:35:02] --------------------------------------------------
[2026-04-07 07:35:02] 🛑 CIRCUIT BREAKER: TRIPPED
[2026-04-07 07:35:02]    Reason: Bybit API credentials not configured
[2026-04-07 07:35:02]    Tripped at: 2026-04-07T00:00:02.220666
[2026-04-07 07:40:01] ==================================================
[2026-04-07 07:40:01] 🔍 Running Circuit Breaker Check
[2026-04-07 07:40:01] ✅ Daily Drawdown: Daily drawdown 0.00% within limits
[2026-04-07 07:40:01] ✅ Consecutive Losses: Consecutive losses (0) within limits
[2026-04-07 07:40:01] ✅ Balance: Balance check skipped (no data)
[2026-04-07 07:40:01] ❌ API Connectivity: Bybit API credentials not configured
[2026-04-07 07:40:01] --------------------------------------------------
[2026-04-07 07:40:01] 🛑 CIRCUIT BREAKER: TRIPPED
[2026-04-07 07:40:01]    Reason: Bybit API credentials not configured
[2026-04-07 07:40:01]    Tripped at: 2026-04-07T00:00:02.220666
[2026-04-07 07:45:01] ==================================================
[2026-04-07 07:45:01] 🔍 Running Circuit Breaker Check
[2026-04-07 07:45:01] ✅ Daily Drawdown: Daily drawdown 0.00% within limits
[2026-04-07 07:45:01] ✅ Consecutive Losses: Consecutive losses (0) within limits
[2026-04-07 07:45:01] ✅ Balance: Balance check skipped (no data)
[2026-04-07 07:45:01] ❌ API Connectivity: Bybit API credentials not configured
[2026-04-07 07:45:01] --------------------------------------------------
[2026-04-07 07:45:01] 🛑 CIRCUIT BREAKER: TRIPPED
[2026-04-07 07:45:01]    Reason: Bybit API credentials not configured
[2026-04-07 07:45:01]    Tripped at: 2026-04-07T00:00:02.220666
[2026-04-07 07:50:01] ==================================================
[2026-04-07 07:50:01] 🔍 Running Circuit Breaker Check
[2026-04-07 07:50:01] ✅ Daily Drawdown: Daily drawdown 0.00% within limits
[2026-04-07 07:50:01] ✅ Consecutive Losses: Consecutive losses (0) within limits
[2026-04-07 07:50:01] ✅ Balance: Balance check skipped (no data)
[2026-04-07 07:50:01] ❌ API Connectivity: Bybit API credentials not configured
[2026-04-07 07:50:01] --------------------------------------------------
[2026-04-07 07:50:01] 🛑 CIRCUIT BREAKER: TRIPPED
[2026-04-07 07:50:01]    Reason: Bybit API credentials not configured
[2026-04-07 07:50:01]    Tripped at: 2026-04-07T00:00:02.220666
[2026-04-07 07:50:22] ==================================================
[2026-04-07 07:50:22] 🔍 Running Circuit Breaker Check
[2026-04-07 07:50:22] ✅ Daily Drawdown: Daily drawdown 0.00% within limits
[2026-04-07 07:50:22] ✅ Consecutive Losses: Consecutive losses (0) within limits
[2026-04-07 07:50:22] ✅ Balance: Balance check skipped (no data)
[2026-04-07 07:50:22] ❌ API Connectivity: Bybit API credentials not configured
[2026-04-07 07:50:22] --------------------------------------------------
[2026-04-07 07:50:22] 🛑 CIRCUIT BREAKER: TRIPPED
[2026-04-07 07:50:22]    Reason: Bybit API credentials not configured
[2026-04-07 07:50:22]    Tripped at: 2026-04-07T00:00:02.220666
[2026-04-07 07:55:01] ==================================================
[2026-04-07 07:55:01] 🔍 Running Circuit Breaker Check
[2026-04-07 07:55:01] ✅ Daily Drawdown: Daily drawdown 0.00% within limits
[2026-04-07 07:55:01] ✅ Consecutive Losses: Consecutive losses (0) within limits
[2026-04-07 07:55:01] ✅ Balance: Balance check skipped (no data)
[2026-04-07 07:55:01] ❌ API Connectivity: Bybit API credentials not configured
[2026-04-07 07:55:01] --------------------------------------------------
[2026-04-07 07:55:01] 🛑 CIRCUIT BREAKER: TRIPPED
[2026-04-07 07:55:01]    Reason: Bybit API credentials not configured
[2026-04-07 07:55:01]    Tripped at: 2026-04-07T00:00:02.220666
[2026-04-07 08:00:01] ==================================================
[2026-04-07 08:00:01] 🔍 Running Circuit Breaker Check
[2026-04-07 08:00:01] ✅ Daily Drawdown: Daily drawdown 0.00% within limits
[2026-04-07 08:00:01] ✅ Consecutive Losses: Consecutive losses (0) within limits
[2026-04-07 08:00:01] ✅ Balance: Balance check skipped (no data)
[2026-04-07 08:00:01] ❌ API Connectivity: Bybit API credentials not configured
[2026-04-07 08:00:01] --------------------------------------------------
[2026-04-07 08:00:01] 🛑 CIRCUIT BREAKER: TRIPPED
[2026-04-07 08:00:01]    Reason: Bybit API credentials not configured
[2026-04-07 08:00:01]    Tripped at: 2026-04-07T00:00:02.220666
[2026-04-07 08:05:01] ==================================================
[2026-04-07 08:05:01] 🔍 Running Circuit Breaker Check
[2026-04-07 08:05:01] ✅ Daily Drawdown: Daily drawdown 0.00% within limits
[2026-04-07 08:05:01] ✅ Consecutive Losses: Consecutive losses (0) within limits
[2026-04-07 08:05:01] ✅ Balance: Balance check skipped (no data)
[2026-04-07 08:05:01] ❌ API Connectivity: Bybit API credentials not configured
[2026-04-07 08:05:01] --------------------------------------------------
[2026-04-07 08:05:01] 🛑 CIRCUIT BREAKER: TRIPPED
[2026-04-07 08:05:01]    Reason: Bybit API credentials not configured
[2026-04-07 08:05:01]    Tripped at: 2026-04-07T00:00:02.220666
[2026-04-07 08:10:01] ==================================================
[2026-04-07 08:10:01] 🔍 Running Circuit Breaker Check
[2026-04-07 08:10:01] ✅ Daily Drawdown: Daily drawdown 0.00% within limits
[2026-04-07 08:10:01] ✅ Consecutive Losses: Consecutive losses (0) within limits
[2026-04-07 08:10:01] ✅ Balance: Balance check skipped (no data)
[2026-04-07 08:10:01] ❌ API Connectivity: Bybit API credentials not configured
[2026-04-07 08:10:01] --------------------------------------------------
[2026-04-07 08:10:01] 🛑 CIRCUIT BREAKER: TRIPPED
[2026-04-07 08:10:01]    Reason: Bybit API credentials not configured
[2026-04-07 08:10:01]    Tripped at: 2026-04-07T00:00:02.220666
[2026-04-07 08:15:01] ==================================================
[2026-04-07 08:15:01] 🔍 Running Circuit Breaker Check
[2026-04-07 08:15:01] ✅ Daily Drawdown: Daily drawdown 0.00% within limits
[2026-04-07 08:15:01] ✅ Consecutive Losses: Consecutive losses (0) within limits
[2026-04-07 08:15:01] ✅ Balance: Balance check skipped (no data)
[2026-04-07 08:15:01] ❌ API Connectivity: Bybit API credentials not configured
[2026-04-07 08:15:01] --------------------------------------------------
[2026-04-07 08:15:01] 🛑 CIRCUIT BREAKER: TRIPPED
[2026-04-07 08:15:01]    Reason: Bybit API credentials not configured
[2026-04-07 08:15:01]    Tripped at: 2026-04-07T00:00:02.220666
[2026-04-07 08:15:17] ==================================================
[2026-04-07 08:15:17] 🔍 Running Circuit Breaker Check
[2026-04-07 08:15:17] ✅ Daily Drawdown: Daily drawdown 0.00% within limits
[2026-04-07 08:15:17] ✅ Consecutive Losses: Consecutive losses (0) within limits
[2026-04-07 08:15:17] ✅ Balance: Balance check skipped (no data)
[2026-04-07 08:15:17] ❌ API Connectivity: Bybit API credentials not configured
[2026-04-07 08:15:17] --------------------------------------------------
[2026-04-07 08:15:17] 🛑 CIRCUIT BREAKER: TRIPPED
[2026-04-07 08:15:17]    Reason: Bybit API credentials not configured
[2026-04-07 08:15:17]    Tripped at: 2026-04-07T00:00:02.220666
[2026-04-07 08:20:01] ==================================================
[2026-04-07 08:20:01] 🔍 Running Circuit Breaker Check
[2026-04-07 08:20:01] ✅ Daily Drawdown: Daily drawdown 0.00% within limits
[2026-04-07 08:20:01] ✅ Consecutive Losses: Consecutive losses (0) within limits
[2026-04-07 08:20:01] ✅ Balance: Balance check skipped (no data)
[2026-04-07 08:20:01] ❌ API Connectivity: Bybit API credentials not configured
[2026-04-07 08:20:01] --------------------------------------------------
[2026-04-07 08:20:01] 🛑 CIRCUIT BREAKER: TRIPPED
[2026-04-07 08:20:01]    Reason: Bybit API credentials not configured
[2026-04-07 08:20:01]    Tripped at: 2026-04-07T00:00:02.220666
[2026-04-07 08:25:01] ==================================================
[2026-04-07 08:25:01] 🔍 Running Circuit Breaker Check
[2026-04-07 08:25:01] ✅ Daily Drawdown: Daily drawdown 0.00% within limits
[2026-04-07 08:25:01] ✅ Consecutive Losses: Consecutive losses (0) within limits
[2026-04-07 08:25:01] ✅ Balance: Balance check skipped (no data)
[2026-04-07 08:25:01] ❌ API Connectivity: Bybit API credentials not configured
[2026-04-07 08:25:01] --------------------------------------------------
[2026-04-07 08:25:01] 🛑 CIRCUIT BREAKER: TRIPPED
[2026-04-07 08:25:01]    Reason: Bybit API credentials not configured
[2026-04-07 08:25:01]    Tripped at: 2026-04-07T00:00:02.220666
[2026-04-07 08:30:02] ==================================================
[2026-04-07 08:30:02] 🔍 Running Circuit Breaker Check
[2026-04-07 08:30:02] ✅ Daily Drawdown: Daily drawdown 0.00% within limits
[2026-04-07 08:30:02] ✅ Consecutive Losses: Consecutive losses (0) within limits
[2026-04-07 08:30:02] ✅ Balance: Balance check skipped (no data)
[2026-04-07 08:30:02] ❌ API Connectivity: Bybit API credentials not configured
[2026-04-07 08:30:02] --------------------------------------------------
[2026-04-07 08:30:02] 🛑 CIRCUIT BREAKER: TRIPPED
[2026-04-07 08:30:02]    Reason: Bybit API credentials not configured
[2026-04-07 08:30:02]    Tripped at: 2026-04-07T00:00:02.220666
[2026-04-07 08:35:01] ==================================================
[2026-04-07 08:35:01] 🔍 Running Circuit Breaker Check
[2026-04-07 08:35:01] ✅ Daily Drawdown: Daily drawdown 0.00% within limits
[2026-04-07 08:35:01] ✅ Consecutive Losses: Consecutive losses (0) within limits
[2026-04-07 08:35:01] ✅ Balance: Balance check skipped (no data)
[2026-04-07 08:35:01] ❌ API Connectivity: Bybit API credentials not configured
[2026-04-07 08:35:01] --------------------------------------------------
[2026-04-07 08:35:01] 🛑 CIRCUIT BREAKER: TRIPPED
[2026-04-07 08:35:01]    Reason: Bybit API credentials not configured
[2026-04-07 08:35:01]    Tripped at: 2026-04-07T00:00:02.220666
[2026-04-07 08:40:01] ==================================================
[2026-04-07 08:40:01] 🔍 Running Circuit Breaker Check
[2026-04-07 08:40:01] ✅ Daily Drawdown: Daily drawdown 0.00% within limits
[2026-04-07 08:40:01] ✅ Consecutive Losses: Consecutive losses (0) within limits
[2026-04-07 08:40:01] ✅ Balance: Balance check skipped (no data)
[2026-04-07 08:40:01] ❌ API Connectivity: Bybit API credentials not configured
[2026-04-07 08:40:01] --------------------------------------------------
[2026-04-07 08:40:01] 🛑 CIRCUIT BREAKER: TRIPPED
[2026-04-07 08:40:01]    Reason: Bybit API credentials not configured
[2026-04-07 08:40:01]    Tripped at: 2026-04-07T00:00:02.220666
[2026-04-07 08:45:01] ==================================================
[2026-04-07 08:45:01] 🔍 Running Circuit Breaker Check
[2026-04-07 08:45:01] ✅ Daily Drawdown: Daily drawdown 0.00% within limits
[2026-04-07 08:45:01] ✅ Consecutive Losses: Consecutive losses (0) within limits
[2026-04-07 08:45:01] ✅ Balance: Balance check skipped (no data)
[2026-04-07 08:45:01] ❌ API Connectivity: Bybit API credentials not configured
[2026-04-07 08:45:01] --------------------------------------------------
[2026-04-07 08:45:01] 🛑 CIRCUIT BREAKER: TRIPPED
[2026-04-07 08:45:01]    Reason: Bybit API credentials not configured
[2026-04-07 08:45:01]    Tripped at: 2026-04-07T00:00:02.220666
[2026-04-07 08:48:34] ==================================================
[2026-04-07 08:48:34] 🔍 Running Circuit Breaker Check
[2026-04-07 08:48:34] ✅ Daily Drawdown: Daily drawdown 0.00% within limits
[2026-04-07 08:48:34] ✅ Consecutive Losses: Consecutive losses (0) within limits
[2026-04-07 08:48:34] ✅ Balance: Balance check skipped (no data)
[2026-04-07 08:48:34] ❌ API Connectivity: Bybit API credentials not configured
[2026-04-07 08:48:34] --------------------------------------------------
[2026-04-07 08:48:34] 🛑 CIRCUIT BREAKER: TRIPPED
[2026-04-07 08:48:34]    Reason: Bybit API credentials not configured
[2026-04-07 08:48:34]    Tripped at: 2026-04-07T00:00:02.220666
[2026-04-07 08:50:01] ==================================================
[2026-04-07 08:50:01] 🔍 Running Circuit Breaker Check
[2026-04-07 08:50:01] ✅ Daily Drawdown: Daily drawdown 0.00% within limits
[2026-04-07 08:50:01] ✅ Consecutive Losses: Consecutive losses (0) within limits
[2026-04-07 08:50:01] ✅ Balance: Balance check skipped (no data)
[2026-04-07 08:50:01] ❌ API Connectivity: Bybit API credentials not configured
[2026-04-07 08:50:01] --------------------------------------------------
[2026-04-07 08:50:01] 🛑 CIRCUIT BREAKER: TRIPPED
[2026-04-07 08:50:01]    Reason: Bybit API credentials not configured
[2026-04-07 08:50:01]    Tripped at: 2026-04-07T00:00:02.220666
[2026-04-07 08:55:01] ==================================================
[2026-04-07 08:55:01] 🔍 Running Circuit Breaker Check
[2026-04-07 08:55:01] ✅ Daily Drawdown: Daily drawdown 0.00% within limits
[2026-04-07 08:55:01] ✅ Consecutive Losses: Consecutive losses (0) within limits
[2026-04-07 08:55:01] ✅ Balance: Balance check skipped (no data)
[2026-04-07 08:55:01] ❌ API Connectivity: Bybit API credentials not configured
[2026-04-07 08:55:01] --------------------------------------------------
[2026-04-07 08:55:01] 🛑 CIRCUIT BREAKER: TRIPPED
[2026-04-07 08:55:01]    Reason: Bybit API credentials not configured
[2026-04-07 08:55:01]    Tripped at: 2026-04-07T00:00:02.220666
[2026-04-07 09:00:01] ==================================================
[2026-04-07 09:00:01] 🔍 Running Circuit Breaker Check
[2026-04-07 09:00:02] ✅ Daily Drawdown: Daily drawdown 0.00% within limits
[2026-04-07 09:00:02] ✅ Consecutive Losses: Consecutive losses (0) within limits
[2026-04-07 09:00:02] ✅ Balance: Balance check skipped (no data)
[2026-04-07 09:00:02] ❌ API Connectivity: Bybit API credentials not configured
[2026-04-07 09:00:02] --------------------------------------------------
[2026-04-07 09:00:02] 🛑 CIRCUIT BREAKER: TRIPPED
[2026-04-07 09:00:02]    Reason: Bybit API credentials not configured
[2026-04-07 09:00:02]    Tripped at: 2026-04-07T00:00:02.220666
[2026-04-07 09:04:20] ==================================================
[2026-04-07 09:04:20] 🔍 Running Circuit Breaker Check
[2026-04-07 09:04:20] ✅ Daily Drawdown: Daily drawdown 0.00% within limits
[2026-04-07 09:04:20] ✅ Consecutive Losses: Consecutive losses (0) within limits
[2026-04-07 09:04:20] ✅ Balance: Balance check skipped (no data)
[2026-04-07 09:04:20] ❌ API Connectivity: Bybit API credentials not configured
[2026-04-07 09:04:20] --------------------------------------------------
[2026-04-07 09:04:20] 🛑 CIRCUIT BREAKER: TRIPPED
[2026-04-07 09:04:20]    Reason: Bybit API credentials not configured
[2026-04-07 09:04:20]    Tripped at: 2026-04-07T00:00:02.220666
[2026-04-07 09:05:01] ==================================================
[2026-04-07 09:05:01] 🔍 Running Circuit Breaker Check
[2026-04-07 09:05:01] ✅ Daily Drawdown: Daily drawdown 0.00% within limits
[2026-04-07 09:05:01] ✅ Consecutive Losses: Consecutive losses (0) within limits
[2026-04-07 09:05:01] ✅ Balance: Balance check skipped (no data)
[2026-04-07 09:05:01] ❌ API Connectivity: Bybit API credentials not configured
[2026-04-07 09:05:01] --------------------------------------------------
[2026-04-07 09:05:01] 🛑 CIRCUIT BREAKER: TRIPPED
[2026-04-07 09:05:01]    Reason: Bybit API credentials not configured
[2026-04-07 09:05:01]    Tripped at: 2026-04-07T00:00:02.220666
[2026-04-07 09:10:01] ==================================================
[2026-04-07 09:10:01] 🔍 Running Circuit Breaker Check
[2026-04-07 09:10:01] ✅ Daily Drawdown: Daily drawdown 0.00% within limits
[2026-04-07 09:10:01] ✅ Consecutive Losses: Consecutive losses (0) within limits
[2026-04-07 09:10:01] ✅ Balance: Balance check skipped (no data)
[2026-04-07 09:10:01] ❌ API Connectivity: Bybit API credentials not configured
[2026-04-07 09:10:01] --------------------------------------------------
[2026-04-07 09:10:01] 🛑 CIRCUIT BREAKER: TRIPPED
[2026-04-07 09:10:01]    Reason: Bybit API credentials not configured
[2026-04-07 09:10:01]    Tripped at: 2026-04-07T00:00:02.220666
[2026-04-07 09:13:32] ==================================================
[2026-04-07 09:13:32] 🔍 Running Circuit Breaker Check
[2026-04-07 09:13:32] ✅ Daily Drawdown: Daily drawdown 0.00% within limits
[2026-04-07 09:13:32] ✅ Consecutive Losses: Consecutive losses (0) within limits
[2026-04-07 09:13:32] ✅ Balance: Balance check skipped (no data)
[2026-04-07 09:13:32] ❌ API Connectivity: Bybit API credentials not configured
[2026-04-07 09:13:32] --------------------------------------------------
[2026-04-07 09:13:32] 🛑 CIRCUIT BREAKER: TRIPPED
[2026-04-07 09:13:32]    Reason: Bybit API credentials not configured
[2026-04-07 09:13:32]    Tripped at: 2026-04-07T00:00:02.220666
[2026-04-07 09:15:01] ==================================================
[2026-04-07 09:15:01] 🔍 Running Circuit Breaker Check
[2026-04-07 09:15:01] ✅ Daily Drawdown: Daily drawdown 0.00% within limits
[2026-04-07 09:15:01] ✅ Consecutive Losses: Consecutive losses (0) within limits
[2026-04-07 09:15:01] ✅ Balance: Balance check skipped (no data)
[2026-04-07 09:15:01] ❌ API Connectivity: Bybit API credentials not configured
[2026-04-07 09:15:01] --------------------------------------------------
[2026-04-07 09:15:01] 🛑 CIRCUIT BREAKER: TRIPPED
[2026-04-07 09:15:01]    Reason: Bybit API credentials not configured
[2026-04-07 09:15:01]    Tripped at: 2026-04-07T00:00:02.220666
[2026-04-07 09:20:01] ==================================================
[2026-04-07 09:20:01] 🔍 Running Circuit Breaker Check
[2026-04-07 09:20:01] ✅ Daily Drawdown: Daily drawdown 0.00% within limits
[2026-04-07 09:20:01] ✅ Consecutive Losses: Consecutive losses (0) within limits
[2026-04-07 09:20:01] ✅ Balance: Balance check skipped (no data)
[2026-04-07 09:20:01] ❌ API Connectivity: Bybit API credentials not configured
[2026-04-07 09:20:01] --------------------------------------------------
[2026-04-07 09:20:01] 🛑 CIRCUIT BREAKER: TRIPPED
[2026-04-07 09:20:01]    Reason: Bybit API credentials not configured
[2026-04-07 09:20:01]    Tripped at: 2026-04-07T00:00:02.220666
[2026-04-07 09:25:01] ==================================================
[2026-04-07 09:25:01] 🔍 Running Circuit Breaker Check
[2026-04-07 09:25:01] ✅ Daily Drawdown: Daily drawdown 0.00% within limits
[2026-04-07 09:25:01] ✅ Consecutive Losses: Consecutive losses (0) within limits
[2026-04-07 09:25:01] ✅ Balance: Balance check skipped (no data)
[2026-04-07 09:25:01] ❌ API Connectivity: Bybit API credentials not configured
[2026-04-07 09:25:01] --------------------------------------------------
[2026-04-07 09:25:01] 🛑 CIRCUIT BREAKER: TRIPPED
[2026-04-07 09:25:01]    Reason: Bybit API credentials not configured
[2026-04-07 09:25:01]    Tripped at: 2026-04-07T00:00:02.220666
[2026-04-07 09:30:01] ==================================================
[2026-04-07 09:30:01] 🔍 Running Circuit Breaker Check
[2026-04-07 09:30:01] ✅ Daily Drawdown: Daily drawdown 0.00% within limits
[2026-04-07 09:30:01] ✅ Consecutive Losses: Consecutive losses (0) within limits
[2026-04-07 09:30:01] ✅ Balance: Balance check skipped (no data)
[2026-04-07 09:30:01] ❌ API Connectivity: Bybit API credentials not configured
[2026-04-07 09:30:01] --------------------------------------------------
[2026-04-07 09:30:01] 🛑 CIRCUIT BREAKER: TRIPPED
[2026-04-07 09:30:01]    Reason: Bybit API credentials not configured
[2026-04-07 09:30:01]    Tripped at: 2026-04-07T00:00:02.220666
[2026-04-07 09:35:01] ==================================================
[2026-04-07 09:35:01] 🔍 Running Circuit Breaker Check
[2026-04-07 09:35:01] ✅ Daily Drawdown: Daily drawdown 0.00% within limits
[2026-04-07 09:35:01] ✅ Consecutive Losses: Consecutive losses (0) within limits
[2026-04-07 09:35:01] ✅ Balance: Balance check skipped (no data)
[2026-04-07 09:35:01] ❌ API Connectivity: Bybit API credentials not configured
[2026-04-07 09:35:01] --------------------------------------------------
[2026-04-07 09:35:01] 🛑 CIRCUIT BREAKER: TRIPPED
[2026-04-07 09:35:01]    Reason: Bybit API credentials not configured
[2026-04-07 09:35:01]    Tripped at: 2026-04-07T00:00:02.220666
[2026-04-07 09:38:40] ==================================================
[2026-04-07 09:38:40] 🔍 Running Circuit Breaker Check
[2026-04-07 09:38:40] ✅ Daily Drawdown: Daily drawdown 0.00% within limits
[2026-04-07 09:38:40] ✅ Consecutive Losses: Consecutive losses (0) within limits
[2026-04-07 09:38:40] ✅ Balance: Balance check skipped (no data)
[2026-04-07 09:38:40] ❌ API Connectivity: Bybit API credentials not configured
[2026-04-07 09:38:40] --------------------------------------------------
[2026-04-07 09:38:40] 🛑 CIRCUIT BREAKER: TRIPPED
[2026-04-07 09:38:40]    Reason: Bybit API credentials not configured
[2026-04-07 09:38:40]    Tripped at: 2026-04-07T00:00:02.220666
[2026-04-07 09:40:02] ==================================================
[2026-04-07 09:40:02] 🔍 Running Circuit Breaker Check
[2026-04-07 09:40:02] ✅ Daily Drawdown: Daily drawdown 0.00% within limits
[2026-04-07 09:40:02] ✅ Consecutive Losses: Consecutive losses (0) within limits
[2026-04-07 09:40:02] ✅ Balance: Balance check skipped (no data)
[2026-04-07 09:40:02] ❌ API Connectivity: Bybit API credentials not configured
[2026-04-07 09:40:02] --------------------------------------------------
[2026-04-07 09:40:02] 🛑 CIRCUIT BREAKER: TRIPPED
[2026-04-07 09:40:02]    Reason: Bybit API credentials not configured
[2026-04-07 09:40:02]    Tripped at: 2026-04-07T00:00:02.220666
[2026-04-07 09:43:30] ==================================================
[2026-04-07 09:43:30] 🔍 Running Circuit Breaker Check
[2026-04-07 09:43:30] ✅ Daily Drawdown: Daily drawdown 0.00% within limits
[2026-04-07 09:43:30] ✅ Consecutive Losses: Consecutive losses (0) within limits
[2026-04-07 09:43:30] ✅ Balance: Balance check skipped (no data)
[2026-04-07 09:43:30] ❌ API Connectivity: Bybit API credentials not configured
[2026-04-07 09:43:30] --------------------------------------------------
[2026-04-07 09:43:30] 🛑 CIRCUIT BREAKER: TRIPPED
[2026-04-07 09:43:30]    Reason: Bybit API credentials not configured
[2026-04-07 09:43:30]    Tripped at: 2026-04-07T00:00:02.220666
[2026-04-07 09:45:02] ==================================================
[2026-04-07 09:45:02] 🔍 Running Circuit Breaker Check
[2026-04-07 09:45:02] ✅ Daily Drawdown: Daily drawdown 0.00% within limits
[2026-04-07 09:45:02] ✅ Consecutive Losses: Consecutive losses (0) within limits
[2026-04-07 09:45:02] ✅ Balance: Balance check skipped (no data)
[2026-04-07 09:45:02] ❌ API Connectivity: Bybit API credentials not configured
[2026-04-07 09:45:02] --------------------------------------------------
[2026-04-07 09:45:02] 🛑 CIRCUIT BREAKER: TRIPPED
[2026-04-07 09:45:02]    Reason: Bybit API credentials not configured
[2026-04-07 09:45:02]    Tripped at: 2026-04-07T00:00:02.220666
[2026-04-07 09:50:01] ==================================================
[2026-04-07 09:50:01] 🔍 Running Circuit Breaker Check
[2026-04-07 09:50:01] ✅ Daily Drawdown: Daily drawdown 0.00% within limits
[2026-04-07 09:50:01] ✅ Consecutive Losses: Consecutive losses (0) within limits
[2026-04-07 09:50:01] ✅ Balance: Balance check skipped (no data)
[2026-04-07 09:50:01] ❌ API Connectivity: Bybit API credentials not configured
[2026-04-07 09:50:01] --------------------------------------------------
[2026-04-07 09:50:01] 🛑 CIRCUIT BREAKER: TRIPPED
[2026-04-07 09:50:01]    Reason: Bybit API credentials not configured
[2026-04-07 09:50:01]    Tripped at: 2026-04-07T00:00:02.220666
[2026-04-07 09:52:40] ==================================================
[2026-04-07 09:52:40] 🔍 Running Circuit Breaker Check
[2026-04-07 09:52:40] ✅ Daily Drawdown: Daily drawdown 0.00% within limits
[2026-04-07 09:52:40] ✅ Consecutive Losses: Consecutive losses (0) within limits
[2026-04-07 09:52:40] ✅ Balance: Balance check skipped (no data)
[2026-04-07 09:52:40] ❌ API Connectivity: Bybit API credentials not configured
[2026-04-07 09:52:40] --------------------------------------------------
[2026-04-07 09:52:40] 🛑 CIRCUIT BREAKER: TRIPPED
[2026-04-07 09:52:40]    Reason: Bybit API credentials not configured
[2026-04-07 09:52:40]    Tripped at: 2026-04-07T00:00:02.220666
[2026-04-07 09:53:27] ==================================================
[2026-04-07 09:53:27] 🔍 Running Circuit Breaker Check
[2026-04-07 09:53:27] ✅ Daily Drawdown: Daily drawdown 0.00% within limits
[2026-04-07 09:53:27] ✅ Consecutive Losses: Consecutive losses (0) within limits
[2026-04-07 09:53:27] ✅ Balance: Balance check skipped (no data)
[2026-04-07 09:53:27] ✅ API Connectivity: API credentials configured
[2026-04-07 09:53:27] --------------------------------------------------
[2026-04-07 09:53:27] ✅ CIRCUIT BREAKER: NORMAL
[2026-04-07 09:53:27]    Daily P&L: 0.00%
[2026-04-07 09:53:27]    Consecutive Losses: 0
[2026-04-07 09:54:27] ==================================================
[2026-04-07 09:54:27] 🔍 Running Circuit Breaker Check
[2026-04-07 09:54:27] ✅ Daily Drawdown: Daily drawdown 0.00% within limits
[2026-04-07 09:54:27] ✅ Consecutive Losses: Consecutive losses (0) within limits
[2026-04-07 09:54:27] ✅ Balance: Balance check skipped (no data)
[2026-04-07 09:54:27] ✅ API Connectivity: API credentials configured
[2026-04-07 09:54:27] --------------------------------------------------
[2026-04-07 09:54:27] ✅ CIRCUIT BREAKER: NORMAL
[2026-04-07 09:54:27]    Daily P&L: 0.00%
[2026-04-07 09:54:27]    Consecutive Losses: 0
[2026-04-07 09:55:01] ==================================================
[2026-04-07 09:55:01] 🔍 Running Circuit Breaker Check
[2026-04-07 09:55:01] ✅ Daily Drawdown: Daily drawdown 0.00% within limits
[2026-04-07 09:55:01] ✅ Consecutive Losses: Consecutive losses (0) within limits
[2026-04-07 09:55:01] ✅ Balance: Balance check skipped (no data)
[2026-04-07 09:55:01] ✅ API Connectivity: API credentials configured
[2026-04-07 09:55:01] --------------------------------------------------
[2026-04-07 09:55:01] ✅ CIRCUIT BREAKER: NORMAL
[2026-04-07 09:55:01]    Daily P&L: 0.00%
[2026-04-07 09:55:01]    Consecutive Losses: 0
[2026-04-07 10:00:01] ==================================================
[2026-04-07 10:00:01] 🔍 Running Circuit Breaker Check
[2026-04-07 10:00:01] ✅ Daily Drawdown: Daily drawdown 0.00% within limits
[2026-04-07 10:00:01] ✅ Consecutive Losses: Consecutive losses (0) within limits
[2026-04-07 10:00:01] ✅ Balance: Balance check skipped (no data)
[2026-04-07 10:00:01] ✅ API Connectivity: API credentials configured
[2026-04-07 10:00:01] --------------------------------------------------
[2026-04-07 10:00:01] ✅ CIRCUIT BREAKER: NORMAL
[2026-04-07 10:00:01]    Daily P&L: 0.00%
[2026-04-07 10:00:01]    Consecutive Losses: 0
[2026-04-07 10:05:02] ==================================================
[2026-04-07 10:05:02] 🔍 Running Circuit Breaker Check
[2026-04-07 10:05:02] ✅ Daily Drawdown: Daily drawdown 0.00% within limits
[2026-04-07 10:05:02] ✅ Consecutive Losses: Consecutive losses (0) within limits
[2026-04-07 10:05:02] ✅ Balance: Balance check skipped (no data)
[2026-04-07 10:05:02] ✅ API Connectivity: API credentials configured
[2026-04-07 10:05:02] --------------------------------------------------
[2026-04-07 10:05:02] ✅ CIRCUIT BREAKER: NORMAL
[2026-04-07 10:05:02]    Daily P&L: 0.00%
[2026-04-07 10:05:02]    Consecutive Losses: 0
[2026-04-07 10:10:01] ==================================================
[2026-04-07 10:10:01] 🔍 Running Circuit Breaker Check
[2026-04-07 10:10:01] ✅ Daily Drawdown: Daily drawdown 0.00% within limits
[2026-04-07 10:10:01] ✅ Consecutive Losses: Consecutive losses (0) within limits
[2026-04-07 10:10:01] ✅ Balance: Balance check skipped (no data)
[2026-04-07 10:10:01] ✅ API Connectivity: API credentials configured
[2026-04-07 10:10:01] --------------------------------------------------
[2026-04-07 10:10:01] ✅ CIRCUIT BREAKER: NORMAL
[2026-04-07 10:10:01]    Daily P&L: 0.00%
[2026-04-07 10:10:01]    Consecutive Losses: 0
[2026-04-07 10:15:01] ==================================================
[2026-04-07 10:15:01] 🔍 Running Circuit Breaker Check
[2026-04-07 10:15:01] ✅ Daily Drawdown: Daily drawdown 0.00% within limits
[2026-04-07 10:15:01] ✅ Consecutive Losses: Consecutive losses (0) within limits
[2026-04-07 10:15:01] ✅ Balance: Balance check skipped (no data)
[2026-04-07 10:15:01] ✅ API Connectivity: API credentials configured
[2026-04-07 10:15:01] --------------------------------------------------
[2026-04-07 10:15:01] ✅ CIRCUIT BREAKER: NORMAL
[2026-04-07 10:15:01]    Daily P&L: 0.00%
[2026-04-07 10:15:01]    Consecutive Losses: 0
[2026-04-07 10:16:16] ==================================================
[2026-04-07 10:16:16] 🔍 Running Circuit Breaker Check
[2026-04-07 10:16:16] ✅ Daily Drawdown: Daily drawdown 0.00% within limits
[2026-04-07 10:16:16] ✅ Consecutive Losses: Consecutive losses (0) within limits
[2026-04-07 10:16:16] ✅ Balance: Balance check skipped (no data)
[2026-04-07 10:16:16] ✅ API Connectivity: API credentials configured
[2026-04-07 10:16:16] --------------------------------------------------
[2026-04-07 10:16:16] ✅ CIRCUIT BREAKER: NORMAL
[2026-04-07 10:16:16]    Daily P&L: 0.00%
[2026-04-07 10:16:16]    Consecutive Losses: 0
[2026-04-07 10:19:17] ==================================================
[2026-04-07 10:19:17] 🔍 Running Circuit Breaker Check
[2026-04-07 10:19:17] ✅ Daily Drawdown: Daily drawdown 0.00% within limits
[2026-04-07 10:19:17] ✅ Consecutive Losses: Consecutive losses (0) within limits
[2026-04-07 10:19:17] ✅ Balance: Balance check skipped (no data)
[2026-04-07 10:19:17] ✅ API Connectivity: API credentials configured
[2026-04-07 10:19:17] --------------------------------------------------
[2026-04-07 10:19:17] ✅ CIRCUIT BREAKER: NORMAL
[2026-04-07 10:19:17]    Daily P&L: 0.00%
[2026-04-07 10:19:17]    Consecutive Losses: 0
[2026-04-07 11:08:34] ==================================================
[2026-04-07 11:08:35] 🔍 Running Circuit Breaker Check
[2026-04-07 11:08:35] ==================================================
[2026-04-07 11:08:35] 🔍 Running Circuit Breaker Check
[2026-04-07 11:08:35] ✅ Daily Drawdown: Daily drawdown 0.00% within limits
[2026-04-07 11:08:35] ✅ Daily Drawdown: Daily drawdown 0.00% within limits
[2026-04-07 11:08:35] ✅ Consecutive Losses: Consecutive losses (0) within limits
[2026-04-07 11:08:35] ✅ Balance: Balance check skipped (no data)
[2026-04-07 11:08:35] ✅ Consecutive Losses: Consecutive losses (0) within limits
[2026-04-07 11:08:35] ✅ API Connectivity: API credentials configured
[2026-04-07 11:08:35] ==================================================
[2026-04-07 11:08:35] 🔍 Running Circuit Breaker Check
[2026-04-07 11:08:35] --------------------------------------------------
[2026-04-07 11:08:35] ✅ CIRCUIT BREAKER: NORMAL
[2026-04-07 11:08:35]    Daily P&L: 0.00%
[2026-04-07 11:08:35]    Consecutive Losses: 0
[2026-04-07 11:08:35] ✅ Balance: Balance check skipped (no data)
[2026-04-07 11:08:35] ✅ API Connectivity: API credentials configured
[2026-04-07 11:08:35] --------------------------------------------------
[2026-04-07 11:08:35] ✅ CIRCUIT BREAKER: NORMAL
[2026-04-07 11:08:35]    Daily P&L: 0.00%
[2026-04-07 11:08:35] ✅ Daily Drawdown: Daily drawdown 0.00% within limits
[2026-04-07 11:08:35] ✅ Consecutive Losses: Consecutive losses (0) within limits
[2026-04-07 11:08:35] ✅ Balance: Balance check skipped (no data)
[2026-04-07 11:08:35]    Consecutive Losses: 0
[2026-04-07 11:08:35] ✅ API Connectivity: API credentials configured
[2026-04-07 11:08:35] ==================================================
[2026-04-07 11:08:35] 🔍 Running Circuit Breaker Check
[2026-04-07 11:08:35] ==================================================
[2026-04-07 11:08:35] 🔍 Running Circuit Breaker Check
[2026-04-07 11:08:35] ✅ Daily Drawdown: Daily drawdown 0.00% within limits
[2026-04-07 11:08:35] ✅ Consecutive Losses: Consecutive losses (0) within limits
[2026-04-07 11:08:35] ✅ Balance: Balance check skipped (no data)
[2026-04-07 11:08:35] ✅ API Connectivity: API credentials configured
[2026-04-07 11:08:35] ✅ Daily Drawdown: Daily drawdown 0.00% within limits
[2026-04-07 11:08:35] --------------------------------------------------
[2026-04-07 11:08:36] ✅ CIRCUIT BREAKER: NORMAL
[2026-04-07 11:08:36]    Daily P&L: 0.00%
[2026-04-07 11:08:36] --------------------------------------------------
[2026-04-07 11:08:36] ✅ CIRCUIT BREAKER: NORMAL
[2026-04-07 11:08:36]    Daily P&L: 0.00%
[2026-04-07 11:08:36]    Consecutive Losses: 0
[2026-04-07 11:08:36] ==================================================
[2026-04-07 11:08:36] 🔍 Running Circuit Breaker Check
[2026-04-07 11:08:36] ✅ Daily Drawdown: Daily drawdown 0.00% within limits
[2026-04-07 11:08:36] ✅ Consecutive Losses: Consecutive losses (0) within limits
[2026-04-07 11:08:36] ==================================================
[2026-04-07 11:08:36] 🔍 Running Circuit Breaker Check
[2026-04-07 11:08:36] ✅ Daily Drawdown: Daily drawdown 0.00% within limits
[2026-04-07 11:08:36] ✅ Consecutive Losses: Consecutive losses (0) within limits
[2026-04-07 11:08:36]    Consecutive Losses: 0
[2026-04-07 11:08:35] ✅ Consecutive Losses: Consecutive losses (0) within limits
[2026-04-07 11:08:36] ✅ Balance: Balance check skipped (no data)
[2026-04-07 11:08:36] ✅ API Connectivity: API credentials configured
[2026-04-07 11:08:36] ✅ Balance: Balance check skipped (no data)
[2026-04-07 11:08:36] ✅ API Connectivity: API credentials configured
[2026-04-07 11:08:36] ✅ Balance: Balance check skipped (no data)
[2026-04-07 11:08:36] ✅ API Connectivity: API credentials configured
[2026-04-07 11:08:36] --------------------------------------------------
[2026-04-07 11:08:36] ✅ CIRCUIT BREAKER: NORMAL
[2026-04-07 11:08:36] --------------------------------------------------
[2026-04-07 11:08:36] ✅ CIRCUIT BREAKER: NORMAL
[2026-04-07 11:08:36] --------------------------------------------------
[2026-04-07 11:08:36] ✅ CIRCUIT BREAKER: NORMAL
[2026-04-07 11:08:36]    Daily P&L: 0.00%
[2026-04-07 11:08:36]    Consecutive Losses: 0
[2026-04-07 11:08:36]    Daily P&L: 0.00%
[2026-04-07 11:08:36]    Consecutive Losses: 0
[2026-04-07 11:08:36]    Daily P&L: 0.00%
[2026-04-07 11:08:36]    Consecutive Losses: 0
[2026-04-07 11:08:37] ==================================================
[2026-04-07 11:08:38] 🔍 Running Circuit Breaker Check
[2026-04-07 11:08:37] ==================================================
[2026-04-07 11:08:38] 🔍 Running Circuit Breaker Check
[2026-04-07 11:08:38] ==================================================
[2026-04-07 11:08:38] 🔍 Running Circuit Breaker Check
[2026-04-07 11:08:38] ✅ Daily Drawdown: Daily drawdown 0.00% within limits
[2026-04-07 11:08:38] ✅ Consecutive Losses: Consecutive losses (0) within limits
[2026-04-07 11:08:38] ✅ Daily Drawdown: Daily drawdown 0.00% within limits
[2026-04-07 11:08:38] ✅ Consecutive Losses: Consecutive losses (0) within limits
[2026-04-07 11:08:38] ✅ Daily Drawdown: Daily drawdown 0.00% within limits
[2026-04-07 11:08:38] ✅ Consecutive Losses: Consecutive losses (0) within limits
[2026-04-07 11:08:38] ✅ Balance: Balance check skipped (no data)
[2026-04-07 11:08:38] ✅ API Connectivity: API credentials configured
[2026-04-07 11:08:38] ✅ Balance: Balance check skipped (no data)
[2026-04-07 11:08:38] ✅ API Connectivity: API credentials configured
[2026-04-07 11:08:38] ✅ Balance: Balance check skipped (no data)
[2026-04-07 11:08:38] ✅ API Connectivity: API credentials configured
[2026-04-07 11:08:38] --------------------------------------------------
[2026-04-07 11:08:38] ✅ CIRCUIT BREAKER: NORMAL
[2026-04-07 11:08:38]    Daily P&L: 0.00%
[2026-04-07 11:08:38]    Consecutive Losses: 0
[2026-04-07 11:08:38] --------------------------------------------------
[2026-04-07 11:08:38] ✅ CIRCUIT BREAKER: NORMAL
[2026-04-07 11:08:38]    Daily P&L: 0.00%
[2026-04-07 11:08:38]    Consecutive Losses: 0
[2026-04-07 11:08:38] --------------------------------------------------
[2026-04-07 11:08:38] ✅ CIRCUIT BREAKER: NORMAL
[2026-04-07 11:08:38]    Daily P&L: 0.00%
[2026-04-07 11:08:38]    Consecutive Losses: 0
[2026-04-07 16:09:37] ==================================================
[2026-04-07 16:09:37] ==================================================
[2026-04-07 16:09:37] ==================================================
[2026-04-07 16:09:38] 🔍 Running Circuit Breaker Check
[2026-04-07 16:09:38] 🔍 Running Circuit Breaker Check
[2026-04-07 16:09:37] ==================================================
[2026-04-07 16:09:38] 🔍 Running Circuit Breaker Check
[2026-04-07 16:09:38] 🔍 Running Circuit Breaker Check
[2026-04-07 16:09:37] ==================================================
[2026-04-07 16:09:38] 🔍 Running Circuit Breaker Check
[2026-04-07 16:14:32] ✅ Daily Drawdown: Daily drawdown 0.00% within limits
[2026-04-07 16:14:35] ✅ Daily Drawdown: Daily drawdown 0.00% within limits
[2026-04-07 16:15:05] ✅ Daily Drawdown: Daily drawdown 0.00% within limits
[2026-04-07 16:14:45] ✅ Daily Drawdown: Daily drawdown 0.00% within limits
[2026-04-07 16:14:35] ✅ Daily Drawdown: Daily drawdown 0.00% within limits
[2026-04-07 16:19:24] ✅ Consecutive Losses: Consecutive losses (0) within limits
[2026-04-07 16:19:37] ✅ Consecutive Losses: Consecutive losses (0) within limits
[2026-04-07 16:19:37] ✅ Consecutive Losses: Consecutive losses (0) within limits
[2026-04-07 16:19:51] ✅ Consecutive Losses: Consecutive losses (0) within limits
[2026-04-07 16:19:38] ✅ Consecutive Losses: Consecutive losses (0) within limits
[2026-04-07 16:22:45] ✅ Balance: Balance check skipped (no data)
[2026-04-07 16:22:50] ✅ Balance: Balance check skipped (no data)
[2026-04-07 16:22:58] ✅ Balance: Balance check skipped (no data)
[2026-04-07 16:22:56] ✅ Balance: Balance check skipped (no data)
[2026-04-07 16:23:04] ✅ Balance: Balance check skipped (no data)
[2026-04-07 16:23:55] ✅ API Connectivity: API credentials configured
[2026-04-07 16:24:30] ✅ API Connectivity: API credentials configured
[2026-04-07 16:24:19] ✅ API Connectivity: API credentials configured
[2026-04-07 16:24:56] ✅ API Connectivity: API credentials configured
[2026-04-07 16:24:32] ✅ API Connectivity: API credentials configured
[2026-04-07 16:31:29] --------------------------------------------------
[2026-04-07 16:31:29] ✅ CIRCUIT BREAKER: NORMAL
[2026-04-07 16:31:29]    Daily P&L: 0.00%
[2026-04-07 16:31:29]    Consecutive Losses: 0
[2026-04-07 16:31:29] --------------------------------------------------
[2026-04-07 16:31:29] ✅ CIRCUIT BREAKER: NORMAL
[2026-04-07 16:31:29]    Daily P&L: 0.00%
[2026-04-07 16:31:29]    Consecutive Losses: 0
[2026-04-07 16:31:29] --------------------------------------------------
[2026-04-07 16:31:29] ✅ CIRCUIT BREAKER: NORMAL
[2026-04-07 16:31:29] --------------------------------------------------
[2026-04-07 16:31:29] ✅ CIRCUIT BREAKER: NORMAL
[2026-04-07 16:31:29]    Daily P&L: 0.00%
[2026-04-07 16:31:29]    Consecutive Losses: 0
[2026-04-07 16:31:29]    Daily P&L: 0.00%
[2026-04-07 16:31:29]    Consecutive Losses: 0
[2026-04-07 16:31:29] --------------------------------------------------
[2026-04-07 16:31:29] ✅ CIRCUIT BREAKER: NORMAL
[2026-04-07 16:31:29]    Daily P&L: 0.00%
[2026-04-07 16:31:29]    Consecutive Losses: 0
[2026-04-07 16:32:41] ==================================================
[2026-04-07 16:34:05] 🔍 Running Circuit Breaker Check
[2026-04-07 16:35:42] ✅ Daily Drawdown: Daily drawdown 0.00% within limits
[2026-04-07 16:37:05] ✅ Consecutive Losses: Consecutive losses (0) within limits
[2026-04-07 16:40:07] ✅ Balance: Balance check skipped (no data)
[2026-04-07 16:40:28] ==================================================
[2026-04-07 16:42:05] ✅ API Connectivity: API credentials configured
[2026-04-07 16:42:54] 🔍 Running Circuit Breaker Check
[2026-04-07 16:43:24] ==================================================
[2026-04-07 16:46:08] 🔍 Running Circuit Breaker Check
[2026-04-07 16:47:12] ==================================================
[2026-04-07 16:48:52] --------------------------------------------------
[2026-04-07 16:48:52] 🔍 Running Circuit Breaker Check
[2026-04-07 16:49:45] ✅ Daily Drawdown: Daily drawdown 0.00% within limits
[2026-04-07 16:49:35] ✅ CIRCUIT BREAKER: NORMAL
[2026-04-07 16:51:08]    Daily P&L: 0.00%
[2026-04-07 16:51:16] ✅ Consecutive Losses: Consecutive losses (0) within limits
[2026-04-07 16:51:49] ✅ Daily Drawdown: Daily drawdown 0.00% within limits
[2026-04-07 16:52:54]    Consecutive Losses: 0
[2026-04-07 16:54:09] ✅ Consecutive Losses: Consecutive losses (0) within limits
[2026-04-07 16:54:38] ✅ Balance: Balance check skipped (no data)
[2026-04-07 16:58:45] ✅ API Connectivity: API credentials configured
[2026-04-07 16:58:57] ==================================================
[2026-04-07 16:58:57] 🔍 Running Circuit Breaker Check
[2026-04-07 16:58:57] ✅ Balance: Balance check skipped (no data)
[2026-04-07 16:58:57] ✅ API Connectivity: API credentials configured
[2026-04-07 16:58:57] ==================================================
[2026-04-07 16:58:57] 🔍 Running Circuit Breaker Check
[2026-04-07 16:58:57] --------------------------------------------------
[2026-04-07 16:58:57] ✅ CIRCUIT BREAKER: NORMAL
[2026-04-07 16:58:57]    Daily P&L: 0.00%
[2026-04-07 16:58:57]    Consecutive Losses: 0
[2026-04-07 16:58:58] ✅ Daily Drawdown: Daily drawdown 0.00% within limits
[2026-04-07 16:58:58] ✅ Consecutive Losses: Consecutive losses (0) within limits
[2026-04-07 16:58:58] ✅ Daily Drawdown: Daily drawdown 0.00% within limits
[2026-04-07 16:58:58] ✅ Consecutive Losses: Consecutive losses (0) within limits
[2026-04-07 16:58:58] ✅ Balance: Balance check skipped (no data)
[2026-04-07 16:58:58] ✅ API Connectivity: API credentials configured
[2026-04-07 16:58:58] ✅ Balance: Balance check skipped (no data)
[2026-04-07 16:58:58] ✅ API Connectivity: API credentials configured
[2026-04-07 16:58:58] --------------------------------------------------
[2026-04-07 16:58:58] ✅ CIRCUIT BREAKER: NORMAL
[2026-04-07 16:58:58]    Daily P&L: 0.00%
[2026-04-07 16:58:58]    Consecutive Losses: 0
[2026-04-07 16:58:58] --------------------------------------------------
[2026-04-07 16:58:58] ✅ CIRCUIT BREAKER: NORMAL
[2026-04-07 16:58:58]    Daily P&L: 0.00%
[2026-04-07 16:58:58]    Consecutive Losses: 0
[2026-04-07 16:58:58] --------------------------------------------------
[2026-04-07 16:58:58] ✅ CIRCUIT BREAKER: NORMAL
[2026-04-07 16:58:58]    Daily P&L: 0.00%
[2026-04-07 16:58:58]    Consecutive Losses: 0
[2026-04-07 17:08:47] ==================================================
[2026-04-07 17:08:48] ==================================================
[2026-04-07 17:08:48] ==================================================
[2026-04-07 17:08:48] ==================================================
[2026-04-07 17:08:48] ==================================================
[2026-04-07 17:13:10] 🔍 Running Circuit Breaker Check
[2026-04-07 17:13:13] 🔍 Running Circuit Breaker Check
[2026-04-07 17:13:16] 🔍 Running Circuit Breaker Check
[2026-04-07 17:13:16] 🔍 Running Circuit Breaker Check
[2026-04-07 17:14:11] 🔍 Running Circuit Breaker Check
[2026-04-07 17:21:44] ✅ Daily Drawdown: Daily drawdown 0.00% within limits
[2026-04-07 17:21:32] ✅ Daily Drawdown: Daily drawdown 0.00% within limits
[2026-04-07 17:21:44] ✅ Daily Drawdown: Daily drawdown 0.00% within limits
[2026-04-07 17:21:46] ✅ Daily Drawdown: Daily drawdown 0.00% within limits
[2026-04-07 17:23:41] ✅ Consecutive Losses: Consecutive losses (0) within limits
[2026-04-07 17:23:41] ✅ Consecutive Losses: Consecutive losses (0) within limits
[2026-04-07 17:22:19] ✅ Daily Drawdown: Daily drawdown 0.00% within limits
[2026-04-07 17:23:41] ✅ Consecutive Losses: Consecutive losses (0) within limits
[2026-04-07 17:23:41] ✅ Consecutive Losses: Consecutive losses (0) within limits
[2026-04-07 17:23:41] ✅ Consecutive Losses: Consecutive losses (0) within limits
[2026-04-07 17:23:41] ✅ Balance: Balance check skipped (no data)
[2026-04-07 17:23:41] ✅ API Connectivity: API credentials configured
[2026-04-07 17:23:41] ✅ Balance: Balance check skipped (no data)
[2026-04-07 17:23:41] ✅ API Connectivity: API credentials configured
[2026-04-07 17:23:41] ✅ Balance: Balance check skipped (no data)
[2026-04-07 17:23:41] ✅ API Connectivity: API credentials configured
[2026-04-07 17:23:41] ✅ Balance: Balance check skipped (no data)
[2026-04-07 17:23:41] ✅ API Connectivity: API credentials configured
[2026-04-07 17:23:41] ✅ Balance: Balance check skipped (no data)
[2026-04-07 17:23:41] ✅ API Connectivity: API credentials configured
[2026-04-07 17:23:41] --------------------------------------------------
[2026-04-07 17:23:41] ✅ CIRCUIT BREAKER: NORMAL
[2026-04-07 17:23:41]    Daily P&L: 0.00%
[2026-04-07 17:23:41]    Consecutive Losses: 0
[2026-04-07 17:23:42] --------------------------------------------------
[2026-04-07 17:23:42] ✅ CIRCUIT BREAKER: NORMAL
[2026-04-07 17:23:42]    Daily P&L: 0.00%
[2026-04-07 17:23:42]    Consecutive Losses: 0
[2026-04-07 17:23:42] --------------------------------------------------
[2026-04-07 17:23:42] ✅ CIRCUIT BREAKER: NORMAL
[2026-04-07 17:23:42]    Daily P&L: 0.00%
[2026-04-07 17:23:42]    Consecutive Losses: 0
[2026-04-07 17:23:42] --------------------------------------------------
[2026-04-07 17:23:42] ✅ CIRCUIT BREAKER: NORMAL
[2026-04-07 17:23:42]    Daily P&L: 0.00%
[2026-04-07 17:23:42]    Consecutive Losses: 0
[2026-04-07 17:23:42] --------------------------------------------------
[2026-04-07 17:23:42] ✅ CIRCUIT BREAKER: NORMAL
[2026-04-07 17:23:42]    Daily P&L: 0.00%
[2026-04-07 17:23:42]    Consecutive Losses: 0
[2026-04-07 17:25:12] ==================================================
[2026-04-07 17:25:17] ==================================================
[2026-04-07 17:26:45] 🔍 Running Circuit Breaker Check
[2026-04-07 17:26:42] 🔍 Running Circuit Breaker Check
[2026-04-07 17:28:22] ✅ Daily Drawdown: Daily drawdown 0.00% within limits
[2026-04-07 17:28:45] ✅ Daily Drawdown: Daily drawdown 0.00% within limits
[2026-04-07 17:29:12] ✅ Consecutive Losses: Consecutive losses (0) within limits
[2026-04-07 17:29:51] ✅ Consecutive Losses: Consecutive losses (0) within limits
[2026-04-07 17:31:23] ✅ Balance: Balance check skipped (no data)
[2026-04-07 17:31:39] ✅ API Connectivity: API credentials configured
[2026-04-07 17:31:39] ✅ Balance: Balance check skipped (no data)
[2026-04-07 17:31:39] ✅ API Connectivity: API credentials configured
[2026-04-07 17:31:39] --------------------------------------------------
[2026-04-07 17:31:39] ✅ CIRCUIT BREAKER: NORMAL
[2026-04-07 17:31:39]    Daily P&L: 0.00%
[2026-04-07 17:31:39]    Consecutive Losses: 0
[2026-04-07 17:31:39] --------------------------------------------------
[2026-04-07 17:31:39] ✅ CIRCUIT BREAKER: NORMAL
[2026-04-07 17:31:39]    Daily P&L: 0.00%
[2026-04-07 17:31:39]    Consecutive Losses: 0
[2026-04-07 17:31:39] ==================================================
[2026-04-07 17:31:40] 🔍 Running Circuit Breaker Check
[2026-04-07 17:31:40] ✅ Daily Drawdown: Daily drawdown 0.00% within limits
[2026-04-07 17:31:40] ✅ Consecutive Losses: Consecutive losses (0) within limits
[2026-04-07 17:31:41] ✅ Balance: Balance check skipped (no data)
[2026-04-07 17:31:41] ✅ API Connectivity: API credentials configured
[2026-04-07 17:46:34] --------------------------------------------------
[2026-04-07 17:49:23] ✅ CIRCUIT BREAKER: NORMAL
[2026-04-07 17:50:46]    Daily P&L: 0.00%
[2026-04-07 17:51:26]    Consecutive Losses: 0
[2026-04-08 00:54:56] ==================================================
[2026-04-08 00:54:56] 🔍 Running Circuit Breaker Check
[2026-04-08 00:54:56] 🌅 New day - resetting daily counters
[2026-04-08 00:54:56] ✅ Daily Drawdown: Daily drawdown 0.00% within limits
[2026-04-08 00:54:56] ✅ Consecutive Losses: Consecutive losses (0) within limits
[2026-04-08 00:54:56] ✅ Balance: Balance check skipped (no data)
[2026-04-08 00:54:56] ✅ API Connectivity: API credentials configured
[2026-04-08 00:54:56] --------------------------------------------------
[2026-04-08 00:54:56] ✅ CIRCUIT BREAKER: NORMAL
[2026-04-08 00:54:56]    Daily P&L: 0.00%
[2026-04-08 00:54:56]    Consecutive Losses: 0
[2026-04-08 00:54:57] ==================================================
[2026-04-08 00:54:57] 🔍 Running Circuit Breaker Check
[2026-04-08 00:54:57] ✅ Daily Drawdown: Daily drawdown 0.00% within limits
[2026-04-08 00:54:57] ✅ Consecutive Losses: Consecutive losses (0) within limits
[2026-04-08 00:54:57] ✅ Balance: Balance check skipped (no data)
[2026-04-08 00:54:57] ✅ API Connectivity: API credentials configured
[2026-04-08 00:54:57] --------------------------------------------------
[2026-04-08 00:54:57] ✅ CIRCUIT BREAKER: NORMAL
[2026-04-08 00:54:57]    Daily P&L: 0.00%
[2026-04-08 00:54:57]    Consecutive Losses: 0
[2026-04-08 00:55:09] ==================================================
[2026-04-08 00:55:09] 🔍 Running Circuit Breaker Check
[2026-04-08 00:55:09] ✅ Daily Drawdown: Daily drawdown 0.00% within limits
[2026-04-08 00:55:09] ✅ Consecutive Losses: Consecutive losses (0) within limits
[2026-04-08 00:55:09] ✅ Balance: Balance check skipped (no data)
[2026-04-08 00:55:09] ✅ API Connectivity: API credentials configured
[2026-04-08 00:55:09] --------------------------------------------------
[2026-04-08 00:55:09] ✅ CIRCUIT BREAKER: NORMAL
[2026-04-08 00:55:09]    Daily P&L: 0.00%
[2026-04-08 00:55:09]    Consecutive Losses: 0
[2026-04-08 00:55:13] ==================================================
[2026-04-08 00:55:13] 🔍 Running Circuit Breaker Check
[2026-04-08 00:55:13] ✅ Daily Drawdown: Daily drawdown 0.00% within limits
[2026-04-08 00:55:13] ✅ Consecutive Losses: Consecutive losses (0) within limits
[2026-04-08 00:55:13] ✅ Balance: Balance check skipped (no data)
[2026-04-08 00:55:13] ✅ API Connectivity: API credentials configured
[2026-04-08 00:55:13] --------------------------------------------------
[2026-04-08 00:55:13] ✅ CIRCUIT BREAKER: NORMAL
[2026-04-08 00:55:13]    Daily P&L: 0.00%
[2026-04-08 00:55:13]    Consecutive Losses: 0
[2026-04-08 00:55:14] ==================================================
[2026-04-08 00:55:14] 🔍 Running Circuit Breaker Check
[2026-04-08 00:55:14] ✅ Daily Drawdown: Daily drawdown 0.00% within limits
[2026-04-08 00:55:14] ✅ Consecutive Losses: Consecutive losses (0) within limits
[2026-04-08 00:55:14] ✅ Balance: Balance check skipped (no data)
[2026-04-08 00:55:14] ✅ API Connectivity: API credentials configured
[2026-04-08 00:55:14] --------------------------------------------------
[2026-04-08 00:55:14] ✅ CIRCUIT BREAKER: NORMAL
[2026-04-08 00:55:14]    Daily P&L: 0.00%
[2026-04-08 00:55:14]    Consecutive Losses: 0
[2026-04-08 00:55:21] ==================================================
[2026-04-08 00:55:21] 🔍 Running Circuit Breaker Check
[2026-04-08 00:55:21] ✅ Daily Drawdown: Daily drawdown 0.00% within limits
[2026-04-08 00:55:21] ==================================================
[2026-04-08 00:55:21] 🔍 Running Circuit Breaker Check
[2026-04-08 00:55:21] ✅ Daily Drawdown: Daily drawdown 0.00% within limits
[2026-04-08 00:55:21] ✅ Consecutive Losses: Consecutive losses (0) within limits
[2026-04-08 00:55:21] ✅ Consecutive Losses: Consecutive losses (0) within limits
[2026-04-08 00:55:21] ✅ Balance: Balance check skipped (no data)
[2026-04-08 00:55:21] ✅ API Connectivity: API credentials configured
[2026-04-08 00:55:21] ✅ Balance: Balance check skipped (no data)
[2026-04-08 00:55:21] ✅ API Connectivity: API credentials configured
[2026-04-08 00:55:21] --------------------------------------------------
[2026-04-08 00:55:21] ==================================================
[2026-04-08 00:55:21] 🔍 Running Circuit Breaker Check
[2026-04-08 00:55:21] ✅ Daily Drawdown: Daily drawdown 0.00% within limits
[2026-04-08 00:55:21] ==================================================
[2026-04-08 00:55:21] 🔍 Running Circuit Breaker Check
[2026-04-08 00:55:21] ✅ Daily Drawdown: Daily drawdown 0.00% within limits
[2026-04-08 00:55:21] ✅ Consecutive Losses: Consecutive losses (0) within limits
[2026-04-08 00:55:21] ✅ Consecutive Losses: Consecutive losses (0) within limits
[2026-04-08 00:55:21] ✅ Balance: Balance check skipped (no data)
[2026-04-08 00:55:21] ✅ API Connectivity: API credentials configured
[2026-04-08 00:55:21] --------------------------------------------------
[2026-04-08 00:55:21] ✅ CIRCUIT BREAKER: NORMAL
[2026-04-08 00:55:21]    Daily P&L: 0.00%
[2026-04-08 00:55:21]    Consecutive Losses: 0
[2026-04-08 00:55:21] ✅ CIRCUIT BREAKER: NORMAL
[2026-04-08 00:55:21]    Daily P&L: 0.00%
[2026-04-08 00:55:21]    Consecutive Losses: 0
[2026-04-08 00:55:21] --------------------------------------------------
[2026-04-08 00:55:21] ✅ CIRCUIT BREAKER: NORMAL
[2026-04-08 00:55:21]    Daily P&L: 0.00%
[2026-04-08 00:55:21]    Consecutive Losses: 0
[2026-04-08 00:55:21] ✅ Balance: Balance check skipped (no data)
[2026-04-08 00:55:21] ✅ API Connectivity: API credentials configured
[2026-04-08 00:55:21] --------------------------------------------------
[2026-04-08 00:55:21] ✅ CIRCUIT BREAKER: NORMAL
[2026-04-08 00:55:21]    Daily P&L: 0.00%
[2026-04-08 00:55:21] ==================================================
[2026-04-08 00:55:21] 🔍 Running Circuit Breaker Check
[2026-04-08 00:55:21] ✅ Daily Drawdown: Daily drawdown 0.00% within limits
[2026-04-08 00:55:21] ✅ Consecutive Losses: Consecutive losses (0) within limits
[2026-04-08 00:55:21] ✅ Balance: Balance check skipped (no data)
[2026-04-08 00:55:21] ✅ API Connectivity: API credentials configured
[2026-04-08 00:55:21]    Consecutive Losses: 0
[2026-04-08 00:55:21] ==================================================
[2026-04-08 00:55:21] 🔍 Running Circuit Breaker Check
[2026-04-08 00:55:21] ✅ Daily Drawdown: Daily drawdown 0.00% within limits
[2026-04-08 00:55:21] ✅ Consecutive Losses: Consecutive losses (0) within limits
[2026-04-08 00:55:21] ✅ Balance: Balance check skipped (no data)
[2026-04-08 00:55:21] ✅ API Connectivity: API credentials configured
[2026-04-08 00:55:22] --------------------------------------------------
[2026-04-08 00:55:22] ✅ CIRCUIT BREAKER: NORMAL
[2026-04-08 00:55:22]    Daily P&L: 0.00%
[2026-04-08 00:55:22]    Consecutive Losses: 0
[2026-04-08 00:55:22] --------------------------------------------------
[2026-04-08 00:55:22] ✅ CIRCUIT BREAKER: NORMAL
[2026-04-08 00:55:22]    Daily P&L: 0.00%
[2026-04-08 00:55:22]    Consecutive Losses: 0
[2026-04-08 00:55:22] ==================================================
[2026-04-08 00:55:22] 🔍 Running Circuit Breaker Check
[2026-04-08 00:55:22] ✅ Daily Drawdown: Daily drawdown 0.00% within limits
[2026-04-08 00:55:22] ==================================================
[2026-04-08 00:55:22] 🔍 Running Circuit Breaker Check
[2026-04-08 00:55:22] ==================================================
[2026-04-08 00:55:22] 🔍 Running Circuit Breaker Check
[2026-04-08 00:55:22] ✅ Daily Drawdown: Daily drawdown 0.00% within limits
[2026-04-08 00:55:22] ✅ Consecutive Losses: Consecutive losses (0) within limits
[2026-04-08 00:55:22] ✅ Balance: Balance check skipped (no data)
[2026-04-08 00:55:22] ✅ API Connectivity: API credentials configured
[2026-04-08 00:55:22] --------------------------------------------------
[2026-04-08 00:55:22] ✅ CIRCUIT BREAKER: NORMAL
[2026-04-08 00:55:22]    Daily P&L: 0.00%
[2026-04-08 00:55:22]    Consecutive Losses: 0
[2026-04-08 00:55:22] ✅ Daily Drawdown: Daily drawdown 0.00% within limits
[2026-04-08 00:55:22] ✅ Consecutive Losses: Consecutive losses (0) within limits
[2026-04-08 00:55:22] ✅ Balance: Balance check skipped (no data)
[2026-04-08 00:55:22] ✅ API Connectivity: API credentials configured
[2026-04-08 00:55:22] ✅ Consecutive Losses: Consecutive losses (0) within limits
[2026-04-08 00:55:22] ✅ Balance: Balance check skipped (no data)
[2026-04-08 00:55:22] ✅ API Connectivity: API credentials configured
[2026-04-08 00:55:22] --------------------------------------------------
[2026-04-08 00:55:22] --------------------------------------------------
[2026-04-08 00:55:22] ✅ CIRCUIT BREAKER: NORMAL
[2026-04-08 00:55:22]    Daily P&L: 0.00%
[2026-04-08 00:55:22]    Consecutive Losses: 0
[2026-04-08 00:55:22] ✅ CIRCUIT BREAKER: NORMAL
[2026-04-08 00:55:22]    Daily P&L: 0.00%
[2026-04-08 00:55:22]    Consecutive Losses: 0
[2026-04-08 00:55:35] ==================================================
[2026-04-08 00:55:35] 🔍 Running Circuit Breaker Check
[2026-04-08 00:55:36] ✅ Daily Drawdown: Daily drawdown 0.00% within limits
[2026-04-08 00:55:36] ✅ Consecutive Losses: Consecutive losses (0) within limits
[2026-04-08 00:55:36] ✅ Balance: Balance check skipped (no data)
[2026-04-08 00:55:36] ✅ API Connectivity: API credentials configured
[2026-04-08 00:55:36] --------------------------------------------------
[2026-04-08 00:55:36] ✅ CIRCUIT BREAKER: NORMAL
[2026-04-08 00:55:36]    Daily P&L: 0.00%
[2026-04-08 00:55:36]    Consecutive Losses: 0
[2026-04-08 00:55:37] ==================================================
[2026-04-08 00:55:37] 🔍 Running Circuit Breaker Check
[2026-04-08 00:55:37] ==================================================
[2026-04-08 00:55:37] 🔍 Running Circuit Breaker Check
[2026-04-08 00:55:37] ✅ Daily Drawdown: Daily drawdown 0.00% within limits
[2026-04-08 00:55:37] ✅ Consecutive Losses: Consecutive losses (0) within limits
[2026-04-08 00:55:37] ✅ Balance: Balance check skipped (no data)
[2026-04-08 00:55:37] ✅ API Connectivity: API credentials configured
[2026-04-08 00:55:37] ✅ Daily Drawdown: Daily drawdown 0.00% within limits
[2026-04-08 00:55:38] ✅ Consecutive Losses: Consecutive losses (0) within limits
[2026-04-08 00:55:38] ✅ Balance: Balance check skipped (no data)
[2026-04-08 00:55:38] --------------------------------------------------
[2026-04-08 00:55:38] ✅ CIRCUIT BREAKER: NORMAL
[2026-04-08 00:55:38] ✅ API Connectivity: API credentials configured
[2026-04-08 00:55:38]    Daily P&L: 0.00%
[2026-04-08 00:55:38]    Consecutive Losses: 0
[2026-04-08 00:55:38] --------------------------------------------------
[2026-04-08 00:55:38] ✅ CIRCUIT BREAKER: NORMAL
[2026-04-08 00:55:38]    Daily P&L: 0.00%
[2026-04-08 00:55:38]    Consecutive Losses: 0
[2026-04-08 00:55:40] ==================================================
[2026-04-08 00:55:40] 🔍 Running Circuit Breaker Check
[2026-04-08 00:55:40] ✅ Daily Drawdown: Daily drawdown 0.00% within limits
[2026-04-08 00:55:40] ✅ Consecutive Losses: Consecutive losses (0) within limits
[2026-04-08 00:55:40] ✅ Balance: Balance check skipped (no data)
[2026-04-08 00:55:40] ✅ API Connectivity: API credentials configured
[2026-04-08 00:55:41] --------------------------------------------------
[2026-04-08 00:55:41] ✅ CIRCUIT BREAKER: NORMAL
[2026-04-08 00:55:41] ==================================================
[2026-04-08 00:55:41] 🔍 Running Circuit Breaker Check
[2026-04-08 00:55:41]    Daily P&L: 0.00%
[2026-04-08 00:55:41] ✅ Daily Drawdown: Daily drawdown 0.00% within limits
[2026-04-08 00:55:41]    Consecutive Losses: 0
[2026-04-08 00:55:41] ✅ Consecutive Losses: Consecutive losses (0) within limits
[2026-04-08 00:55:41] ==================================================
[2026-04-08 00:55:41] ✅ Balance: Balance check skipped (no data)
[2026-04-08 00:55:41] ✅ API Connectivity: API credentials configured
[2026-04-08 00:55:41] 🔍 Running Circuit Breaker Check
[2026-04-08 00:55:41] ✅ Daily Drawdown: Daily drawdown 0.00% within limits
[2026-04-08 00:55:41] ✅ Consecutive Losses: Consecutive losses (0) within limits
[2026-04-08 00:55:41] --------------------------------------------------
[2026-04-08 00:55:41] ✅ CIRCUIT BREAKER: NORMAL
[2026-04-08 00:55:41]    Daily P&L: 0.00%
[2026-04-08 00:55:41]    Consecutive Losses: 0
[2026-04-08 00:55:41] ✅ Balance: Balance check skipped (no data)
[2026-04-08 00:55:42] ✅ API Connectivity: API credentials configured
[2026-04-08 00:55:42] --------------------------------------------------
[2026-04-08 00:55:42] ✅ CIRCUIT BREAKER: NORMAL
[2026-04-08 00:55:42]    Daily P&L: 0.00%
[2026-04-08 00:55:43]    Consecutive Losses: 0
[2026-04-08 00:55:42] ==================================================
[2026-04-08 00:56:57] 🔍 Running Circuit Breaker Check
[2026-04-08 01:03:24] ✅ Daily Drawdown: Daily drawdown 0.00% within limits
[2026-04-08 01:06:49] ✅ Consecutive Losses: Consecutive losses (0) within limits
[2026-04-08 01:13:15] ✅ Balance: Balance check skipped (no data)
[2026-04-08 01:18:50] ✅ API Connectivity: API credentials configured
[2026-04-08 01:34:58] --------------------------------------------------
[2026-04-08 01:38:10] ✅ CIRCUIT BREAKER: NORMAL
[2026-04-08 01:42:13]    Daily P&L: 0.00%
[2026-04-08 01:42:57] ==================================================
[2026-04-08 01:42:57] ==================================================
[2026-04-08 01:42:57]    Consecutive Losses: 0
[2026-04-08 01:42:58] ==================================================
[2026-04-08 01:42:58] ==================================================
[2026-04-08 01:44:55] 🔍 Running Circuit Breaker Check
[2026-04-08 01:44:56] 🔍 Running Circuit Breaker Check
[2026-04-08 01:47:20] 🔍 Running Circuit Breaker Check
[2026-04-08 01:50:02] ✅ Daily Drawdown: Daily drawdown 0.00% within limits
[2026-04-08 01:50:02] ✅ Consecutive Losses: Consecutive losses (0) within limits
[2026-04-08 01:47:16] 🔍 Running Circuit Breaker Check
[2026-04-08 01:50:02] ✅ Daily Drawdown: Daily drawdown 0.00% within limits
[2026-04-08 01:50:02] ✅ Consecutive Losses: Consecutive losses (0) within limits
[2026-04-08 01:46:52] ==================================================
[2026-04-08 01:50:02] 🔍 Running Circuit Breaker Check
[2026-04-08 01:50:02] ✅ Daily Drawdown: Daily drawdown 0.00% within limits
[2026-04-08 01:50:02] ✅ Consecutive Losses: Consecutive losses (0) within limits
[2026-04-08 01:50:02] ✅ Daily Drawdown: Daily drawdown 0.00% within limits
[2026-04-08 01:50:02] ✅ Consecutive Losses: Consecutive losses (0) within limits
[2026-04-08 01:50:02] ✅ Balance: Balance check skipped (no data)
[2026-04-08 01:50:02] ✅ API Connectivity: API credentials configured
[2026-04-08 01:50:02] ✅ Balance: Balance check skipped (no data)
[2026-04-08 01:50:02] ✅ API Connectivity: API credentials configured
[2026-04-08 01:50:02] ✅ Balance: Balance check skipped (no data)
[2026-04-08 01:50:02] ✅ API Connectivity: API credentials configured
[2026-04-08 01:50:02] ✅ Balance: Balance check skipped (no data)
[2026-04-08 01:50:02] ✅ API Connectivity: API credentials configured
[2026-04-08 01:50:02] ✅ Daily Drawdown: Daily drawdown 0.00% within limits
[2026-04-08 01:50:03] ✅ Consecutive Losses: Consecutive losses (0) within limits
[2026-04-08 01:50:03] ✅ Balance: Balance check skipped (no data)
[2026-04-08 01:50:03] ✅ API Connectivity: API credentials configured
[2026-04-08 01:50:03] --------------------------------------------------
[2026-04-08 01:50:03] ✅ CIRCUIT BREAKER: NORMAL
[2026-04-08 01:50:03]    Daily P&L: 0.00%
[2026-04-08 01:50:03]    Consecutive Losses: 0
[2026-04-08 01:50:03] --------------------------------------------------
[2026-04-08 01:50:03] ✅ CIRCUIT BREAKER: NORMAL
[2026-04-08 01:50:03]    Daily P&L: 0.00%
[2026-04-08 01:50:03]    Consecutive Losses: 0
[2026-04-08 01:50:03] --------------------------------------------------
[2026-04-08 01:50:03] ✅ CIRCUIT BREAKER: NORMAL
[2026-04-08 01:50:03]    Daily P&L: 0.00%
[2026-04-08 01:50:03]    Consecutive Losses: 0
[2026-04-08 01:50:03] --------------------------------------------------
[2026-04-08 01:50:03] ✅ CIRCUIT BREAKER: NORMAL
[2026-04-08 01:50:03]    Daily P&L: 0.00%
[2026-04-08 01:50:03]    Consecutive Losses: 0
[2026-04-08 01:50:03] --------------------------------------------------
[2026-04-08 01:50:03] ✅ CIRCUIT BREAKER: NORMAL
[2026-04-08 01:50:03]    Daily P&L: 0.00%
[2026-04-08 01:50:03]    Consecutive Losses: 0
[2026-04-08 01:50:05] ==================================================
[2026-04-08 01:50:05] 🔍 Running Circuit Breaker Check
[2026-04-08 01:50:05] ✅ Daily Drawdown: Daily drawdown 0.00% within limits
[2026-04-08 01:50:05] ✅ Consecutive Losses: Consecutive losses (0) within limits
[2026-04-08 01:50:05] ✅ Balance: Balance check skipped (no data)
[2026-04-08 01:50:05] ✅ API Connectivity: API credentials configured
[2026-04-08 01:50:05] --------------------------------------------------
[2026-04-08 01:50:06] ✅ CIRCUIT BREAKER: NORMAL
[2026-04-08 01:50:06]    Daily P&L: 0.00%
[2026-04-08 01:50:06]    Consecutive Losses: 0
[2026-04-08 02:46:17] ==================================================
[2026-04-08 02:47:33] ==================================================
[2026-04-08 02:51:26] 🔍 Running Circuit Breaker Check
[2026-04-08 02:50:36] 🔍 Running Circuit Breaker Check
[2026-04-08 03:01:31] ✅ Daily Drawdown: Daily drawdown 0.00% within limits
[2026-04-08 03:02:53] ✅ Daily Drawdown: Daily drawdown 0.00% within limits
[2026-04-08 03:06:24] ✅ Consecutive Losses: Consecutive losses (0) within limits
[2026-04-08 03:06:59] ✅ Consecutive Losses: Consecutive losses (0) within limits
[2026-04-08 03:11:53] ✅ Balance: Balance check skipped (no data)
[2026-04-08 03:12:27] ✅ Balance: Balance check skipped (no data)
[2026-04-08 03:16:33] ✅ API Connectivity: API credentials configured
[2026-04-08 03:16:33] ✅ API Connectivity: API credentials configured
[2026-04-08 03:31:52] --------------------------------------------------
[2026-04-08 03:31:39] --------------------------------------------------
[2026-04-08 03:35:20] ✅ CIRCUIT BREAKER: NORMAL
[2026-04-08 03:35:28] ✅ CIRCUIT BREAKER: NORMAL
[2026-04-08 03:39:16]    Daily P&L: 0.00%
[2026-04-08 03:39:16]    Daily P&L: 0.00%
[2026-04-08 03:42:22]    Consecutive Losses: 0
[2026-04-08 03:43:05]    Consecutive Losses: 0
[2026-04-08 06:50:45] ==================================================
[2026-04-08 06:52:11] 🔍 Running Circuit Breaker Check
[2026-04-08 06:57:08] ✅ Daily Drawdown: Daily drawdown 0.00% within limits
[2026-04-08 07:01:32] ✅ Consecutive Losses: Consecutive losses (0) within limits
[2026-04-08 07:06:40] ✅ Balance: Balance check skipped (no data)
[2026-04-08 07:10:48] ✅ API Connectivity: API credentials configured
[2026-04-08 07:23:12] --------------------------------------------------
[2026-04-08 07:26:06] ✅ CIRCUIT BREAKER: NORMAL
[2026-04-08 07:29:46]    Daily P&L: 0.00%
[2026-04-08 07:32:41]    Consecutive Losses: 0
[2026-04-08 08:23:23] ==================================================
[2026-04-08 08:24:44] 🔍 Running Circuit Breaker Check
[2026-04-08 08:27:03] ✅ Daily Drawdown: Daily drawdown 0.00% within limits
[2026-04-08 08:28:39] ✅ Consecutive Losses: Consecutive losses (0) within limits
[2026-04-08 08:30:17] ==================================================
[2026-04-08 08:30:17] ✅ Balance: Balance check skipped (no data)
[2026-04-08 08:30:17] ✅ API Connectivity: API credentials configured
[2026-04-08 08:30:17] 🔍 Running Circuit Breaker Check
[2026-04-08 08:31:32] ==================================================
[2026-04-08 08:32:22] 🔍 Running Circuit Breaker Check
[2026-04-08 08:33:10] --------------------------------------------------
[2026-04-08 08:33:42] ✅ Daily Drawdown: Daily drawdown 0.00% within limits
[2026-04-08 08:33:37] ✅ CIRCUIT BREAKER: NORMAL
[2026-04-08 08:35:16] ✅ Consecutive Losses: Consecutive losses (0) within limits
[2026-04-08 08:35:20]    Daily P&L: 0.00%
[2026-04-08 08:35:31] ✅ Balance: Balance check skipped (no data)
[2026-04-08 08:35:33] ✅ API Connectivity: API credentials configured
[2026-04-08 08:35:27]    Consecutive Losses: 0
[2026-04-08 08:35:39] ==================================================
[2026-04-08 08:35:37] ==================================================
[2026-04-08 08:35:45] --------------------------------------------------
[2026-04-08 08:35:48] ✅ CIRCUIT BREAKER: NORMAL
[2026-04-08 08:35:48]    Daily P&L: 0.00%
[2026-04-08 08:35:48]    Consecutive Losses: 0
[2026-04-08 08:35:46] 🔍 Running Circuit Breaker Check
[2026-04-08 08:35:44] 🔍 Running Circuit Breaker Check
[2026-04-08 08:35:54] ==================================================
[2026-04-08 08:35:59] 🔍 Running Circuit Breaker Check
[2026-04-08 08:35:59] ==================================================
[2026-04-08 08:36:00] ✅ Daily Drawdown: Daily drawdown 0.00% within limits
[2026-04-08 08:36:01] 🔍 Running Circuit Breaker Check
[2026-04-08 08:36:00] ✅ Daily Drawdown: Daily drawdown 0.00% within limits
[2026-04-08 08:36:03] ✅ Consecutive Losses: Consecutive losses (0) within limits
[2026-04-08 08:36:04] ✅ Balance: Balance check skipped (no data)
[2026-04-08 08:36:04] ✅ Consecutive Losses: Consecutive losses (0) within limits
[2026-04-08 08:36:08] ✅ Daily Drawdown: Daily drawdown 0.00% within limits
[2026-04-08 08:36:09] ✅ Consecutive Losses: Consecutive losses (0) within limits
[2026-04-08 08:36:07] ✅ API Connectivity: API credentials configured
[2026-04-08 08:36:09] ✅ Balance: Balance check skipped (no data)
[2026-04-08 08:36:09] ✅ API Connectivity: API credentials configured
[2026-04-08 08:36:09] ✅ Daily Drawdown: Daily drawdown 0.00% within limits
[2026-04-08 08:36:09] ✅ Consecutive Losses: Consecutive losses (0) within limits
[2026-04-08 08:36:09] ✅ Balance: Balance check skipped (no data)
[2026-04-08 08:36:09] ✅ API Connectivity: API credentials configured
[2026-04-08 08:36:09] --------------------------------------------------
[2026-04-08 08:36:09] ✅ Balance: Balance check skipped (no data)
[2026-04-08 08:36:09] ✅ API Connectivity: API credentials configured
[2026-04-08 08:36:09] --------------------------------------------------
[2026-04-08 08:36:09] ✅ CIRCUIT BREAKER: NORMAL
[2026-04-08 08:36:09] ✅ CIRCUIT BREAKER: NORMAL
[2026-04-08 08:36:10]    Daily P&L: 0.00%
[2026-04-08 08:36:10]    Consecutive Losses: 0
[2026-04-08 08:36:09] --------------------------------------------------
[2026-04-08 08:36:10] ✅ CIRCUIT BREAKER: NORMAL
[2026-04-08 08:36:10]    Daily P&L: 0.00%
[2026-04-08 08:36:10]    Consecutive Losses: 0
[2026-04-08 08:36:09] --------------------------------------------------
[2026-04-08 08:36:10] ✅ CIRCUIT BREAKER: NORMAL
[2026-04-08 08:36:10]    Daily P&L: 0.00%
[2026-04-08 08:36:10]    Consecutive Losses: 0
[2026-04-08 08:36:10]    Daily P&L: 0.00%
[2026-04-08 08:36:10]    Consecutive Losses: 0
[2026-04-08 09:57:46] ==================================================
[2026-04-08 09:59:16] 🔍 Running Circuit Breaker Check
[2026-04-08 10:01:53] ✅ Daily Drawdown: Daily drawdown 0.00% within limits
[2026-04-08 10:02:14] ==================================================
[2026-04-08 10:02:55] ✅ Consecutive Losses: Consecutive losses (0) within limits
[2026-04-08 10:03:26] 🔍 Running Circuit Breaker Check
[2026-04-08 10:06:01] ✅ Balance: Balance check skipped (no data)
[2026-04-08 10:06:01] ✅ Daily Drawdown: Daily drawdown 0.00% within limits
[2026-04-08 10:09:31] ✅ API Connectivity: API credentials configured
[2026-04-08 10:09:50] ✅ Consecutive Losses: Consecutive losses (0) within limits
[2026-04-08 10:10:04] ==================================================
[2026-04-08 10:10:06] ==================================================
[2026-04-08 10:13:26] 🔍 Running Circuit Breaker Check
[2026-04-08 10:13:40] 🔍 Running Circuit Breaker Check
[2026-04-08 10:13:56] ✅ Balance: Balance check skipped (no data)
[2026-04-08 10:15:57] --------------------------------------------------
[2026-04-08 10:16:06] ✅ API Connectivity: API credentials configured
[2026-04-08 10:16:22] ✅ Daily Drawdown: Daily drawdown 0.00% within limits
[2026-04-08 10:16:21] ✅ CIRCUIT BREAKER: NORMAL
[2026-04-08 10:17:09] ✅ Consecutive Losses: Consecutive losses (0) within limits
[2026-04-08 10:17:30]    Daily P&L: 0.00%
[2026-04-08 10:18:07] --------------------------------------------------
[2026-04-08 10:18:20]    Consecutive Losses: 0
[2026-04-08 10:18:41] ✅ Balance: Balance check skipped (no data)
[2026-04-08 10:19:09] ✅ CIRCUIT BREAKER: NORMAL
[2026-04-08 10:20:11] ✅ API Connectivity: API credentials configured
[2026-04-08 10:20:25]    Daily P&L: 0.00%
[2026-04-08 10:21:57]    Consecutive Losses: 0
[2026-04-08 10:27:35] --------------------------------------------------
[2026-04-08 10:31:09] ✅ CIRCUIT BREAKER: NORMAL
[2026-04-08 10:35:11]    Daily P&L: 0.00%
[2026-04-08 10:38:48]    Consecutive Losses: 0
[2026-04-08 13:11:27] ==================================================
[2026-04-08 13:12:29] 🔍 Running Circuit Breaker Check
[2026-04-08 13:14:39] ✅ Daily Drawdown: Daily drawdown 0.00% within limits
[2026-04-08 13:15:12] ✅ Consecutive Losses: Consecutive losses (0) within limits
[2026-04-08 13:16:01] ✅ Balance: Balance check skipped (no data)
[2026-04-08 13:17:29] ✅ API Connectivity: API credentials configured
[2026-04-08 13:19:12] --------------------------------------------------
[2026-04-08 13:20:17] ✅ CIRCUIT BREAKER: NORMAL
[2026-04-08 13:21:13]    Daily P&L: 0.00%
[2026-04-08 13:21:27] ==================================================
[2026-04-08 13:21:42]    Consecutive Losses: 0
[2026-04-08 13:22:00] 🔍 Running Circuit Breaker Check
[2026-04-08 13:21:41] ==================================================
[2026-04-08 13:22:52] 🔍 Running Circuit Breaker Check
[2026-04-08 13:23:37] ✅ Daily Drawdown: Daily drawdown 0.00% within limits
[2026-04-08 13:25:04] ✅ Daily Drawdown: Daily drawdown 0.00% within limits
[2026-04-08 13:25:04] ✅ Consecutive Losses: Consecutive losses (0) within limits
[2026-04-08 13:26:21] ✅ Consecutive Losses: Consecutive losses (0) within limits
[2026-04-08 13:26:36] ✅ Balance: Balance check skipped (no data)
[2026-04-08 13:27:40] ✅ Balance: Balance check skipped (no data)
[2026-04-08 13:27:46] ✅ API Connectivity: API credentials configured
[2026-04-08 13:29:32] ✅ API Connectivity: API credentials configured
[2026-04-08 13:32:09] --------------------------------------------------
[2026-04-08 13:32:41] ==================================================
[2026-04-08 13:33:16] --------------------------------------------------
[2026-04-08 13:33:16] ✅ CIRCUIT BREAKER: NORMAL
[2026-04-08 13:34:20] ✅ CIRCUIT BREAKER: NORMAL
[2026-04-08 13:34:31] 🔍 Running Circuit Breaker Check
[2026-04-08 13:35:06]    Daily P&L: 0.00%
[2026-04-08 13:36:15]    Daily P&L: 0.00%
[2026-04-08 13:36:43]    Consecutive Losses: 0
[2026-04-08 13:38:04]    Consecutive Losses: 0
[2026-04-08 13:38:56] ✅ Daily Drawdown: Daily drawdown 0.00% within limits
[2026-04-08 13:40:16] ✅ Consecutive Losses: Consecutive losses (0) within limits
[2026-04-08 13:41:12] ✅ Balance: Balance check skipped (no data)
[2026-04-08 13:43:47] ✅ API Connectivity: API credentials configured
[2026-04-08 13:44:00] ==================================================
[2026-04-08 13:46:45] 🔍 Running Circuit Breaker Check
[2026-04-08 13:51:46] --------------------------------------------------
[2026-04-08 13:52:32] ✅ CIRCUIT BREAKER: NORMAL
[2026-04-08 13:53:23]    Daily P&L: 0.00%
[2026-04-08 13:54:24]    Consecutive Losses: 0
[2026-04-08 14:16:30] ==================================================
[2026-04-08 14:16:30] ==================================================
[2026-04-08 14:16:31] ==================================================
[2026-04-08 14:16:31] ==================================================
[2026-04-08 14:16:31] ==================================================
[2026-04-08 14:16:31] ==================================================
[2026-04-08 14:16:31] ==================================================
[2026-04-08 14:16:31] ==================================================
[2026-04-08 14:16:31] 🔍 Running Circuit Breaker Check
[2026-04-08 14:16:31] 🔍 Running Circuit Breaker Check
[2026-04-08 14:16:31] 🔍 Running Circuit Breaker Check
[2026-04-08 14:16:31] 🔍 Running Circuit Breaker Check
[2026-04-08 14:16:31] 🔍 Running Circuit Breaker Check
[2026-04-08 14:16:31] 🔍 Running Circuit Breaker Check
[2026-04-08 14:16:31] 🔍 Running Circuit Breaker Check
[2026-04-08 14:16:31] 🔍 Running Circuit Breaker Check
[2026-04-08 14:16:32] ✅ Daily Drawdown: Daily drawdown 0.00% within limits
[2026-04-08 14:16:32] ✅ Consecutive Losses: Consecutive losses (0) within limits
[2026-04-08 14:16:32] ✅ Balance: Balance check skipped (no data)
[2026-04-08 14:16:32] ✅ API Connectivity: API credentials configured
[2026-04-08 14:16:32] ✅ Daily Drawdown: Daily drawdown 0.00% within limits
[2026-04-08 14:16:32] ✅ Consecutive Losses: Consecutive losses (0) within limits
[2026-04-08 14:16:32] ✅ Balance: Balance check skipped (no data)
[2026-04-08 14:16:32] ✅ API Connectivity: API credentials configured
[2026-04-08 14:16:32] ==================================================
[2026-04-08 14:16:32] 🔍 Running Circuit Breaker Check
[2026-04-08 14:16:32] ✅ Daily Drawdown: Daily drawdown 0.00% within limits
[2026-04-08 14:16:32] ✅ Consecutive Losses: Consecutive losses (0) within limits
[2026-04-08 14:16:32] ✅ Daily Drawdown: Daily drawdown 0.00% within limits
[2026-04-08 14:16:32] ✅ Balance: Balance check skipped (no data)
[2026-04-08 14:16:32] ✅ API Connectivity: API credentials configured
[2026-04-08 14:16:32] ✅ Consecutive Losses: Consecutive losses (0) within limits
[2026-04-08 14:16:32] ✅ Balance: Balance check skipped (no data)
[2026-04-08 14:16:32] ✅ API Connectivity: API credentials configured
[2026-04-08 14:16:32] ✅ Daily Drawdown: Daily drawdown 0.00% within limits
[2026-04-08 14:16:32] ✅ Consecutive Losses: Consecutive losses (0) within limits
[2026-04-08 14:16:32] ✅ Balance: Balance check skipped (no data)
[2026-04-08 14:16:32] ✅ API Connectivity: API credentials configured
[2026-04-08 14:16:32] ✅ Daily Drawdown: Daily drawdown 0.00% within limits
[2026-04-08 14:16:32] ✅ Consecutive Losses: Consecutive losses (0) within limits
[2026-04-08 14:16:32] ✅ Daily Drawdown: Daily drawdown 0.00% within limits
[2026-04-08 14:16:32] ✅ Consecutive Losses: Consecutive losses (0) within limits
[2026-04-08 14:16:32] ✅ Balance: Balance check skipped (no data)
[2026-04-08 14:16:32] ✅ API Connectivity: API credentials configured
[2026-04-08 14:16:32] ✅ Daily Drawdown: Daily drawdown 0.00% within limits
[2026-04-08 14:16:32] ✅ Consecutive Losses: Consecutive losses (0) within limits
[2026-04-08 14:16:32] ✅ Balance: Balance check skipped (no data)
[2026-04-08 14:16:32] ✅ API Connectivity: API credentials configured
[2026-04-08 14:16:32] ✅ Daily Drawdown: Daily drawdown 0.00% within limits
[2026-04-08 14:16:32] ✅ Consecutive Losses: Consecutive losses (0) within limits
[2026-04-08 14:16:32] ✅ Balance: Balance check skipped (no data)
[2026-04-08 14:16:32] ✅ API Connectivity: API credentials configured
[2026-04-08 14:16:32] ✅ Balance: Balance check skipped (no data)
[2026-04-08 14:16:32] ✅ API Connectivity: API credentials configured
[2026-04-08 14:16:32] --------------------------------------------------
[2026-04-08 14:16:32] ✅ CIRCUIT BREAKER: NORMAL
[2026-04-08 14:16:32]    Daily P&L: 0.00%
[2026-04-08 14:16:32]    Consecutive Losses: 0
[2026-04-08 14:16:32] --------------------------------------------------
[2026-04-08 14:16:32] ✅ CIRCUIT BREAKER: NORMAL
[2026-04-08 14:16:32]    Daily P&L: 0.00%
[2026-04-08 14:16:32]    Consecutive Losses: 0
[2026-04-08 14:16:32] --------------------------------------------------
[2026-04-08 14:16:32] --------------------------------------------------
[2026-04-08 14:16:32] ✅ CIRCUIT BREAKER: NORMAL
[2026-04-08 14:16:32]    Daily P&L: 0.00%
[2026-04-08 14:16:32] ✅ CIRCUIT BREAKER: NORMAL
[2026-04-08 14:16:33]    Daily P&L: 0.00%
[2026-04-08 14:16:33]    Consecutive Losses: 0
[2026-04-08 14:16:33] --------------------------------------------------
[2026-04-08 14:16:32]    Consecutive Losses: 0
[2026-04-08 14:16:33] ✅ CIRCUIT BREAKER: NORMAL
[2026-04-08 14:16:33]    Daily P&L: 0.00%
[2026-04-08 14:16:33]    Consecutive Losses: 0
[2026-04-08 14:16:33] --------------------------------------------------
[2026-04-08 14:16:33] ✅ CIRCUIT BREAKER: NORMAL
[2026-04-08 14:16:33] ==================================================
[2026-04-08 14:16:33] 🔍 Running Circuit Breaker Check
[2026-04-08 14:16:33] ✅ Daily Drawdown: Daily drawdown 0.00% within limits
[2026-04-08 14:16:33] ✅ Consecutive Losses: Consecutive losses (0) within limits
[2026-04-08 14:16:33] ✅ Balance: Balance check skipped (no data)
[2026-04-08 14:16:33] ✅ API Connectivity: API credentials configured
[2026-04-08 14:16:33] --------------------------------------------------
[2026-04-08 14:16:33] ✅ CIRCUIT BREAKER: NORMAL
[2026-04-08 14:16:33]    Daily P&L: 0.00%
[2026-04-08 14:16:33]    Consecutive Losses: 0
[2026-04-08 14:16:33]    Daily P&L: 0.00%
[2026-04-08 14:16:33]    Consecutive Losses: 0
[2026-04-08 14:16:33] --------------------------------------------------
[2026-04-08 14:16:33] ✅ CIRCUIT BREAKER: NORMAL
[2026-04-08 14:16:33]    Daily P&L: 0.00%
[2026-04-08 14:16:33]    Consecutive Losses: 0
[2026-04-08 14:16:33] --------------------------------------------------
[2026-04-08 14:16:33] ✅ CIRCUIT BREAKER: NORMAL
[2026-04-08 14:16:33]    Daily P&L: 0.00%
[2026-04-08 14:16:33]    Consecutive Losses: 0
[2026-04-08 14:16:33] --------------------------------------------------
[2026-04-08 14:16:33] ✅ CIRCUIT BREAKER: NORMAL
[2026-04-08 14:16:33]    Daily P&L: 0.00%
[2026-04-08 14:16:33]    Consecutive Losses: 0
[2026-04-08 14:16:34] ==================================================
[2026-04-08 14:16:34] 🔍 Running Circuit Breaker Check
[2026-04-08 14:16:34] ✅ Daily Drawdown: Daily drawdown 0.00% within limits
[2026-04-08 14:16:34] ✅ Consecutive Losses: Consecutive losses (0) within limits
[2026-04-08 14:16:34] ✅ Balance: Balance check skipped (no data)
[2026-04-08 14:16:34] ✅ API Connectivity: API credentials configured
[2026-04-08 14:16:34] ==================================================
[2026-04-08 14:16:34] 🔍 Running Circuit Breaker Check
[2026-04-08 14:16:35] ==================================================
[2026-04-08 14:16:35] 🔍 Running Circuit Breaker Check
[2026-04-08 14:16:35] --------------------------------------------------
[2026-04-08 14:16:35] ✅ CIRCUIT BREAKER: NORMAL
[2026-04-08 14:16:35]    Daily P&L: 0.00%
[2026-04-08 14:16:35]    Consecutive Losses: 0
[2026-04-08 14:16:35] ==================================================
[2026-04-08 14:16:35] 🔍 Running Circuit Breaker Check
[2026-04-08 14:16:35] ✅ Daily Drawdown: Daily drawdown 0.00% within limits
[2026-04-08 14:16:35] ✅ Consecutive Losses: Consecutive losses (0) within limits
[2026-04-08 14:16:35] ✅ Balance: Balance check skipped (no data)
[2026-04-08 14:16:35] ✅ API Connectivity: API credentials configured
[2026-04-08 14:16:35] --------------------------------------------------
[2026-04-08 14:16:35] ✅ CIRCUIT BREAKER: NORMAL
[2026-04-08 14:16:35]    Daily P&L: 0.00%
[2026-04-08 14:16:35]    Consecutive Losses: 0
[2026-04-08 22:28:06] ==================================================
[2026-04-08 22:28:06] 🔍 Running Circuit Breaker Check
[2026-04-08 22:28:06] ✅ Daily Drawdown: Daily drawdown 0.00% within limits
[2026-04-08 22:28:06] ✅ Consecutive Losses: Consecutive losses (0) within limits
[2026-04-08 22:28:06] ✅ Balance: Balance check skipped (no data)
[2026-04-08 22:28:06] ✅ API Connectivity: API credentials configured
[2026-04-08 22:28:07] --------------------------------------------------
[2026-04-08 22:28:07] ✅ CIRCUIT BREAKER: NORMAL
[2026-04-08 22:28:07]    Daily P&L: 0.00%
[2026-04-08 22:28:07]    Consecutive Losses: 0
[2026-04-08 22:28:08] ==================================================
[2026-04-08 22:28:08] 🔍 Running Circuit Breaker Check
[2026-04-08 22:28:08] ✅ Daily Drawdown: Daily drawdown 0.00% within limits
[2026-04-08 22:28:08] ✅ Consecutive Losses: Consecutive losses (0) within limits
[2026-04-08 22:28:08] ✅ Balance: Balance check skipped (no data)
[2026-04-08 22:28:08] ✅ API Connectivity: API credentials configured
[2026-04-08 22:28:08] ==================================================
[2026-04-08 22:28:09] 🔍 Running Circuit Breaker Check
[2026-04-08 22:28:09] --------------------------------------------------
[2026-04-08 22:28:09] ✅ CIRCUIT BREAKER: NORMAL
[2026-04-08 22:28:09]    Daily P&L: 0.00%
[2026-04-08 22:28:09]    Consecutive Losses: 0
[2026-04-08 22:28:09] ✅ Daily Drawdown: Daily drawdown 0.00% within limits
[2026-04-08 22:28:09] ✅ Consecutive Losses: Consecutive losses (0) within limits
[2026-04-08 22:28:09] ✅ Balance: Balance check skipped (no data)
[2026-04-08 22:28:09] ✅ API Connectivity: API credentials configured
[2026-04-08 22:28:09] --------------------------------------------------
[2026-04-08 22:28:09] ✅ CIRCUIT BREAKER: NORMAL
[2026-04-08 22:28:09]    Daily P&L: 0.00%
[2026-04-08 22:28:09]    Consecutive Losses: 0
[2026-04-08 22:28:09] ==================================================
[2026-04-08 22:28:09] 🔍 Running Circuit Breaker Check
[2026-04-08 22:28:09] ✅ Daily Drawdown: Daily drawdown 0.00% within limits
[2026-04-08 22:28:09] ✅ Consecutive Losses: Consecutive losses (0) within limits
[2026-04-08 22:28:09] ✅ Balance: Balance check skipped (no data)
[2026-04-08 22:28:09] ✅ API Connectivity: API credentials configured
[2026-04-08 22:28:09] ==================================================
[2026-04-08 22:28:09] 🔍 Running Circuit Breaker Check
[2026-04-08 22:28:09] --------------------------------------------------
[2026-04-08 22:28:09] ✅ CIRCUIT BREAKER: NORMAL
[2026-04-08 22:28:09]    Daily P&L: 0.00%
[2026-04-08 22:28:09]    Consecutive Losses: 0
[2026-04-08 22:28:09] ==================================================
[2026-04-08 22:28:09] 🔍 Running Circuit Breaker Check
[2026-04-08 22:28:09] ✅ Daily Drawdown: Daily drawdown 0.00% within limits
[2026-04-08 22:28:09] ✅ Consecutive Losses: Consecutive losses (0) within limits
[2026-04-08 22:28:09] ✅ Balance: Balance check skipped (no data)
[2026-04-08 22:28:09] ✅ API Connectivity: API credentials configured
[2026-04-08 22:28:09] --------------------------------------------------
[2026-04-08 22:28:09] ✅ CIRCUIT BREAKER: NORMAL
[2026-04-08 22:28:09]    Daily P&L: 0.00%
[2026-04-08 22:28:09]    Consecutive Losses: 0
[2026-04-08 22:28:09] ==================================================
[2026-04-08 22:28:09] 🔍 Running Circuit Breaker Check
[2026-04-08 22:28:09] ✅ Daily Drawdown: Daily drawdown 0.00% within limits
[2026-04-08 22:28:09] ✅ Consecutive Losses: Consecutive losses (0) within limits
[2026-04-08 22:28:09] ✅ Balance: Balance check skipped (no data)
[2026-04-08 22:28:10] ✅ API Connectivity: API credentials configured
[2026-04-08 22:28:10] --------------------------------------------------
[2026-04-08 22:28:10] ✅ CIRCUIT BREAKER: NORMAL
[2026-04-08 22:28:10]    Daily P&L: 0.00%
[2026-04-08 22:28:10]    Consecutive Losses: 0
[2026-04-08 22:28:10] ==================================================
[2026-04-08 22:28:10] 🔍 Running Circuit Breaker Check
[2026-04-08 22:28:10] ==================================================
[2026-04-08 22:28:10] 🔍 Running Circuit Breaker Check
[2026-04-08 22:28:10] ✅ Daily Drawdown: Daily drawdown 0.00% within limits
[2026-04-08 22:28:10] ✅ Consecutive Losses: Consecutive losses (0) within limits
[2026-04-08 22:28:10] ✅ Balance: Balance check skipped (no data)
[2026-04-08 22:28:10] ✅ API Connectivity: API credentials configured
[2026-04-08 22:28:10] ✅ Daily Drawdown: Daily drawdown 0.00% within limits
[2026-04-08 22:28:10] ✅ Consecutive Losses: Consecutive losses (0) within limits
[2026-04-08 22:28:10] ✅ Balance: Balance check skipped (no data)
[2026-04-08 22:28:10] ✅ API Connectivity: API credentials configured
[2026-04-08 22:28:10] ==================================================
[2026-04-08 22:28:10] 🔍 Running Circuit Breaker Check
[2026-04-08 22:28:10] ✅ Daily Drawdown: Daily drawdown 0.00% within limits
[2026-04-08 22:28:10] ✅ Consecutive Losses: Consecutive losses (0) within limits
[2026-04-08 22:28:10] ✅ Balance: Balance check skipped (no data)
[2026-04-08 22:28:10] ✅ API Connectivity: API credentials configured
[2026-04-08 22:28:10] --------------------------------------------------
[2026-04-08 22:28:10] ✅ CIRCUIT BREAKER: NORMAL
[2026-04-08 22:28:10]    Daily P&L: 0.00%
[2026-04-08 22:28:10]    Consecutive Losses: 0
[2026-04-08 22:28:10] --------------------------------------------------
[2026-04-08 22:28:10] ✅ CIRCUIT BREAKER: NORMAL
[2026-04-08 22:28:10]    Daily P&L: 0.00%
[2026-04-08 22:28:10]    Consecutive Losses: 0
[2026-04-08 22:28:10] --------------------------------------------------
[2026-04-08 22:28:10] ✅ CIRCUIT BREAKER: NORMAL
[2026-04-08 22:28:10]    Daily P&L: 0.00%
[2026-04-08 22:28:10]    Consecutive Losses: 0
[2026-04-08 22:28:11] ==================================================
[2026-04-08 22:28:11] 🔍 Running Circuit Breaker Check
[2026-04-08 22:28:11] ✅ Daily Drawdown: Daily drawdown 0.00% within limits
[2026-04-08 22:28:11] ✅ Consecutive Losses: Consecutive losses (0) within limits
[2026-04-08 22:28:11] ✅ Balance: Balance check skipped (no data)
[2026-04-08 22:28:11] ✅ API Connectivity: API credentials configured
[2026-04-08 22:28:12] --------------------------------------------------
[2026-04-08 22:28:12] ✅ CIRCUIT BREAKER: NORMAL
[2026-04-08 22:28:12]    Daily P&L: 0.00%
[2026-04-08 22:28:12]    Consecutive Losses: 0
[2026-04-08 22:28:12] ==================================================
[2026-04-08 22:28:12] 🔍 Running Circuit Breaker Check
[2026-04-08 22:28:12] ✅ Daily Drawdown: Daily drawdown 0.00% within limits
[2026-04-08 22:28:12] ✅ Consecutive Losses: Consecutive losses (0) within limits
[2026-04-08 22:28:12] ✅ Balance: Balance check skipped (no data)
[2026-04-08 22:28:12] ✅ API Connectivity: API credentials configured
[2026-04-08 22:28:12] --------------------------------------------------
[2026-04-08 22:28:12] ✅ CIRCUIT BREAKER: NORMAL
[2026-04-08 22:28:12]    Daily P&L: 0.00%
[2026-04-08 22:28:12]    Consecutive Losses: 0
[2026-04-08 22:28:12] ==================================================
[2026-04-08 22:28:12] 🔍 Running Circuit Breaker Check
[2026-04-08 22:28:12] ✅ Daily Drawdown: Daily drawdown 0.00% within limits
[2026-04-08 22:28:12] ✅ Consecutive Losses: Consecutive losses (0) within limits
[2026-04-08 22:28:12] ✅ Balance: Balance check skipped (no data)
[2026-04-08 22:28:12] ✅ API Connectivity: API credentials configured
[2026-04-08 22:28:12] --------------------------------------------------
[2026-04-08 22:28:12] ✅ CIRCUIT BREAKER: NORMAL
[2026-04-08 22:28:12]    Daily P&L: 0.00%
[2026-04-08 22:28:12]    Consecutive Losses: 0
[2026-04-08 22:28:13] ==================================================
[2026-04-08 22:28:13] 🔍 Running Circuit Breaker Check
[2026-04-08 22:28:13] ✅ Daily Drawdown: Daily drawdown 0.00% within limits
[2026-04-08 22:28:13] ✅ Consecutive Losses: Consecutive losses (0) within limits
[2026-04-08 22:28:13] ✅ Balance: Balance check skipped (no data)
[2026-04-08 22:28:13] ✅ API Connectivity: API credentials configured
[2026-04-08 22:28:13] --------------------------------------------------
[2026-04-08 22:28:13] ==================================================
[2026-04-08 22:28:13] 🔍 Running Circuit Breaker Check
[2026-04-08 22:28:13] ✅ Daily Drawdown: Daily drawdown 0.00% within limits
[2026-04-08 22:28:13] ✅ Consecutive Losses: Consecutive losses (0) within limits
[2026-04-08 22:28:13] ✅ Balance: Balance check skipped (no data)
[2026-04-08 22:28:13] ✅ API Connectivity: API credentials configured
[2026-04-08 22:28:13] ✅ CIRCUIT BREAKER: NORMAL
[2026-04-08 22:28:13]    Daily P&L: 0.00%
[2026-04-08 22:28:13]    Consecutive Losses: 0
[2026-04-08 22:28:13] --------------------------------------------------
[2026-04-08 22:28:13] ✅ CIRCUIT BREAKER: NORMAL
[2026-04-08 22:28:13]    Daily P&L: 0.00%
[2026-04-08 22:28:13]    Consecutive Losses: 0
[2026-04-08 22:28:13] ==================================================
[2026-04-08 22:28:13] 🔍 Running Circuit Breaker Check
[2026-04-08 22:28:13] ✅ Daily Drawdown: Daily drawdown 0.00% within limits
[2026-04-08 22:28:13] ✅ Consecutive Losses: Consecutive losses (0) within limits
[2026-04-08 22:28:13] ✅ Balance: Balance check skipped (no data)
[2026-04-08 22:28:13] ✅ API Connectivity: API credentials configured
[2026-04-08 22:28:13] --------------------------------------------------
[2026-04-08 22:28:14] ✅ CIRCUIT BREAKER: NORMAL
[2026-04-08 22:28:14]    Daily P&L: 0.00%
[2026-04-08 22:28:14]    Consecutive Losses: 0
[2026-04-08 22:28:14] ==================================================
[2026-04-08 22:28:14] 🔍 Running Circuit Breaker Check
[2026-04-08 22:28:14] ✅ Daily Drawdown: Daily drawdown 0.00% within limits
[2026-04-08 22:28:14] ✅ Consecutive Losses: Consecutive losses (0) within limits
[2026-04-08 22:28:14] ✅ Balance: Balance check skipped (no data)
[2026-04-08 22:28:14] ✅ API Connectivity: API credentials configured
[2026-04-08 22:28:14] --------------------------------------------------
[2026-04-08 22:28:14] ✅ CIRCUIT BREAKER: NORMAL
[2026-04-08 22:28:14]    Daily P&L: 0.00%
[2026-04-08 22:28:14]    Consecutive Losses: 0
[2026-04-08 22:28:14] ==================================================
[2026-04-08 22:28:14] 🔍 Running Circuit Breaker Check
[2026-04-08 22:28:14] ✅ Daily Drawdown: Daily drawdown 0.00% within limits
[2026-04-08 22:28:14] ✅ Consecutive Losses: Consecutive losses (0) within limits
[2026-04-08 22:28:14] ✅ Balance: Balance check skipped (no data)
[2026-04-08 22:28:14] ✅ API Connectivity: API credentials configured
[2026-04-08 22:28:14] --------------------------------------------------
[2026-04-08 22:28:14] ✅ CIRCUIT BREAKER: NORMAL
[2026-04-08 22:28:14]    Daily P&L: 0.00%
[2026-04-08 22:28:14]    Consecutive Losses: 0
[2026-04-08 22:28:15] ==================================================
[2026-04-08 22:28:15] 🔍 Running Circuit Breaker Check
[2026-04-08 22:28:15] ==================================================
[2026-04-08 22:28:15] 🔍 Running Circuit Breaker Check
[2026-04-08 22:28:15] ✅ Daily Drawdown: Daily drawdown 0.00% within limits
[2026-04-08 22:28:15] ✅ Consecutive Losses: Consecutive losses (0) within limits
[2026-04-08 22:28:15] ==================================================
[2026-04-08 22:28:15] 🔍 Running Circuit Breaker Check
[2026-04-08 22:28:15] ✅ Balance: Balance check skipped (no data)
[2026-04-08 22:28:15] ✅ API Connectivity: API credentials configured
[2026-04-08 22:28:15] --------------------------------------------------
[2026-04-08 22:28:15] ✅ CIRCUIT BREAKER: NORMAL
[2026-04-08 22:28:15]    Daily P&L: 0.00%
[2026-04-08 22:28:15]    Consecutive Losses: 0
[2026-04-08 22:28:15] ==================================================
[2026-04-08 22:28:15] 🔍 Running Circuit Breaker Check
[2026-04-08 22:28:15] ✅ Daily Drawdown: Daily drawdown 0.00% within limits
[2026-04-08 22:28:15] ✅ Consecutive Losses: Consecutive losses (0) within limits
[2026-04-08 22:28:15] ✅ Balance: Balance check skipped (no data)
[2026-04-08 22:28:15] ✅ API Connectivity: API credentials configured
[2026-04-08 22:28:15] --------------------------------------------------
[2026-04-08 22:28:15] ✅ CIRCUIT BREAKER: NORMAL
[2026-04-08 22:28:15]    Daily P&L: 0.00%
[2026-04-08 22:28:15]    Consecutive Losses: 0
[2026-04-08 22:28:15] ✅ Daily Drawdown: Daily drawdown 0.00% within limits
[2026-04-08 22:28:15] ✅ Consecutive Losses: Consecutive losses (0) within limits
[2026-04-08 22:28:15] ✅ Balance: Balance check skipped (no data)
[2026-04-08 22:28:15] ✅ API Connectivity: API credentials configured
[2026-04-08 22:28:15] ✅ Daily Drawdown: Daily drawdown 0.00% within limits
[2026-04-08 22:28:15] ✅ Consecutive Losses: Consecutive losses (0) within limits
[2026-04-08 22:28:15] ✅ Balance: Balance check skipped (no data)
[2026-04-08 22:28:15] ✅ API Connectivity: API credentials configured
[2026-04-08 22:28:15] ==================================================
[2026-04-08 22:28:15] 🔍 Running Circuit Breaker Check
[2026-04-08 22:28:15] ✅ Daily Drawdown: Daily drawdown 0.00% within limits
[2026-04-08 22:28:15] ✅ Consecutive Losses: Consecutive losses (0) within limits
[2026-04-08 22:28:15] ✅ Balance: Balance check skipped (no data)
[2026-04-08 22:28:15] ✅ API Connectivity: API credentials configured
[2026-04-08 22:28:15] ==================================================
[2026-04-08 22:28:15] 🔍 Running Circuit Breaker Check
[2026-04-08 22:28:15] --------------------------------------------------
[2026-04-08 22:28:15] ✅ CIRCUIT BREAKER: NORMAL
[2026-04-08 22:28:15]    Daily P&L: 0.00%
[2026-04-08 22:28:15]    Consecutive Losses: 0
[2026-04-08 22:28:15] --------------------------------------------------
[2026-04-08 22:28:15] ✅ CIRCUIT BREAKER: NORMAL
[2026-04-08 22:28:15]    Daily P&L: 0.00%
[2026-04-08 22:28:15]    Consecutive Losses: 0
[2026-04-08 22:28:15] --------------------------------------------------
[2026-04-08 22:28:15] ✅ CIRCUIT BREAKER: NORMAL
[2026-04-08 22:28:15]    Daily P&L: 0.00%
[2026-04-08 22:28:15]    Consecutive Losses: 0
[2026-04-08 22:28:15] ==================================================
[2026-04-08 22:28:15] 🔍 Running Circuit Breaker Check
[2026-04-08 22:28:15] ✅ Daily Drawdown: Daily drawdown 0.00% within limits
[2026-04-08 22:28:15] ✅ Consecutive Losses: Consecutive losses (0) within limits
[2026-04-08 22:28:15] ✅ Balance: Balance check skipped (no data)
[2026-04-08 22:28:15] ✅ API Connectivity: API credentials configured
[2026-04-08 22:28:16] --------------------------------------------------
[2026-04-08 22:28:16] ✅ CIRCUIT BREAKER: NORMAL
[2026-04-08 22:28:16]    Daily P&L: 0.00%
[2026-04-08 22:28:16]    Consecutive Losses: 0
[2026-04-08 22:28:17] ==================================================
[2026-04-08 22:28:17] 🔍 Running Circuit Breaker Check
[2026-04-08 22:28:17] ✅ Daily Drawdown: Daily drawdown 0.00% within limits
[2026-04-08 22:28:17] ✅ Consecutive Losses: Consecutive losses (0) within limits
[2026-04-08 22:28:17] ✅ Balance: Balance check skipped (no data)
[2026-04-08 22:28:17] ✅ API Connectivity: API credentials configured
[2026-04-08 22:28:17] --------------------------------------------------
[2026-04-08 22:28:17] ✅ CIRCUIT BREAKER: NORMAL
[2026-04-08 22:28:17]    Daily P&L: 0.00%
[2026-04-08 22:28:17]    Consecutive Losses: 0
[2026-04-09 01:43:57] ==================================================
[2026-04-09 01:43:58] 🔍 Running Circuit Breaker Check
[2026-04-09 01:43:58] ==================================================
[2026-04-09 01:43:58] 🔍 Running Circuit Breaker Check
[2026-04-09 01:43:58] ==================================================
[2026-04-09 01:43:58] 🔍 Running Circuit Breaker Check
[2026-04-09 01:43:58] 🌅 New day - resetting daily counters
[2026-04-09 01:43:58] ✅ Daily Drawdown: Daily drawdown 0.00% within limits
[2026-04-09 01:43:58] ✅ Consecutive Losses: Consecutive losses (0) within limits
[2026-04-09 01:43:58] ✅ Balance: Balance check skipped (no data)
[2026-04-09 01:43:58] ✅ API Connectivity: API credentials configured
[2026-04-09 01:43:58] 🌅 New day - resetting daily counters
[2026-04-09 01:43:58] ✅ Daily Drawdown: Daily drawdown 0.00% within limits
[2026-04-09 01:43:58] ✅ Consecutive Losses: Consecutive losses (0) within limits
[2026-04-09 01:43:58] ✅ Balance: Balance check skipped (no data)
[2026-04-09 01:43:58] ✅ API Connectivity: API credentials configured
[2026-04-09 01:43:58] 🌅 New day - resetting daily counters
[2026-04-09 01:43:58] ✅ Daily Drawdown: Daily drawdown 0.00% within limits
[2026-04-09 01:43:58] ✅ Consecutive Losses: Consecutive losses (0) within limits
[2026-04-09 01:43:58] ✅ Balance: Balance check skipped (no data)
[2026-04-09 01:43:58] ✅ API Connectivity: API credentials configured
[2026-04-09 01:43:58] --------------------------------------------------
[2026-04-09 01:43:58] ✅ CIRCUIT BREAKER: NORMAL
[2026-04-09 01:43:58]    Daily P&L: 0.00%
[2026-04-09 01:43:58]    Consecutive Losses: 0
[2026-04-09 01:43:58] --------------------------------------------------
[2026-04-09 01:43:58] ✅ CIRCUIT BREAKER: NORMAL
[2026-04-09 01:43:58]    Daily P&L: 0.00%
[2026-04-09 01:43:58]    Consecutive Losses: 0
[2026-04-09 01:43:58] --------------------------------------------------
[2026-04-09 01:43:58] ✅ CIRCUIT BREAKER: NORMAL
[2026-04-09 01:43:58]    Daily P&L: 0.00%
[2026-04-09 01:43:58]    Consecutive Losses: 0
[2026-04-09 01:43:58] ==================================================
[2026-04-09 01:43:58] 🔍 Running Circuit Breaker Check
[2026-04-09 01:43:58] ✅ Daily Drawdown: Daily drawdown 0.00% within limits
[2026-04-09 01:43:58] ✅ Consecutive Losses: Consecutive losses (0) within limits
[2026-04-09 01:43:58] ✅ Balance: Balance check skipped (no data)
[2026-04-09 01:43:58] ✅ API Connectivity: API credentials configured
[2026-04-09 01:43:59] --------------------------------------------------
[2026-04-09 01:43:59] ✅ CIRCUIT BREAKER: NORMAL
[2026-04-09 01:43:59]    Daily P&L: 0.00%
[2026-04-09 01:43:59]    Consecutive Losses: 0
[2026-04-09 01:43:59] ==================================================
[2026-04-09 01:43:59] 🔍 Running Circuit Breaker Check
[2026-04-09 01:43:59] ✅ Daily Drawdown: Daily drawdown 0.00% within limits
[2026-04-09 01:43:59] ==================================================
[2026-04-09 01:43:59] 🔍 Running Circuit Breaker Check
[2026-04-09 01:43:59] ✅ Daily Drawdown: Daily drawdown 0.00% within limits
[2026-04-09 01:43:59] ✅ Consecutive Losses: Consecutive losses (0) within limits
[2026-04-09 01:43:59] ✅ Balance: Balance check skipped (no data)
[2026-04-09 01:43:59] ✅ API Connectivity: API credentials configured
[2026-04-09 01:43:59] ✅ Consecutive Losses: Consecutive losses (0) within limits
[2026-04-09 01:43:59] ✅ Balance: Balance check skipped (no data)
[2026-04-09 01:43:59] ✅ API Connectivity: API credentials configured
[2026-04-09 01:43:59] --------------------------------------------------
[2026-04-09 01:43:59] ✅ CIRCUIT BREAKER: NORMAL
[2026-04-09 01:43:59]    Daily P&L: 0.00%
[2026-04-09 01:43:59]    Consecutive Losses: 0
[2026-04-09 01:43:59] --------------------------------------------------
[2026-04-09 01:43:59] ✅ CIRCUIT BREAKER: NORMAL
[2026-04-09 01:43:59]    Daily P&L: 0.00%
[2026-04-09 01:43:59]    Consecutive Losses: 0
[2026-04-09 01:43:59] ==================================================
[2026-04-09 01:43:59] 🔍 Running Circuit Breaker Check
[2026-04-09 01:43:59] ✅ Daily Drawdown: Daily drawdown 0.00% within limits
[2026-04-09 01:43:59] ✅ Consecutive Losses: Consecutive losses (0) within limits
[2026-04-09 01:43:59] ✅ Balance: Balance check skipped (no data)
[2026-04-09 01:43:59] ✅ API Connectivity: API credentials configured
[2026-04-09 01:43:59] --------------------------------------------------
[2026-04-09 01:43:59] ✅ CIRCUIT BREAKER: NORMAL
[2026-04-09 01:43:59]    Daily P&L: 0.00%
[2026-04-09 01:43:59]    Consecutive Losses: 0
[2026-04-09 01:43:59] ==================================================
[2026-04-09 01:43:59] 🔍 Running Circuit Breaker Check
[2026-04-09 01:43:59] ✅ Daily Drawdown: Daily drawdown 0.00% within limits
[2026-04-09 01:43:59] ✅ Consecutive Losses: Consecutive losses (0) within limits
[2026-04-09 01:43:59] ✅ Balance: Balance check skipped (no data)
[2026-04-09 01:43:59] ✅ API Connectivity: API credentials configured
[2026-04-09 01:43:59] --------------------------------------------------
[2026-04-09 01:43:59] ✅ CIRCUIT BREAKER: NORMAL
[2026-04-09 01:43:59]    Daily P&L: 0.00%
[2026-04-09 01:43:59]    Consecutive Losses: 0
[2026-04-09 01:44:00] ==================================================
[2026-04-09 01:44:00] 🔍 Running Circuit Breaker Check
[2026-04-09 01:44:00] ✅ Daily Drawdown: Daily drawdown 0.00% within limits
[2026-04-09 01:44:00] ✅ Consecutive Losses: Consecutive losses (0) within limits
[2026-04-09 01:44:00] ✅ Balance: Balance check skipped (no data)
[2026-04-09 01:44:00] ✅ API Connectivity: API credentials configured
[2026-04-09 01:44:00] ==================================================
[2026-04-09 01:44:00] 🔍 Running Circuit Breaker Check
[2026-04-09 01:44:00] ✅ Daily Drawdown: Daily drawdown 0.00% within limits
[2026-04-09 01:44:00] ✅ Consecutive Losses: Consecutive losses (0) within limits
[2026-04-09 01:44:00] ✅ Balance: Balance check skipped (no data)
[2026-04-09 01:44:00] ✅ API Connectivity: API credentials configured
[2026-04-09 01:44:00] --------------------------------------------------
[2026-04-09 01:44:00] --------------------------------------------------
[2026-04-09 01:44:00] ✅ CIRCUIT BREAKER: NORMAL
[2026-04-09 01:44:00]    Daily P&L: 0.00%
[2026-04-09 01:44:00]    Consecutive Losses: 0
[2026-04-09 01:44:00] ✅ CIRCUIT BREAKER: NORMAL
[2026-04-09 01:44:00]    Daily P&L: 0.00%
[2026-04-09 01:44:00]    Consecutive Losses: 0
[2026-04-09 01:44:01] ==================================================
[2026-04-09 01:44:01] 🔍 Running Circuit Breaker Check
[2026-04-09 01:44:01] ✅ Daily Drawdown: Daily drawdown 0.00% within limits
[2026-04-09 01:44:01] ✅ Consecutive Losses: Consecutive losses (0) within limits
[2026-04-09 01:44:01] ✅ Balance: Balance check skipped (no data)
[2026-04-09 01:44:01] ✅ API Connectivity: API credentials configured
[2026-04-09 01:44:01] --------------------------------------------------
[2026-04-09 01:44:01] ✅ CIRCUIT BREAKER: NORMAL
[2026-04-09 01:44:01]    Daily P&L: 0.00%
[2026-04-09 01:44:01]    Consecutive Losses: 0
[2026-04-09 01:44:01] ==================================================
[2026-04-09 01:44:01] 🔍 Running Circuit Breaker Check
[2026-04-09 01:44:01] ✅ Daily Drawdown: Daily drawdown 0.00% within limits
[2026-04-09 01:44:02] ✅ Consecutive Losses: Consecutive losses (0) within limits
[2026-04-09 01:44:02] ✅ Balance: Balance check skipped (no data)
[2026-04-09 01:44:02] ✅ API Connectivity: API credentials configured
[2026-04-09 01:44:02] --------------------------------------------------
[2026-04-09 01:44:02] ✅ CIRCUIT BREAKER: NORMAL
[2026-04-09 01:44:02]    Daily P&L: 0.00%
[2026-04-09 01:44:02]    Consecutive Losses: 0
[2026-04-09 04:21:18] ==================================================
[2026-04-09 04:21:18] 🔍 Running Circuit Breaker Check
[2026-04-09 04:21:18] ==================================================
[2026-04-09 04:21:18] 🔍 Running Circuit Breaker Check
[2026-04-09 04:21:18] ✅ Daily Drawdown: Daily drawdown 0.00% within limits
[2026-04-09 04:21:18] ✅ Consecutive Losses: Consecutive losses (0) within limits
[2026-04-09 04:21:18] ✅ Balance: Balance check skipped (no data)
[2026-04-09 04:21:18] ✅ API Connectivity: API credentials configured
[2026-04-09 04:21:18] ✅ Daily Drawdown: Daily drawdown 0.00% within limits
[2026-04-09 04:21:18] ✅ Consecutive Losses: Consecutive losses (0) within limits
[2026-04-09 04:21:18] ✅ Balance: Balance check skipped (no data)
[2026-04-09 04:21:18] ✅ API Connectivity: API credentials configured
[2026-04-09 04:21:18] --------------------------------------------------
[2026-04-09 04:21:18] --------------------------------------------------
[2026-04-09 04:21:18] ✅ CIRCUIT BREAKER: NORMAL
[2026-04-09 04:21:18]    Daily P&L: 0.00%
[2026-04-09 04:21:18]    Consecutive Losses: 0
[2026-04-09 04:21:18] ✅ CIRCUIT BREAKER: NORMAL
[2026-04-09 04:21:18]    Daily P&L: 0.00%
[2026-04-09 04:21:18]    Consecutive Losses: 0
[2026-04-09 04:21:19] ==================================================
[2026-04-09 04:21:19] 🔍 Running Circuit Breaker Check
[2026-04-09 04:21:19] ✅ Daily Drawdown: Daily drawdown 0.00% within limits
[2026-04-09 04:21:19] ✅ Consecutive Losses: Consecutive losses (0) within limits
[2026-04-09 04:21:19] ✅ Balance: Balance check skipped (no data)
[2026-04-09 04:21:19] ✅ API Connectivity: API credentials configured
[2026-04-09 04:21:19] --------------------------------------------------
[2026-04-09 04:21:19] ✅ CIRCUIT BREAKER: NORMAL
[2026-04-09 04:21:19]    Daily P&L: 0.00%
[2026-04-09 04:21:19]    Consecutive Losses: 0
[2026-04-09 04:21:19] ==================================================
[2026-04-09 04:21:19] 🔍 Running Circuit Breaker Check
[2026-04-09 04:21:19] ✅ Daily Drawdown: Daily drawdown 0.00% within limits
[2026-04-09 04:21:19] ✅ Consecutive Losses: Consecutive losses (0) within limits
[2026-04-09 04:21:19] ✅ Balance: Balance check skipped (no data)
[2026-04-09 04:21:19] ✅ API Connectivity: API credentials configured
[2026-04-09 04:21:19] --------------------------------------------------
[2026-04-09 04:21:19] ✅ CIRCUIT BREAKER: NORMAL
[2026-04-09 04:21:19]    Daily P&L: 0.00%
[2026-04-09 04:21:19]    Consecutive Losses: 0
[2026-04-09 04:21:19] ==================================================
[2026-04-09 04:21:19] 🔍 Running Circuit Breaker Check
[2026-04-09 04:21:19] ✅ Daily Drawdown: Daily drawdown 0.00% within limits
[2026-04-09 04:21:19] ✅ Consecutive Losses: Consecutive losses (0) within limits
[2026-04-09 04:21:19] ✅ Balance: Balance check skipped (no data)
[2026-04-09 04:21:19] ✅ API Connectivity: API credentials configured
[2026-04-09 04:21:19] --------------------------------------------------
[2026-04-09 04:21:19] ✅ CIRCUIT BREAKER: NORMAL
[2026-04-09 04:21:19]    Daily P&L: 0.00%
[2026-04-09 04:21:19]    Consecutive Losses: 0
[2026-04-09 04:25:01] ==================================================
[2026-04-09 04:25:01] 🔍 Running Circuit Breaker Check
[2026-04-09 04:25:01] ✅ Daily Drawdown: Daily drawdown 0.00% within limits
[2026-04-09 04:25:01] ✅ Consecutive Losses: Consecutive losses (0) within limits
[2026-04-09 04:25:01] ✅ Balance: Balance check skipped (no data)
[2026-04-09 04:25:01] ✅ API Connectivity: API credentials configured
[2026-04-09 04:25:01] --------------------------------------------------
[2026-04-09 04:25:01] ✅ CIRCUIT BREAKER: NORMAL
[2026-04-09 04:25:01]    Daily P&L: 0.00%
[2026-04-09 04:25:01]    Consecutive Losses: 0
[2026-04-09 04:30:01] ==================================================
[2026-04-09 04:30:01] 🔍 Running Circuit Breaker Check
[2026-04-09 04:30:01] ✅ Daily Drawdown: Daily drawdown 0.00% within limits
[2026-04-09 04:30:01] ✅ Consecutive Losses: Consecutive losses (0) within limits
[2026-04-09 04:30:01] ✅ Balance: Balance check skipped (no data)
[2026-04-09 04:30:01] ✅ API Connectivity: API credentials configured
[2026-04-09 04:30:01] --------------------------------------------------
[2026-04-09 04:30:01] ✅ CIRCUIT BREAKER: NORMAL
[2026-04-09 04:30:01]    Daily P&L: 0.00%
[2026-04-09 04:30:01]    Consecutive Losses: 0
[2026-04-09 04:35:01] ==================================================
[2026-04-09 04:35:01] 🔍 Running Circuit Breaker Check
[2026-04-09 04:35:01] ✅ Daily Drawdown: Daily drawdown 0.00% within limits
[2026-04-09 04:35:01] ✅ Consecutive Losses: Consecutive losses (0) within limits
[2026-04-09 04:35:01] ✅ Balance: Balance check skipped (no data)
[2026-04-09 04:35:01] ✅ API Connectivity: API credentials configured
[2026-04-09 04:35:01] --------------------------------------------------
[2026-04-09 04:35:01] ✅ CIRCUIT BREAKER: NORMAL
[2026-04-09 04:35:01]    Daily P&L: 0.00%
[2026-04-09 04:35:01]    Consecutive Losses: 0
[2026-04-09 04:40:01] ==================================================
[2026-04-09 04:40:01] 🔍 Running Circuit Breaker Check
[2026-04-09 04:40:01] ✅ Daily Drawdown: Daily drawdown 0.00% within limits
[2026-04-09 04:40:01] ✅ Consecutive Losses: Consecutive losses (0) within limits
[2026-04-09 04:40:01] ✅ Balance: Balance check skipped (no data)
[2026-04-09 04:40:01] ✅ API Connectivity: API credentials configured
[2026-04-09 04:40:01] --------------------------------------------------
[2026-04-09 04:40:01] ✅ CIRCUIT BREAKER: NORMAL
[2026-04-09 04:40:01]    Daily P&L: 0.00%
[2026-04-09 04:40:01]    Consecutive Losses: 0
[2026-04-09 04:45:02] ==================================================
[2026-04-09 04:45:02] 🔍 Running Circuit Breaker Check
[2026-04-09 04:45:02] ✅ Daily Drawdown: Daily drawdown 0.00% within limits
[2026-04-09 04:45:02] ✅ Consecutive Losses: Consecutive losses (0) within limits
[2026-04-09 04:45:02] ✅ Balance: Balance check skipped (no data)
[2026-04-09 04:45:02] ✅ API Connectivity: API credentials configured
[2026-04-09 04:45:02] --------------------------------------------------
[2026-04-09 04:45:02] ✅ CIRCUIT BREAKER: NORMAL
[2026-04-09 04:45:02]    Daily P&L: 0.00%
[2026-04-09 04:45:02]    Consecutive Losses: 0
[2026-04-09 04:50:01] ==================================================
[2026-04-09 04:50:01] 🔍 Running Circuit Breaker Check
[2026-04-09 04:50:01] ✅ Daily Drawdown: Daily drawdown 0.00% within limits
[2026-04-09 04:50:01] ✅ Consecutive Losses: Consecutive losses (0) within limits
[2026-04-09 04:50:01] ✅ Balance: Balance check skipped (no data)
[2026-04-09 04:50:01] ✅ API Connectivity: API credentials configured
[2026-04-09 04:50:01] --------------------------------------------------
[2026-04-09 04:50:01] ✅ CIRCUIT BREAKER: NORMAL
[2026-04-09 04:50:01]    Daily P&L: 0.00%
[2026-04-09 04:50:01]    Consecutive Losses: 0
[2026-04-09 04:55:01] ==================================================
[2026-04-09 04:55:01] 🔍 Running Circuit Breaker Check
[2026-04-09 04:55:01] ✅ Daily Drawdown: Daily drawdown 0.00% within limits
[2026-04-09 04:55:01] ✅ Consecutive Losses: Consecutive losses (0) within limits
[2026-04-09 04:55:01] ✅ Balance: Balance check skipped (no data)
[2026-04-09 04:55:01] ✅ API Connectivity: API credentials configured
[2026-04-09 04:55:01] --------------------------------------------------
[2026-04-09 04:55:01] ✅ CIRCUIT BREAKER: NORMAL
[2026-04-09 04:55:01]    Daily P&L: 0.00%
[2026-04-09 04:55:01]    Consecutive Losses: 0
[2026-04-09 05:00:02] ==================================================
[2026-04-09 05:00:02] 🔍 Running Circuit Breaker Check
[2026-04-09 05:00:02] ✅ Daily Drawdown: Daily drawdown 0.00% within limits
[2026-04-09 05:00:02] ✅ Consecutive Losses: Consecutive losses (0) within limits
[2026-04-09 05:00:02] ✅ Balance: Balance check skipped (no data)
[2026-04-09 05:00:02] ✅ API Connectivity: API credentials configured
[2026-04-09 05:00:02] --------------------------------------------------
[2026-04-09 05:00:02] ✅ CIRCUIT BREAKER: NORMAL
[2026-04-09 05:00:02]    Daily P&L: 0.00%
[2026-04-09 05:00:02]    Consecutive Losses: 0
[2026-04-09 05:05:01] ==================================================
[2026-04-09 05:05:01] 🔍 Running Circuit Breaker Check
[2026-04-09 05:05:01] ✅ Daily Drawdown: Daily drawdown 0.00% within limits
[2026-04-09 05:05:01] ✅ Consecutive Losses: Consecutive losses (0) within limits
[2026-04-09 05:05:01] ✅ Balance: Balance check skipped (no data)
[2026-04-09 05:05:01] ✅ API Connectivity: API credentials configured
[2026-04-09 05:05:01] --------------------------------------------------
[2026-04-09 05:05:01] ✅ CIRCUIT BREAKER: NORMAL
[2026-04-09 05:05:01]    Daily P&L: 0.00%
[2026-04-09 05:05:01]    Consecutive Losses: 0
[2026-04-09 05:10:01] ==================================================
[2026-04-09 05:10:01] 🔍 Running Circuit Breaker Check
[2026-04-09 05:10:01] ✅ Daily Drawdown: Daily drawdown 0.00% within limits
[2026-04-09 05:10:01] ✅ Consecutive Losses: Consecutive losses (0) within limits
[2026-04-09 05:10:01] ✅ Balance: Balance check skipped (no data)
[2026-04-09 05:10:01] ✅ API Connectivity: API credentials configured
[2026-04-09 05:10:01] --------------------------------------------------
[2026-04-09 05:10:01] ✅ CIRCUIT BREAKER: NORMAL
[2026-04-09 05:10:01]    Daily P&L: 0.00%
[2026-04-09 05:10:01]    Consecutive Losses: 0
[2026-04-09 05:15:02] ==================================================
[2026-04-09 05:15:02] 🔍 Running Circuit Breaker Check
[2026-04-09 05:15:02] ✅ Daily Drawdown: Daily drawdown 0.00% within limits
[2026-04-09 05:15:02] ✅ Consecutive Losses: Consecutive losses (0) within limits
[2026-04-09 05:15:02] ✅ Balance: Balance check skipped (no data)
[2026-04-09 05:15:02] ✅ API Connectivity: API credentials configured
[2026-04-09 05:15:02] --------------------------------------------------
[2026-04-09 05:15:02] ✅ CIRCUIT BREAKER: NORMAL
[2026-04-09 05:15:02]    Daily P&L: 0.00%
[2026-04-09 05:15:02]    Consecutive Losses: 0
[2026-04-09 05:20:01] ==================================================
[2026-04-09 05:20:01] 🔍 Running Circuit Breaker Check
[2026-04-09 05:20:01] ✅ Daily Drawdown: Daily drawdown 0.00% within limits
[2026-04-09 05:20:01] ✅ Consecutive Losses: Consecutive losses (0) within limits
[2026-04-09 05:20:01] ✅ Balance: Balance check skipped (no data)
[2026-04-09 05:20:01] ✅ API Connectivity: API credentials configured
[2026-04-09 05:20:01] --------------------------------------------------
[2026-04-09 05:20:01] ✅ CIRCUIT BREAKER: NORMAL
[2026-04-09 05:20:01]    Daily P&L: 0.00%
[2026-04-09 05:20:01]    Consecutive Losses: 0
[2026-04-09 05:25:01] ==================================================
[2026-04-09 05:25:01] 🔍 Running Circuit Breaker Check
[2026-04-09 05:25:01] ✅ Daily Drawdown: Daily drawdown 0.00% within limits
[2026-04-09 05:25:01] ✅ Consecutive Losses: Consecutive losses (0) within limits
[2026-04-09 05:25:01] ✅ Balance: Balance check skipped (no data)
[2026-04-09 05:25:01] ✅ API Connectivity: API credentials configured
[2026-04-09 05:25:01] --------------------------------------------------
[2026-04-09 05:25:01] ✅ CIRCUIT BREAKER: NORMAL
[2026-04-09 05:25:01]    Daily P&L: 0.00%
[2026-04-09 05:25:01]    Consecutive Losses: 0
[2026-04-09 05:30:02] ==================================================
[2026-04-09 05:30:02] 🔍 Running Circuit Breaker Check
[2026-04-09 05:30:02] ✅ Daily Drawdown: Daily drawdown 0.00% within limits
[2026-04-09 05:30:02] ✅ Consecutive Losses: Consecutive losses (0) within limits
[2026-04-09 05:30:02] ✅ Balance: Balance check skipped (no data)
[2026-04-09 05:30:02] ✅ API Connectivity: API credentials configured
[2026-04-09 05:30:02] --------------------------------------------------
[2026-04-09 05:30:02] ✅ CIRCUIT BREAKER: NORMAL
[2026-04-09 05:30:02]    Daily P&L: 0.00%
[2026-04-09 05:30:02]    Consecutive Losses: 0
[2026-04-09 05:35:02] ==================================================
[2026-04-09 05:35:02] 🔍 Running Circuit Breaker Check
[2026-04-09 05:35:02] ✅ Daily Drawdown: Daily drawdown 0.00% within limits
[2026-04-09 05:35:02] ✅ Consecutive Losses: Consecutive losses (0) within limits
[2026-04-09 05:35:02] ✅ Balance: Balance check skipped (no data)
[2026-04-09 05:35:02] ✅ API Connectivity: API credentials configured
[2026-04-09 05:35:02] --------------------------------------------------
[2026-04-09 05:35:02] ✅ CIRCUIT BREAKER: NORMAL
[2026-04-09 05:35:02]    Daily P&L: 0.00%
[2026-04-09 05:35:02]    Consecutive Losses: 0
[2026-04-09 05:40:01] ==================================================
[2026-04-09 05:40:01] 🔍 Running Circuit Breaker Check
[2026-04-09 05:40:01] ✅ Daily Drawdown: Daily drawdown 0.00% within limits
[2026-04-09 05:40:01] ✅ Consecutive Losses: Consecutive losses (0) within limits
[2026-04-09 05:40:01] ✅ Balance: Balance check skipped (no data)
[2026-04-09 05:40:01] ✅ API Connectivity: API credentials configured
[2026-04-09 05:40:01] --------------------------------------------------
[2026-04-09 05:40:01] ✅ CIRCUIT BREAKER: NORMAL
[2026-04-09 05:40:01]    Daily P&L: 0.00%
[2026-04-09 05:40:01]    Consecutive Losses: 0
[2026-04-09 05:45:01] ==================================================
[2026-04-09 05:45:01] 🔍 Running Circuit Breaker Check
[2026-04-09 05:45:01] ✅ Daily Drawdown: Daily drawdown 0.00% within limits
[2026-04-09 05:45:01] ✅ Consecutive Losses: Consecutive losses (0) within limits
[2026-04-09 05:45:01] ✅ Balance: Balance check skipped (no data)
[2026-04-09 05:45:01] ✅ API Connectivity: API credentials configured
[2026-04-09 05:45:01] --------------------------------------------------
[2026-04-09 05:45:01] ✅ CIRCUIT BREAKER: NORMAL
[2026-04-09 05:45:01]    Daily P&L: 0.00%
[2026-04-09 05:45:01]    Consecutive Losses: 0
[2026-04-09 05:50:01] ==================================================
[2026-04-09 05:50:01] 🔍 Running Circuit Breaker Check
[2026-04-09 05:50:01] ✅ Daily Drawdown: Daily drawdown 0.00% within limits
[2026-04-09 05:50:01] ✅ Consecutive Losses: Consecutive losses (0) within limits
[2026-04-09 05:50:01] ✅ Balance: Balance check skipped (no data)
[2026-04-09 05:50:01] ✅ API Connectivity: API credentials configured
[2026-04-09 05:50:01] --------------------------------------------------
[2026-04-09 05:50:01] ✅ CIRCUIT BREAKER: NORMAL
[2026-04-09 05:50:01]    Daily P&L: 0.00%
[2026-04-09 05:50:01]    Consecutive Losses: 0
[2026-04-09 05:55:01] ==================================================
[2026-04-09 05:55:01] 🔍 Running Circuit Breaker Check
[2026-04-09 05:55:01] ✅ Daily Drawdown: Daily drawdown 0.00% within limits
[2026-04-09 05:55:01] ✅ Consecutive Losses: Consecutive losses (0) within limits
[2026-04-09 05:55:01] ✅ Balance: Balance check skipped (no data)
[2026-04-09 05:55:01] ✅ API Connectivity: API credentials configured
[2026-04-09 05:55:01] --------------------------------------------------
[2026-04-09 05:55:01] ✅ CIRCUIT BREAKER: NORMAL
[2026-04-09 05:55:01]    Daily P&L: 0.00%
[2026-04-09 05:55:01]    Consecutive Losses: 0
[2026-04-09 06:00:01] ==================================================
[2026-04-09 06:00:01] 🔍 Running Circuit Breaker Check
[2026-04-09 06:00:01] ✅ Daily Drawdown: Daily drawdown 0.00% within limits
[2026-04-09 06:00:01] ✅ Consecutive Losses: Consecutive losses (0) within limits
[2026-04-09 06:00:01] ✅ Balance: Balance check skipped (no data)
[2026-04-09 06:00:01] ✅ API Connectivity: API credentials configured
[2026-04-09 06:00:01] --------------------------------------------------
[2026-04-09 06:00:01] ✅ CIRCUIT BREAKER: NORMAL
[2026-04-09 06:00:01]    Daily P&L: 0.00%
[2026-04-09 06:00:01]    Consecutive Losses: 0
[2026-04-09 06:05:01] ==================================================
[2026-04-09 06:05:01] 🔍 Running Circuit Breaker Check
[2026-04-09 06:05:01] ✅ Daily Drawdown: Daily drawdown 0.00% within limits
[2026-04-09 06:05:01] ✅ Consecutive Losses: Consecutive losses (0) within limits
[2026-04-09 06:05:01] ✅ Balance: Balance check skipped (no data)
[2026-04-09 06:05:01] ✅ API Connectivity: API credentials configured
[2026-04-09 06:05:01] --------------------------------------------------
[2026-04-09 06:05:01] ✅ CIRCUIT BREAKER: NORMAL
[2026-04-09 06:05:01]    Daily P&L: 0.00%
[2026-04-09 06:05:01]    Consecutive Losses: 0
[2026-04-09 06:10:01] ==================================================
[2026-04-09 06:10:01] 🔍 Running Circuit Breaker Check
[2026-04-09 06:10:01] ✅ Daily Drawdown: Daily drawdown 0.00% within limits
[2026-04-09 06:10:01] ✅ Consecutive Losses: Consecutive losses (0) within limits
[2026-04-09 06:10:01] ✅ Balance: Balance check skipped (no data)
[2026-04-09 06:10:01] ✅ API Connectivity: API credentials configured
[2026-04-09 06:10:01] --------------------------------------------------
[2026-04-09 06:10:01] ✅ CIRCUIT BREAKER: NORMAL
[2026-04-09 06:10:01]    Daily P&L: 0.00%
[2026-04-09 06:10:01]    Consecutive Losses: 0
[2026-04-09 06:15:01] ==================================================
[2026-04-09 06:15:01] 🔍 Running Circuit Breaker Check
[2026-04-09 06:15:01] ✅ Daily Drawdown: Daily drawdown 0.00% within limits
[2026-04-09 06:15:01] ✅ Consecutive Losses: Consecutive losses (0) within limits
[2026-04-09 06:15:01] ✅ Balance: Balance check skipped (no data)
[2026-04-09 06:15:01] ✅ API Connectivity: API credentials configured
[2026-04-09 06:15:01] --------------------------------------------------
[2026-04-09 06:15:01] ✅ CIRCUIT BREAKER: NORMAL
[2026-04-09 06:15:01]    Daily P&L: 0.00%
[2026-04-09 06:15:01]    Consecutive Losses: 0
[2026-04-09 06:20:02] ==================================================
[2026-04-09 06:20:02] 🔍 Running Circuit Breaker Check
[2026-04-09 06:20:02] ✅ Daily Drawdown: Daily drawdown 0.00% within limits
[2026-04-09 06:20:02] ✅ Consecutive Losses: Consecutive losses (0) within limits
[2026-04-09 06:20:02] ✅ Balance: Balance check skipped (no data)
[2026-04-09 06:20:02] ✅ API Connectivity: API credentials configured
[2026-04-09 06:20:02] --------------------------------------------------
[2026-04-09 06:20:02] ✅ CIRCUIT BREAKER: NORMAL
[2026-04-09 06:20:02]    Daily P&L: 0.00%
[2026-04-09 06:20:02]    Consecutive Losses: 0
[2026-04-09 06:25:02] ==================================================
[2026-04-09 06:25:02] 🔍 Running Circuit Breaker Check
[2026-04-09 06:25:02] ✅ Daily Drawdown: Daily drawdown 0.00% within limits
[2026-04-09 06:25:02] ✅ Consecutive Losses: Consecutive losses (0) within limits
[2026-04-09 06:25:02] ✅ Balance: Balance check skipped (no data)
[2026-04-09 06:25:02] ✅ API Connectivity: API credentials configured
[2026-04-09 06:25:02] --------------------------------------------------
[2026-04-09 06:25:02] ✅ CIRCUIT BREAKER: NORMAL
[2026-04-09 06:25:02]    Daily P&L: 0.00%
[2026-04-09 06:25:02]    Consecutive Losses: 0
[2026-04-09 06:30:02] ==================================================
[2026-04-09 06:30:02] 🔍 Running Circuit Breaker Check
[2026-04-09 06:30:02] ✅ Daily Drawdown: Daily drawdown 0.00% within limits
[2026-04-09 06:30:02] ✅ Consecutive Losses: Consecutive losses (0) within limits
[2026-04-09 06:30:02] ✅ Balance: Balance check skipped (no data)
[2026-04-09 06:30:02] ✅ API Connectivity: API credentials configured
[2026-04-09 06:30:02] --------------------------------------------------
[2026-04-09 06:30:02] ✅ CIRCUIT BREAKER: NORMAL
[2026-04-09 06:30:02]    Daily P&L: 0.00%
[2026-04-09 06:30:02]    Consecutive Losses: 0
[2026-04-09 06:35:01] ==================================================
[2026-04-09 06:35:01] 🔍 Running Circuit Breaker Check
[2026-04-09 06:35:01] ✅ Daily Drawdown: Daily drawdown 0.00% within limits
[2026-04-09 06:35:01] ✅ Consecutive Losses: Consecutive losses (0) within limits
[2026-04-09 06:35:01] ✅ Balance: Balance check skipped (no data)
[2026-04-09 06:35:01] ✅ API Connectivity: API credentials configured
[2026-04-09 06:35:01] --------------------------------------------------
[2026-04-09 06:35:01] ✅ CIRCUIT BREAKER: NORMAL
[2026-04-09 06:35:01]    Daily P&L: 0.00%
[2026-04-09 06:35:01]    Consecutive Losses: 0
[2026-04-09 06:40:01] ==================================================
[2026-04-09 06:40:01] 🔍 Running Circuit Breaker Check
[2026-04-09 06:40:01] ✅ Daily Drawdown: Daily drawdown 0.00% within limits
[2026-04-09 06:40:01] ✅ Consecutive Losses: Consecutive losses (0) within limits
[2026-04-09 06:40:01] ✅ Balance: Balance check skipped (no data)
[2026-04-09 06:40:01] ✅ API Connectivity: API credentials configured
[2026-04-09 06:40:01] --------------------------------------------------
[2026-04-09 06:40:01] ✅ CIRCUIT BREAKER: NORMAL
[2026-04-09 06:40:01]    Daily P&L: 0.00%
[2026-04-09 06:40:01]    Consecutive Losses: 0
[2026-04-09 06:45:01] ==================================================
[2026-04-09 06:45:01] 🔍 Running Circuit Breaker Check
[2026-04-09 06:45:01] ✅ Daily Drawdown: Daily drawdown 0.00% within limits
[2026-04-09 06:45:01] ✅ Consecutive Losses: Consecutive losses (0) within limits
[2026-04-09 06:45:01] ✅ Balance: Balance check skipped (no data)
[2026-04-09 06:45:01] ✅ API Connectivity: API credentials configured
[2026-04-09 06:45:01] --------------------------------------------------
[2026-04-09 06:45:01] ✅ CIRCUIT BREAKER: NORMAL
[2026-04-09 06:45:01]    Daily P&L: 0.00%
[2026-04-09 06:45:01]    Consecutive Losses: 0
[2026-04-09 06:50:02] ==================================================
[2026-04-09 06:50:02] 🔍 Running Circuit Breaker Check
[2026-04-09 06:50:02] ✅ Daily Drawdown: Daily drawdown 0.00% within limits
[2026-04-09 06:50:02] ✅ Consecutive Losses: Consecutive losses (0) within limits
[2026-04-09 06:50:02] ✅ Balance: Balance check skipped (no data)
[2026-04-09 06:50:02] ✅ API Connectivity: API credentials configured
[2026-04-09 06:50:02] --------------------------------------------------
[2026-04-09 06:50:02] ✅ CIRCUIT BREAKER: NORMAL
[2026-04-09 06:50:02]    Daily P&L: 0.00%
[2026-04-09 06:50:02]    Consecutive Losses: 0
[2026-04-09 06:55:01] ==================================================
[2026-04-09 06:55:01] 🔍 Running Circuit Breaker Check
[2026-04-09 06:55:01] ✅ Daily Drawdown: Daily drawdown 0.00% within limits
[2026-04-09 06:55:01] ✅ Consecutive Losses: Consecutive losses (0) within limits
[2026-04-09 06:55:01] ✅ Balance: Balance check skipped (no data)
[2026-04-09 06:55:01] ✅ API Connectivity: API credentials configured
[2026-04-09 06:55:01] --------------------------------------------------
[2026-04-09 06:55:01] ✅ CIRCUIT BREAKER: NORMAL
[2026-04-09 06:55:01]    Daily P&L: 0.00%
[2026-04-09 06:55:01]    Consecutive Losses: 0
[2026-04-09 07:00:02] ==================================================
[2026-04-09 07:00:02] 🔍 Running Circuit Breaker Check
[2026-04-09 07:00:02] ✅ Daily Drawdown: Daily drawdown 0.00% within limits
[2026-04-09 07:00:02] ✅ Consecutive Losses: Consecutive losses (0) within limits
[2026-04-09 07:00:02] ✅ Balance: Balance check skipped (no data)
[2026-04-09 07:00:02] ✅ API Connectivity: API credentials configured
[2026-04-09 07:00:02] --------------------------------------------------
[2026-04-09 07:00:02] ✅ CIRCUIT BREAKER: NORMAL
[2026-04-09 07:00:02]    Daily P&L: 0.00%
[2026-04-09 07:00:02]    Consecutive Losses: 0
[2026-04-09 07:05:01] ==================================================
[2026-04-09 07:05:01] 🔍 Running Circuit Breaker Check
[2026-04-09 07:05:01] ✅ Daily Drawdown: Daily drawdown 0.00% within limits
[2026-04-09 07:05:01] ✅ Consecutive Losses: Consecutive losses (0) within limits
[2026-04-09 07:05:01] ✅ Balance: Balance check skipped (no data)
[2026-04-09 07:05:01] ✅ API Connectivity: API credentials configured
[2026-04-09 07:05:01] --------------------------------------------------
[2026-04-09 07:05:01] ✅ CIRCUIT BREAKER: NORMAL
[2026-04-09 07:05:01]    Daily P&L: 0.00%
[2026-04-09 07:05:01]    Consecutive Losses: 0
[2026-04-09 07:10:02] ==================================================
[2026-04-09 07:10:02] 🔍 Running Circuit Breaker Check
[2026-04-09 07:10:02] ✅ Daily Drawdown: Daily drawdown 0.00% within limits
[2026-04-09 07:10:02] ✅ Consecutive Losses: Consecutive losses (0) within limits
[2026-04-09 07:10:02] ✅ Balance: Balance check skipped (no data)
[2026-04-09 07:10:02] ✅ API Connectivity: API credentials configured
[2026-04-09 07:10:02] --------------------------------------------------
[2026-04-09 07:10:02] ✅ CIRCUIT BREAKER: NORMAL
[2026-04-09 07:10:02]    Daily P&L: 0.00%
[2026-04-09 07:10:02]    Consecutive Losses: 0
[2026-04-09 07:15:01] ==================================================
[2026-04-09 07:15:01] 🔍 Running Circuit Breaker Check
[2026-04-09 07:15:01] ✅ Daily Drawdown: Daily drawdown 0.00% within limits
[2026-04-09 07:15:01] ✅ Consecutive Losses: Consecutive losses (0) within limits
[2026-04-09 07:15:01] ✅ Balance: Balance check skipped (no data)
[2026-04-09 07:15:01] ✅ API Connectivity: API credentials configured
[2026-04-09 07:15:01] --------------------------------------------------
[2026-04-09 07:15:01] ✅ CIRCUIT BREAKER: NORMAL
[2026-04-09 07:15:01]    Daily P&L: 0.00%
[2026-04-09 07:15:01]    Consecutive Losses: 0
[2026-04-09 07:20:01] ==================================================
[2026-04-09 07:20:01] 🔍 Running Circuit Breaker Check
[2026-04-09 07:20:01] ✅ Daily Drawdown: Daily drawdown 0.00% within limits
[2026-04-09 07:20:01] ✅ Consecutive Losses: Consecutive losses (0) within limits
[2026-04-09 07:20:01] ✅ Balance: Balance check skipped (no data)
[2026-04-09 07:20:01] ✅ API Connectivity: API credentials configured
[2026-04-09 07:20:01] --------------------------------------------------
[2026-04-09 07:20:01] ✅ CIRCUIT BREAKER: NORMAL
[2026-04-09 07:20:01]    Daily P&L: 0.00%
[2026-04-09 07:20:01]    Consecutive Losses: 0
[2026-04-09 07:25:01] ==================================================
[2026-04-09 07:25:01] 🔍 Running Circuit Breaker Check
[2026-04-09 07:25:01] ✅ Daily Drawdown: Daily drawdown 0.00% within limits
[2026-04-09 07:25:01] ✅ Consecutive Losses: Consecutive losses (0) within limits
[2026-04-09 07:25:01] ✅ Balance: Balance check skipped (no data)
[2026-04-09 07:25:01] ✅ API Connectivity: API credentials configured
[2026-04-09 07:25:01] --------------------------------------------------
[2026-04-09 07:25:01] ✅ CIRCUIT BREAKER: NORMAL
[2026-04-09 07:25:01]    Daily P&L: 0.00%
[2026-04-09 07:25:01]    Consecutive Losses: 0
[2026-04-09 07:30:01] ==================================================
[2026-04-09 07:30:01] 🔍 Running Circuit Breaker Check
[2026-04-09 07:30:01] ✅ Daily Drawdown: Daily drawdown 0.00% within limits
[2026-04-09 07:30:01] ✅ Consecutive Losses: Consecutive losses (0) within limits
[2026-04-09 07:30:01] ✅ Balance: Balance check skipped (no data)
[2026-04-09 07:30:01] ✅ API Connectivity: API credentials configured
[2026-04-09 07:30:01] --------------------------------------------------
[2026-04-09 07:30:01] ✅ CIRCUIT BREAKER: NORMAL
[2026-04-09 07:30:01]    Daily P&L: 0.00%
[2026-04-09 07:30:01]    Consecutive Losses: 0
[2026-04-09 07:35:02] ==================================================
[2026-04-09 07:35:02] 🔍 Running Circuit Breaker Check
[2026-04-09 07:35:02] ✅ Daily Drawdown: Daily drawdown 0.00% within limits
[2026-04-09 07:35:02] ✅ Consecutive Losses: Consecutive losses (0) within limits
[2026-04-09 07:35:02] ✅ Balance: Balance check skipped (no data)
[2026-04-09 07:35:02] ✅ API Connectivity: API credentials configured
[2026-04-09 07:35:02] --------------------------------------------------
[2026-04-09 07:35:02] ✅ CIRCUIT BREAKER: NORMAL
[2026-04-09 07:35:02]    Daily P&L: 0.00%
[2026-04-09 07:35:02]    Consecutive Losses: 0
[2026-04-09 07:40:02] ==================================================
[2026-04-09 07:40:02] 🔍 Running Circuit Breaker Check
[2026-04-09 07:40:02] ✅ Daily Drawdown: Daily drawdown 0.00% within limits
[2026-04-09 07:40:02] ✅ Consecutive Losses: Consecutive losses (0) within limits
[2026-04-09 07:40:02] ✅ Balance: Balance check skipped (no data)
[2026-04-09 07:40:02] ✅ API Connectivity: API credentials configured
[2026-04-09 07:40:02] --------------------------------------------------
[2026-04-09 07:40:02] ✅ CIRCUIT BREAKER: NORMAL
[2026-04-09 07:40:02]    Daily P&L: 0.00%
[2026-04-09 07:40:02]    Consecutive Losses: 0
[2026-04-09 07:45:01] ==================================================
[2026-04-09 07:45:01] 🔍 Running Circuit Breaker Check
[2026-04-09 07:45:01] ✅ Daily Drawdown: Daily drawdown 0.00% within limits
[2026-04-09 07:45:01] ✅ Consecutive Losses: Consecutive losses (0) within limits
[2026-04-09 07:45:01] ✅ Balance: Balance check skipped (no data)
[2026-04-09 07:45:01] ✅ API Connectivity: API credentials configured
[2026-04-09 07:45:01] --------------------------------------------------
[2026-04-09 07:45:01] ✅ CIRCUIT BREAKER: NORMAL
[2026-04-09 07:45:01]    Daily P&L: 0.00%
[2026-04-09 07:45:01]    Consecutive Losses: 0
[2026-04-09 07:50:01] ==================================================
[2026-04-09 07:50:01] 🔍 Running Circuit Breaker Check
[2026-04-09 07:50:01] ✅ Daily Drawdown: Daily drawdown 0.00% within limits
[2026-04-09 07:50:01] ✅ Consecutive Losses: Consecutive losses (0) within limits
[2026-04-09 07:50:01] ✅ Balance: Balance check skipped (no data)
[2026-04-09 07:50:01] ✅ API Connectivity: API credentials configured
[2026-04-09 07:50:01] --------------------------------------------------
[2026-04-09 07:50:01] ✅ CIRCUIT BREAKER: NORMAL
[2026-04-09 07:50:01]    Daily P&L: 0.00%
[2026-04-09 07:50:01]    Consecutive Losses: 0
[2026-04-09 07:55:01] ==================================================
[2026-04-09 07:55:01] 🔍 Running Circuit Breaker Check
[2026-04-09 07:55:01] ✅ Daily Drawdown: Daily drawdown 0.00% within limits
[2026-04-09 07:55:01] ✅ Consecutive Losses: Consecutive losses (0) within limits
[2026-04-09 07:55:01] ✅ Balance: Balance check skipped (no data)
[2026-04-09 07:55:01] ✅ API Connectivity: API credentials configured
[2026-04-09 07:55:01] --------------------------------------------------
[2026-04-09 07:55:01] ✅ CIRCUIT BREAKER: NORMAL
[2026-04-09 07:55:01]    Daily P&L: 0.00%
[2026-04-09 07:55:01]    Consecutive Losses: 0
[2026-04-09 08:00:01] ==================================================
[2026-04-09 08:00:01] 🔍 Running Circuit Breaker Check
[2026-04-09 08:00:01] ✅ Daily Drawdown: Daily drawdown 0.00% within limits
[2026-04-09 08:00:01] ✅ Consecutive Losses: Consecutive losses (0) within limits
[2026-04-09 08:00:01] ✅ Balance: Balance check skipped (no data)
[2026-04-09 08:00:01] ✅ API Connectivity: API credentials configured
[2026-04-09 08:00:01] --------------------------------------------------
[2026-04-09 08:00:01] ✅ CIRCUIT BREAKER: NORMAL
[2026-04-09 08:00:01]    Daily P&L: 0.00%
[2026-04-09 08:00:01]    Consecutive Losses: 0
[2026-04-09 08:05:02] ==================================================
[2026-04-09 08:05:02] 🔍 Running Circuit Breaker Check
[2026-04-09 08:05:02] ✅ Daily Drawdown: Daily drawdown 0.00% within limits
[2026-04-09 08:05:02] ✅ Consecutive Losses: Consecutive losses (0) within limits
[2026-04-09 08:05:02] ✅ Balance: Balance check skipped (no data)
[2026-04-09 08:05:02] ✅ API Connectivity: API credentials configured
[2026-04-09 08:05:02] --------------------------------------------------
[2026-04-09 08:05:02] ✅ CIRCUIT BREAKER: NORMAL
[2026-04-09 08:05:02]    Daily P&L: 0.00%
[2026-04-09 08:05:02]    Consecutive Losses: 0
[2026-04-09 08:10:02] ==================================================
[2026-04-09 08:10:02] 🔍 Running Circuit Breaker Check
[2026-04-09 08:10:02] ✅ Daily Drawdown: Daily drawdown 0.00% within limits
[2026-04-09 08:10:02] ✅ Consecutive Losses: Consecutive losses (0) within limits
[2026-04-09 08:10:02] ✅ Balance: Balance check skipped (no data)
[2026-04-09 08:10:02] ✅ API Connectivity: API credentials configured
[2026-04-09 08:10:02] --------------------------------------------------
[2026-04-09 08:10:02] ✅ CIRCUIT BREAKER: NORMAL
[2026-04-09 08:10:02]    Daily P&L: 0.00%
[2026-04-09 08:10:02]    Consecutive Losses: 0
[2026-04-09 08:15:01] ==================================================
[2026-04-09 08:15:01] 🔍 Running Circuit Breaker Check
[2026-04-09 08:15:01] ✅ Daily Drawdown: Daily drawdown 0.00% within limits
[2026-04-09 08:15:01] ✅ Consecutive Losses: Consecutive losses (0) within limits
[2026-04-09 08:15:01] ✅ Balance: Balance check skipped (no data)
[2026-04-09 08:15:01] ✅ API Connectivity: API credentials configured
[2026-04-09 08:15:01] --------------------------------------------------
[2026-04-09 08:15:01] ✅ CIRCUIT BREAKER: NORMAL
[2026-04-09 08:15:01]    Daily P&L: 0.00%
[2026-04-09 08:15:01]    Consecutive Losses: 0
[2026-04-09 08:20:01] ==================================================
[2026-04-09 08:20:01] 🔍 Running Circuit Breaker Check
[2026-04-09 08:20:01] ✅ Daily Drawdown: Daily drawdown 0.00% within limits
[2026-04-09 08:20:01] ✅ Consecutive Losses: Consecutive losses (0) within limits
[2026-04-09 08:20:01] ✅ Balance: Balance check skipped (no data)
[2026-04-09 08:20:01] ✅ API Connectivity: API credentials configured
[2026-04-09 08:20:01] --------------------------------------------------
[2026-04-09 08:20:01] ✅ CIRCUIT BREAKER: NORMAL
[2026-04-09 08:20:01]    Daily P&L: 0.00%
[2026-04-09 08:20:01]    Consecutive Losses: 0
[2026-04-09 08:25:01] ==================================================
[2026-04-09 08:25:01] 🔍 Running Circuit Breaker Check
[2026-04-09 08:25:01] ✅ Daily Drawdown: Daily drawdown 0.00% within limits
[2026-04-09 08:25:01] ✅ Consecutive Losses: Consecutive losses (0) within limits
[2026-04-09 08:25:01] ✅ Balance: Balance check skipped (no data)
[2026-04-09 08:25:01] ✅ API Connectivity: API credentials configured
[2026-04-09 08:25:01] --------------------------------------------------
[2026-04-09 08:25:01] ✅ CIRCUIT BREAKER: NORMAL
[2026-04-09 08:25:01]    Daily P&L: 0.00%
[2026-04-09 08:25:01]    Consecutive Losses: 0
[2026-04-09 08:30:01] ==================================================
[2026-04-09 08:30:01] 🔍 Running Circuit Breaker Check
[2026-04-09 08:30:01] ✅ Daily Drawdown: Daily drawdown 0.00% within limits
[2026-04-09 08:30:01] ✅ Consecutive Losses: Consecutive losses (0) within limits
[2026-04-09 08:30:01] ✅ Balance: Balance check skipped (no data)
[2026-04-09 08:30:01] ✅ API Connectivity: API credentials configured
[2026-04-09 08:30:01] --------------------------------------------------
[2026-04-09 08:30:01] ✅ CIRCUIT BREAKER: NORMAL
[2026-04-09 08:30:01]    Daily P&L: 0.00%
[2026-04-09 08:30:01]    Consecutive Losses: 0
[2026-04-09 08:35:02] ==================================================
[2026-04-09 08:35:02] 🔍 Running Circuit Breaker Check
[2026-04-09 08:35:02] ✅ Daily Drawdown: Daily drawdown 0.00% within limits
[2026-04-09 08:35:02] ✅ Consecutive Losses: Consecutive losses (0) within limits
[2026-04-09 08:35:02] ✅ Balance: Balance check skipped (no data)
[2026-04-09 08:35:02] ✅ API Connectivity: API credentials configured
[2026-04-09 08:35:02] --------------------------------------------------
[2026-04-09 08:35:02] ✅ CIRCUIT BREAKER: NORMAL
[2026-04-09 08:35:02]    Daily P&L: 0.00%
[2026-04-09 08:35:02]    Consecutive Losses: 0
[2026-04-09 08:40:02] ==================================================
[2026-04-09 08:40:02] 🔍 Running Circuit Breaker Check
[2026-04-09 08:40:02] ✅ Daily Drawdown: Daily drawdown 0.00% within limits
[2026-04-09 08:40:02] ✅ Consecutive Losses: Consecutive losses (0) within limits
[2026-04-09 08:40:02] ✅ Balance: Balance check skipped (no data)
[2026-04-09 08:40:02] ✅ API Connectivity: API credentials configured
[2026-04-09 08:40:02] --------------------------------------------------
[2026-04-09 08:40:02] ✅ CIRCUIT BREAKER: NORMAL
[2026-04-09 08:40:02]    Daily P&L: 0.00%
[2026-04-09 08:40:02]    Consecutive Losses: 0
[2026-04-09 08:45:01] ==================================================
[2026-04-09 08:45:01] 🔍 Running Circuit Breaker Check
[2026-04-09 08:45:01] ✅ Daily Drawdown: Daily drawdown 0.00% within limits
[2026-04-09 08:45:01] ✅ Consecutive Losses: Consecutive losses (0) within limits
[2026-04-09 08:45:01] ✅ Balance: Balance check skipped (no data)
[2026-04-09 08:45:01] ✅ API Connectivity: API credentials configured
[2026-04-09 08:45:01] --------------------------------------------------
[2026-04-09 08:45:01] ✅ CIRCUIT BREAKER: NORMAL
[2026-04-09 08:45:01]    Daily P&L: 0.00%
[2026-04-09 08:45:01]    Consecutive Losses: 0
[2026-04-09 08:50:01] ==================================================
[2026-04-09 08:50:01] 🔍 Running Circuit Breaker Check
[2026-04-09 08:50:01] ✅ Daily Drawdown: Daily drawdown 0.00% within limits
[2026-04-09 08:50:01] ✅ Consecutive Losses: Consecutive losses (0) within limits
[2026-04-09 08:50:01] ✅ Balance: Balance check skipped (no data)
[2026-04-09 08:50:01] ✅ API Connectivity: API credentials configured
[2026-04-09 08:50:01] --------------------------------------------------
[2026-04-09 08:50:01] ✅ CIRCUIT BREAKER: NORMAL
[2026-04-09 08:50:01]    Daily P&L: 0.00%
[2026-04-09 08:50:01]    Consecutive Losses: 0
[2026-04-09 08:55:01] ==================================================
[2026-04-09 08:55:01] 🔍 Running Circuit Breaker Check
[2026-04-09 08:55:01] ✅ Daily Drawdown: Daily drawdown 0.00% within limits
[2026-04-09 08:55:01] ✅ Consecutive Losses: Consecutive losses (0) within limits
[2026-04-09 08:55:01] ✅ Balance: Balance check skipped (no data)
[2026-04-09 08:55:01] ✅ API Connectivity: API credentials configured
[2026-04-09 08:55:01] --------------------------------------------------
[2026-04-09 08:55:01] ✅ CIRCUIT BREAKER: NORMAL
[2026-04-09 08:55:01]    Daily P&L: 0.00%
[2026-04-09 08:55:01]    Consecutive Losses: 0
[2026-04-09 09:00:02] ==================================================
[2026-04-09 09:00:02] 🔍 Running Circuit Breaker Check
[2026-04-09 09:00:02] ✅ Daily Drawdown: Daily drawdown 0.00% within limits
[2026-04-09 09:00:02] ✅ Consecutive Losses: Consecutive losses (0) within limits
[2026-04-09 09:00:02] ✅ Balance: Balance check skipped (no data)
[2026-04-09 09:00:02] ✅ API Connectivity: API credentials configured
[2026-04-09 09:00:02] --------------------------------------------------
[2026-04-09 09:00:02] ✅ CIRCUIT BREAKER: NORMAL
[2026-04-09 09:00:02]    Daily P&L: 0.00%
[2026-04-09 09:00:02]    Consecutive Losses: 0
[2026-04-09 09:05:01] ==================================================
[2026-04-09 09:05:01] 🔍 Running Circuit Breaker Check
[2026-04-09 09:05:01] ✅ Daily Drawdown: Daily drawdown 0.00% within limits
[2026-04-09 09:05:01] ✅ Consecutive Losses: Consecutive losses (0) within limits
[2026-04-09 09:05:01] ✅ Balance: Balance check skipped (no data)
[2026-04-09 09:05:01] ✅ API Connectivity: API credentials configured
[2026-04-09 09:05:01] --------------------------------------------------
[2026-04-09 09:05:01] ✅ CIRCUIT BREAKER: NORMAL
[2026-04-09 09:05:01]    Daily P&L: 0.00%
[2026-04-09 09:05:01]    Consecutive Losses: 0
[2026-04-09 09:10:01] ==================================================
[2026-04-09 09:10:01] 🔍 Running Circuit Breaker Check
[2026-04-09 09:10:01] ✅ Daily Drawdown: Daily drawdown 0.00% within limits
[2026-04-09 09:10:01] ✅ Consecutive Losses: Consecutive losses (0) within limits
[2026-04-09 09:10:01] ✅ Balance: Balance check skipped (no data)
[2026-04-09 09:10:01] ✅ API Connectivity: API credentials configured
[2026-04-09 09:10:01] --------------------------------------------------
[2026-04-09 09:10:01] ✅ CIRCUIT BREAKER: NORMAL
[2026-04-09 09:10:01]    Daily P&L: 0.00%
[2026-04-09 09:10:01]    Consecutive Losses: 0
[2026-04-09 09:15:01] ==================================================
[2026-04-09 09:15:01] 🔍 Running Circuit Breaker Check
[2026-04-09 09:15:01] ✅ Daily Drawdown: Daily drawdown 0.00% within limits
[2026-04-09 09:15:01] ✅ Consecutive Losses: Consecutive losses (0) within limits
[2026-04-09 09:15:01] ✅ Balance: Balance check skipped (no data)
[2026-04-09 09:15:01] ✅ API Connectivity: API credentials configured
[2026-04-09 09:15:01] --------------------------------------------------
[2026-04-09 09:15:01] ✅ CIRCUIT BREAKER: NORMAL
[2026-04-09 09:15:01]    Daily P&L: 0.00%
[2026-04-09 09:15:01]    Consecutive Losses: 0
[2026-04-09 09:20:01] ==================================================
[2026-04-09 09:20:01] 🔍 Running Circuit Breaker Check
[2026-04-09 09:20:01] ✅ Daily Drawdown: Daily drawdown 0.00% within limits
[2026-04-09 09:20:01] ✅ Consecutive Losses: Consecutive losses (0) within limits
[2026-04-09 09:20:01] ✅ Balance: Balance check skipped (no data)
[2026-04-09 09:20:01] ✅ API Connectivity: API credentials configured
[2026-04-09 09:20:01] --------------------------------------------------
[2026-04-09 09:20:01] ✅ CIRCUIT BREAKER: NORMAL
[2026-04-09 09:20:01]    Daily P&L: 0.00%
[2026-04-09 09:20:01]    Consecutive Losses: 0
[2026-04-09 09:25:02] ==================================================
[2026-04-09 09:25:02] 🔍 Running Circuit Breaker Check
[2026-04-09 09:25:02] ✅ Daily Drawdown: Daily drawdown 0.00% within limits
[2026-04-09 09:25:02] ✅ Consecutive Losses: Consecutive losses (0) within limits
[2026-04-09 09:25:02] ✅ Balance: Balance check skipped (no data)
[2026-04-09 09:25:02] ✅ API Connectivity: API credentials configured
[2026-04-09 09:25:02] --------------------------------------------------
[2026-04-09 09:25:02] ✅ CIRCUIT BREAKER: NORMAL
[2026-04-09 09:25:02]    Daily P&L: 0.00%
[2026-04-09 09:25:02]    Consecutive Losses: 0
[2026-04-09 09:30:02] ==================================================
[2026-04-09 09:30:02] 🔍 Running Circuit Breaker Check
[2026-04-09 09:30:02] ✅ Daily Drawdown: Daily drawdown 0.00% within limits
[2026-04-09 09:30:02] ✅ Consecutive Losses: Consecutive losses (0) within limits
[2026-04-09 09:30:02] ✅ Balance: Balance check skipped (no data)
[2026-04-09 09:30:02] ✅ API Connectivity: API credentials configured
[2026-04-09 09:30:02] --------------------------------------------------
[2026-04-09 09:30:02] ✅ CIRCUIT BREAKER: NORMAL
[2026-04-09 09:30:02]    Daily P&L: 0.00%
[2026-04-09 09:30:02]    Consecutive Losses: 0
[2026-04-09 09:35:01] ==================================================
[2026-04-09 09:35:01] 🔍 Running Circuit Breaker Check
[2026-04-09 09:35:01] ✅ Daily Drawdown: Daily drawdown 0.00% within limits
[2026-04-09 09:35:01] ✅ Consecutive Losses: Consecutive losses (0) within limits
[2026-04-09 09:35:01] ✅ Balance: Balance check skipped (no data)
[2026-04-09 09:35:01] ✅ API Connectivity: API credentials configured
[2026-04-09 09:35:01] --------------------------------------------------
[2026-04-09 09:35:01] ✅ CIRCUIT BREAKER: NORMAL
[2026-04-09 09:35:01]    Daily P&L: 0.00%
[2026-04-09 09:35:01]    Consecutive Losses: 0
[2026-04-09 09:40:01] ==================================================
[2026-04-09 09:40:01] 🔍 Running Circuit Breaker Check
[2026-04-09 09:40:01] ✅ Daily Drawdown: Daily drawdown 0.00% within limits
[2026-04-09 09:40:01] ✅ Consecutive Losses: Consecutive losses (0) within limits
[2026-04-09 09:40:01] ✅ Balance: Balance check skipped (no data)
[2026-04-09 09:40:01] ✅ API Connectivity: API credentials configured
[2026-04-09 09:40:01] --------------------------------------------------
[2026-04-09 09:40:01] ✅ CIRCUIT BREAKER: NORMAL
[2026-04-09 09:40:01]    Daily P&L: 0.00%
[2026-04-09 09:40:01]    Consecutive Losses: 0
[2026-04-09 09:45:01] ==================================================
[2026-04-09 09:45:01] 🔍 Running Circuit Breaker Check
[2026-04-09 09:45:01] ✅ Daily Drawdown: Daily drawdown 0.00% within limits
[2026-04-09 09:45:01] ✅ Consecutive Losses: Consecutive losses (0) within limits
[2026-04-09 09:45:01] ✅ Balance: Balance check skipped (no data)
[2026-04-09 09:45:01] ✅ API Connectivity: API credentials configured
[2026-04-09 09:45:01] --------------------------------------------------
[2026-04-09 09:45:01] ✅ CIRCUIT BREAKER: NORMAL
[2026-04-09 09:45:01]    Daily P&L: 0.00%
[2026-04-09 09:45:01]    Consecutive Losses: 0
[2026-04-09 09:50:01] ==================================================
[2026-04-09 09:50:01] 🔍 Running Circuit Breaker Check
[2026-04-09 09:50:01] ✅ Daily Drawdown: Daily drawdown 0.00% within limits
[2026-04-09 09:50:01] ✅ Consecutive Losses: Consecutive losses (0) within limits
[2026-04-09 09:50:01] ✅ Balance: Balance check skipped (no data)
[2026-04-09 09:50:01] ✅ API Connectivity: API credentials configured
[2026-04-09 09:50:01] --------------------------------------------------
[2026-04-09 09:50:01] ✅ CIRCUIT BREAKER: NORMAL
[2026-04-09 09:50:01]    Daily P&L: 0.00%
[2026-04-09 09:50:01]    Consecutive Losses: 0
[2026-04-09 09:55:01] ==================================================
[2026-04-09 09:55:01] 🔍 Running Circuit Breaker Check
[2026-04-09 09:55:01] ✅ Daily Drawdown: Daily drawdown 0.00% within limits
[2026-04-09 09:55:01] ✅ Consecutive Losses: Consecutive losses (0) within limits
[2026-04-09 09:55:01] ✅ Balance: Balance check skipped (no data)
[2026-04-09 09:55:01] ✅ API Connectivity: API credentials configured
[2026-04-09 09:55:01] --------------------------------------------------
[2026-04-09 09:55:01] ✅ CIRCUIT BREAKER: NORMAL
[2026-04-09 09:55:01]    Daily P&L: 0.00%
[2026-04-09 09:55:01]    Consecutive Losses: 0
[2026-04-09 10:00:01] ==================================================
[2026-04-09 10:00:01] 🔍 Running Circuit Breaker Check
[2026-04-09 10:00:01] ✅ Daily Drawdown: Daily drawdown 0.00% within limits
[2026-04-09 10:00:01] ✅ Consecutive Losses: Consecutive losses (0) within limits
[2026-04-09 10:00:01] ✅ Balance: Balance check skipped (no data)
[2026-04-09 10:00:01] ✅ API Connectivity: API credentials configured
[2026-04-09 10:00:01] --------------------------------------------------
[2026-04-09 10:00:01] ✅ CIRCUIT BREAKER: NORMAL
[2026-04-09 10:00:01]    Daily P&L: 0.00%
[2026-04-09 10:00:01]    Consecutive Losses: 0
[2026-04-09 10:05:01] ==================================================
[2026-04-09 10:05:01] 🔍 Running Circuit Breaker Check
[2026-04-09 10:05:01] ✅ Daily Drawdown: Daily drawdown 0.00% within limits
[2026-04-09 10:05:01] ✅ Consecutive Losses: Consecutive losses (0) within limits
[2026-04-09 10:05:01] ✅ Balance: Balance check skipped (no data)
[2026-04-09 10:05:01] ✅ API Connectivity: API credentials configured
[2026-04-09 10:05:01] --------------------------------------------------
[2026-04-09 10:05:01] ✅ CIRCUIT BREAKER: NORMAL
[2026-04-09 10:05:02]    Daily P&L: 0.00%
[2026-04-09 10:05:02]    Consecutive Losses: 0
[2026-04-09 10:10:02] ==================================================
[2026-04-09 10:10:02] 🔍 Running Circuit Breaker Check
[2026-04-09 10:10:02] ✅ Daily Drawdown: Daily drawdown 0.00% within limits
[2026-04-09 10:10:02] ✅ Consecutive Losses: Consecutive losses (0) within limits
[2026-04-09 10:10:02] ✅ Balance: Balance check skipped (no data)
[2026-04-09 10:10:02] ✅ API Connectivity: API credentials configured
[2026-04-09 10:10:02] --------------------------------------------------
[2026-04-09 10:10:02] ✅ CIRCUIT BREAKER: NORMAL
[2026-04-09 10:10:02]    Daily P&L: 0.00%
[2026-04-09 10:10:02]    Consecutive Losses: 0
[2026-04-09 10:15:02] ==================================================
[2026-04-09 10:15:02] 🔍 Running Circuit Breaker Check
[2026-04-09 10:15:02] ✅ Daily Drawdown: Daily drawdown 0.00% within limits
[2026-04-09 10:15:02] ✅ Consecutive Losses: Consecutive losses (0) within limits
[2026-04-09 10:15:02] ✅ Balance: Balance check skipped (no data)
[2026-04-09 10:15:02] ✅ API Connectivity: API credentials configured
[2026-04-09 10:15:02] --------------------------------------------------
[2026-04-09 10:15:02] ✅ CIRCUIT BREAKER: NORMAL
[2026-04-09 10:15:02]    Daily P&L: 0.00%
[2026-04-09 10:15:02]    Consecutive Losses: 0
[2026-04-09 10:20:02] ==================================================
[2026-04-09 10:20:02] 🔍 Running Circuit Breaker Check
[2026-04-09 10:20:02] ✅ Daily Drawdown: Daily drawdown 0.00% within limits
[2026-04-09 10:20:02] ✅ Consecutive Losses: Consecutive losses (0) within limits
[2026-04-09 10:20:02] ✅ Balance: Balance check skipped (no data)
[2026-04-09 10:20:02] ✅ API Connectivity: API credentials configured
[2026-04-09 10:20:02] --------------------------------------------------
[2026-04-09 10:20:02] ✅ CIRCUIT BREAKER: NORMAL
[2026-04-09 10:20:02]    Daily P&L: 0.00%
[2026-04-09 10:20:02]    Consecutive Losses: 0
[2026-04-09 10:25:01] ==================================================
[2026-04-09 10:25:01] 🔍 Running Circuit Breaker Check
[2026-04-09 10:25:01] ✅ Daily Drawdown: Daily drawdown 0.00% within limits
[2026-04-09 10:25:01] ✅ Consecutive Losses: Consecutive losses (0) within limits
[2026-04-09 10:25:01] ✅ Balance: Balance check skipped (no data)
[2026-04-09 10:25:01] ✅ API Connectivity: API credentials configured
[2026-04-09 10:25:01] --------------------------------------------------
[2026-04-09 10:25:01] ✅ CIRCUIT BREAKER: NORMAL
[2026-04-09 10:25:01]    Daily P&L: 0.00%
[2026-04-09 10:25:01]    Consecutive Losses: 0
[2026-04-09 10:30:01] ==================================================
[2026-04-09 10:30:01] 🔍 Running Circuit Breaker Check
[2026-04-09 10:30:01] ✅ Daily Drawdown: Daily drawdown 0.00% within limits
[2026-04-09 10:30:01] ✅ Consecutive Losses: Consecutive losses (0) within limits
[2026-04-09 10:30:01] ✅ Balance: Balance check skipped (no data)
[2026-04-09 10:30:01] ✅ API Connectivity: API credentials configured
[2026-04-09 10:30:01] --------------------------------------------------
[2026-04-09 10:30:01] ✅ CIRCUIT BREAKER: NORMAL
[2026-04-09 10:30:01]    Daily P&L: 0.00%
[2026-04-09 10:30:01]    Consecutive Losses: 0
[2026-04-09 10:35:02] ==================================================
[2026-04-09 10:35:02] 🔍 Running Circuit Breaker Check
[2026-04-09 10:35:02] ✅ Daily Drawdown: Daily drawdown 0.00% within limits
[2026-04-09 10:35:02] ✅ Consecutive Losses: Consecutive losses (0) within limits
[2026-04-09 10:35:02] ✅ Balance: Balance check skipped (no data)
[2026-04-09 10:35:02] ✅ API Connectivity: API credentials configured
[2026-04-09 10:35:02] --------------------------------------------------
[2026-04-09 10:35:02] ✅ CIRCUIT BREAKER: NORMAL
[2026-04-09 10:35:02]    Daily P&L: 0.00%
[2026-04-09 10:35:02]    Consecutive Losses: 0
[2026-04-09 10:40:01] ==================================================
[2026-04-09 10:40:01] 🔍 Running Circuit Breaker Check
[2026-04-09 10:40:01] ✅ Daily Drawdown: Daily drawdown 0.00% within limits
[2026-04-09 10:40:01] ✅ Consecutive Losses: Consecutive losses (0) within limits
[2026-04-09 10:40:01] ✅ Balance: Balance check skipped (no data)
[2026-04-09 10:40:01] ✅ API Connectivity: API credentials configured
[2026-04-09 10:40:01] --------------------------------------------------
[2026-04-09 10:40:01] ✅ CIRCUIT BREAKER: NORMAL
[2026-04-09 10:40:01]    Daily P&L: 0.00%
[2026-04-09 10:40:01]    Consecutive Losses: 0
[2026-04-09 10:45:01] ==================================================
[2026-04-09 10:45:01] 🔍 Running Circuit Breaker Check
[2026-04-09 10:45:01] ✅ Daily Drawdown: Daily drawdown 0.00% within limits
[2026-04-09 10:45:01] ✅ Consecutive Losses: Consecutive losses (0) within limits
[2026-04-09 10:45:01] ✅ Balance: Balance check skipped (no data)
[2026-04-09 10:45:01] ✅ API Connectivity: API credentials configured
[2026-04-09 10:45:01] --------------------------------------------------
[2026-04-09 10:45:01] ✅ CIRCUIT BREAKER: NORMAL
[2026-04-09 10:45:01]    Daily P&L: 0.00%
[2026-04-09 10:45:01]    Consecutive Losses: 0
[2026-04-09 10:50:01] ==================================================
[2026-04-09 10:50:01] 🔍 Running Circuit Breaker Check
[2026-04-09 10:50:01] ✅ Daily Drawdown: Daily drawdown 0.00% within limits
[2026-04-09 10:50:01] ✅ Consecutive Losses: Consecutive losses (0) within limits
[2026-04-09 10:50:01] ✅ Balance: Balance check skipped (no data)
[2026-04-09 10:50:01] ✅ API Connectivity: API credentials configured
[2026-04-09 10:50:01] --------------------------------------------------
[2026-04-09 10:50:01] ✅ CIRCUIT BREAKER: NORMAL
[2026-04-09 10:50:01]    Daily P&L: 0.00%
[2026-04-09 10:50:01]    Consecutive Losses: 0
[2026-04-09 10:55:02] ==================================================
[2026-04-09 10:55:02] 🔍 Running Circuit Breaker Check
[2026-04-09 10:55:02] ✅ Daily Drawdown: Daily drawdown 0.00% within limits
[2026-04-09 10:55:02] ✅ Consecutive Losses: Consecutive losses (0) within limits
[2026-04-09 10:55:02] ✅ Balance: Balance check skipped (no data)
[2026-04-09 10:55:02] ✅ API Connectivity: API credentials configured
[2026-04-09 10:55:02] --------------------------------------------------
[2026-04-09 10:55:02] ✅ CIRCUIT BREAKER: NORMAL
[2026-04-09 10:55:02]    Daily P&L: 0.00%
[2026-04-09 10:55:02]    Consecutive Losses: 0
[2026-04-09 11:00:01] ==================================================
[2026-04-09 11:00:01] 🔍 Running Circuit Breaker Check
[2026-04-09 11:00:01] ✅ Daily Drawdown: Daily drawdown 0.00% within limits
[2026-04-09 11:00:01] ✅ Consecutive Losses: Consecutive losses (0) within limits
[2026-04-09 11:00:01] ✅ Balance: Balance check skipped (no data)
[2026-04-09 11:00:01] ✅ API Connectivity: API credentials configured
[2026-04-09 11:00:01] --------------------------------------------------
[2026-04-09 11:00:01] ✅ CIRCUIT BREAKER: NORMAL
[2026-04-09 11:00:01]    Daily P&L: 0.00%
[2026-04-09 11:00:01]    Consecutive Losses: 0
[2026-04-09 11:05:01] ==================================================
[2026-04-09 11:05:01] 🔍 Running Circuit Breaker Check
[2026-04-09 11:05:01] ✅ Daily Drawdown: Daily drawdown 0.00% within limits
[2026-04-09 11:05:01] ✅ Consecutive Losses: Consecutive losses (0) within limits
[2026-04-09 11:05:01] ✅ Balance: Balance check skipped (no data)
[2026-04-09 11:05:01] ✅ API Connectivity: API credentials configured
[2026-04-09 11:05:01] --------------------------------------------------
[2026-04-09 11:05:01] ✅ CIRCUIT BREAKER: NORMAL
[2026-04-09 11:05:01]    Daily P&L: 0.00%
[2026-04-09 11:05:01]    Consecutive Losses: 0
[2026-04-09 11:10:02] ==================================================
[2026-04-09 11:10:02] 🔍 Running Circuit Breaker Check
[2026-04-09 11:10:02] ✅ Daily Drawdown: Daily drawdown 0.00% within limits
[2026-04-09 11:10:02] ✅ Consecutive Losses: Consecutive losses (0) within limits
[2026-04-09 11:10:02] ✅ Balance: Balance check skipped (no data)
[2026-04-09 11:10:02] ✅ API Connectivity: API credentials configured
[2026-04-09 11:10:02] --------------------------------------------------
[2026-04-09 11:10:02] ✅ CIRCUIT BREAKER: NORMAL
[2026-04-09 11:10:02]    Daily P&L: 0.00%
[2026-04-09 11:10:02]    Consecutive Losses: 0
[2026-04-09 11:15:02] ==================================================
[2026-04-09 11:15:02] 🔍 Running Circuit Breaker Check
[2026-04-09 11:15:02] ✅ Daily Drawdown: Daily drawdown 0.00% within limits
[2026-04-09 11:15:02] ✅ Consecutive Losses: Consecutive losses (0) within limits
[2026-04-09 11:15:02] ✅ Balance: Balance check skipped (no data)
[2026-04-09 11:15:02] ✅ API Connectivity: API credentials configured
[2026-04-09 11:15:02] --------------------------------------------------
[2026-04-09 11:15:02] ✅ CIRCUIT BREAKER: NORMAL
[2026-04-09 11:15:02]    Daily P&L: 0.00%
[2026-04-09 11:15:02]    Consecutive Losses: 0
[2026-04-09 11:20:02] ==================================================
[2026-04-09 11:20:02] 🔍 Running Circuit Breaker Check
[2026-04-09 11:20:02] ✅ Daily Drawdown: Daily drawdown 0.00% within limits
[2026-04-09 11:20:02] ✅ Consecutive Losses: Consecutive losses (0) within limits
[2026-04-09 11:20:02] ✅ Balance: Balance check skipped (no data)
[2026-04-09 11:20:02] ✅ API Connectivity: API credentials configured
[2026-04-09 11:20:02] --------------------------------------------------
[2026-04-09 11:20:02] ✅ CIRCUIT BREAKER: NORMAL
[2026-04-09 11:20:02]    Daily P&L: 0.00%
[2026-04-09 11:20:02]    Consecutive Losses: 0
[2026-04-09 11:25:01] ==================================================
[2026-04-09 11:25:01] 🔍 Running Circuit Breaker Check
[2026-04-09 11:25:01] ✅ Daily Drawdown: Daily drawdown 0.00% within limits
[2026-04-09 11:25:01] ✅ Consecutive Losses: Consecutive losses (0) within limits
[2026-04-09 11:25:01] ✅ Balance: Balance check skipped (no data)
[2026-04-09 11:25:01] ✅ API Connectivity: API credentials configured
[2026-04-09 11:25:01] --------------------------------------------------
[2026-04-09 11:25:01] ✅ CIRCUIT BREAKER: NORMAL
[2026-04-09 11:25:01]    Daily P&L: 0.00%
[2026-04-09 11:25:01]    Consecutive Losses: 0
[2026-04-09 11:30:01] ==================================================
[2026-04-09 11:30:01] 🔍 Running Circuit Breaker Check
[2026-04-09 11:30:01] ✅ Daily Drawdown: Daily drawdown 0.00% within limits
[2026-04-09 11:30:01] ✅ Consecutive Losses: Consecutive losses (0) within limits
[2026-04-09 11:30:01] ✅ Balance: Balance check skipped (no data)
[2026-04-09 11:30:01] ✅ API Connectivity: API credentials configured
[2026-04-09 11:30:01] --------------------------------------------------
[2026-04-09 11:30:01] ✅ CIRCUIT BREAKER: NORMAL
[2026-04-09 11:30:01]    Daily P&L: 0.00%
[2026-04-09 11:30:01]    Consecutive Losses: 0
[2026-04-09 11:35:02] ==================================================
[2026-04-09 11:35:02] 🔍 Running Circuit Breaker Check
[2026-04-09 11:35:02] ✅ Daily Drawdown: Daily drawdown 0.00% within limits
[2026-04-09 11:35:02] ✅ Consecutive Losses: Consecutive losses (0) within limits
[2026-04-09 11:35:02] ✅ Balance: Balance check skipped (no data)
[2026-04-09 11:35:02] ✅ API Connectivity: API credentials configured
[2026-04-09 11:35:02] --------------------------------------------------
[2026-04-09 11:35:02] ✅ CIRCUIT BREAKER: NORMAL
[2026-04-09 11:35:02]    Daily P&L: 0.00%
[2026-04-09 11:35:02]    Consecutive Losses: 0
[2026-04-09 11:40:02] ==================================================
[2026-04-09 11:40:02] 🔍 Running Circuit Breaker Check
[2026-04-09 11:40:02] ✅ Daily Drawdown: Daily drawdown 0.00% within limits
[2026-04-09 11:40:02] ✅ Consecutive Losses: Consecutive losses (0) within limits
[2026-04-09 11:40:02] ✅ Balance: Balance check skipped (no data)
[2026-04-09 11:40:02] ✅ API Connectivity: API credentials configured
[2026-04-09 11:40:02] --------------------------------------------------
[2026-04-09 11:40:02] ✅ CIRCUIT BREAKER: NORMAL
[2026-04-09 11:40:02]    Daily P&L: 0.00%
[2026-04-09 11:40:02]    Consecutive Losses: 0
[2026-04-09 11:45:02] ==================================================
[2026-04-09 11:45:02] 🔍 Running Circuit Breaker Check
[2026-04-09 11:45:02] ✅ Daily Drawdown: Daily drawdown 0.00% within limits
[2026-04-09 11:45:02] ✅ Consecutive Losses: Consecutive losses (0) within limits
[2026-04-09 11:45:02] ✅ Balance: Balance check skipped (no data)
[2026-04-09 11:45:02] ✅ API Connectivity: API credentials configured
[2026-04-09 11:45:02] --------------------------------------------------
[2026-04-09 11:45:02] ✅ CIRCUIT BREAKER: NORMAL
[2026-04-09 11:45:02]    Daily P&L: 0.00%
[2026-04-09 11:45:02]    Consecutive Losses: 0
[2026-04-09 11:50:01] ==================================================
[2026-04-09 11:50:01] 🔍 Running Circuit Breaker Check
[2026-04-09 11:50:01] ✅ Daily Drawdown: Daily drawdown 0.00% within limits
[2026-04-09 11:50:01] ✅ Consecutive Losses: Consecutive losses (0) within limits
[2026-04-09 11:50:01] ✅ Balance: Balance check skipped (no data)
[2026-04-09 11:50:01] ✅ API Connectivity: API credentials configured
[2026-04-09 11:50:01] --------------------------------------------------
[2026-04-09 11:50:01] ✅ CIRCUIT BREAKER: NORMAL
[2026-04-09 11:50:01]    Daily P&L: 0.00%
[2026-04-09 11:50:01]    Consecutive Losses: 0
[2026-04-09 11:55:02] ==================================================
[2026-04-09 11:55:02] 🔍 Running Circuit Breaker Check
[2026-04-09 11:55:02] ✅ Daily Drawdown: Daily drawdown 0.00% within limits
[2026-04-09 11:55:02] ✅ Consecutive Losses: Consecutive losses (0) within limits
[2026-04-09 11:55:02] ✅ Balance: Balance check skipped (no data)
[2026-04-09 11:55:02] ✅ API Connectivity: API credentials configured
[2026-04-09 11:55:02] --------------------------------------------------
[2026-04-09 11:55:02] ✅ CIRCUIT BREAKER: NORMAL
[2026-04-09 11:55:02]    Daily P&L: 0.00%
[2026-04-09 11:55:02]    Consecutive Losses: 0
[2026-04-09 12:00:02] ==================================================
[2026-04-09 12:00:02] 🔍 Running Circuit Breaker Check
[2026-04-09 12:00:02] ✅ Daily Drawdown: Daily drawdown 0.00% within limits
[2026-04-09 12:00:02] ✅ Consecutive Losses: Consecutive losses (0) within limits
[2026-04-09 12:00:02] ✅ Balance: Balance check skipped (no data)
[2026-04-09 12:00:02] ✅ API Connectivity: API credentials configured
[2026-04-09 12:00:02] --------------------------------------------------
[2026-04-09 12:00:02] ✅ CIRCUIT BREAKER: NORMAL
[2026-04-09 12:00:02]    Daily P&L: 0.00%
[2026-04-09 12:00:02]    Consecutive Losses: 0
[2026-04-09 12:05:02] ==================================================
[2026-04-09 12:05:02] 🔍 Running Circuit Breaker Check
[2026-04-09 12:05:02] ✅ Daily Drawdown: Daily drawdown 0.00% within limits
[2026-04-09 12:05:02] ✅ Consecutive Losses: Consecutive losses (0) within limits
[2026-04-09 12:05:02] ✅ Balance: Balance check skipped (no data)
[2026-04-09 12:05:02] ✅ API Connectivity: API credentials configured
[2026-04-09 12:05:02] --------------------------------------------------
[2026-04-09 12:05:02] ✅ CIRCUIT BREAKER: NORMAL
[2026-04-09 12:05:02]    Daily P&L: 0.00%
[2026-04-09 12:05:02]    Consecutive Losses: 0
[2026-04-09 12:10:02] ==================================================
[2026-04-09 12:10:02] 🔍 Running Circuit Breaker Check
[2026-04-09 12:10:02] ✅ Daily Drawdown: Daily drawdown 0.00% within limits
[2026-04-09 12:10:02] ✅ Consecutive Losses: Consecutive losses (0) within limits
[2026-04-09 12:10:02] ✅ Balance: Balance check skipped (no data)
[2026-04-09 12:10:02] ✅ API Connectivity: API credentials configured
[2026-04-09 12:10:02] --------------------------------------------------
[2026-04-09 12:10:02] ✅ CIRCUIT BREAKER: NORMAL
[2026-04-09 12:10:02]    Daily P&L: 0.00%
[2026-04-09 12:10:02]    Consecutive Losses: 0
[2026-04-09 12:15:01] ==================================================
[2026-04-09 12:15:01] 🔍 Running Circuit Breaker Check
[2026-04-09 12:15:01] ✅ Daily Drawdown: Daily drawdown 0.00% within limits
[2026-04-09 12:15:01] ✅ Consecutive Losses: Consecutive losses (0) within limits
[2026-04-09 12:15:01] ✅ Balance: Balance check skipped (no data)
[2026-04-09 12:15:01] ✅ API Connectivity: API credentials configured
[2026-04-09 12:15:01] --------------------------------------------------
[2026-04-09 12:15:01] ✅ CIRCUIT BREAKER: NORMAL
[2026-04-09 12:15:01]    Daily P&L: 0.00%
[2026-04-09 12:15:01]    Consecutive Losses: 0
[2026-04-09 12:20:01] ==================================================
[2026-04-09 12:20:01] 🔍 Running Circuit Breaker Check
[2026-04-09 12:20:01] ✅ Daily Drawdown: Daily drawdown 0.00% within limits
[2026-04-09 12:20:01] ✅ Consecutive Losses: Consecutive losses (0) within limits
[2026-04-09 12:20:01] ✅ Balance: Balance check skipped (no data)
[2026-04-09 12:20:01] ✅ API Connectivity: API credentials configured
[2026-04-09 12:20:01] --------------------------------------------------
[2026-04-09 12:20:01] ✅ CIRCUIT BREAKER: NORMAL
[2026-04-09 12:20:01]    Daily P&L: 0.00%
[2026-04-09 12:20:01]    Consecutive Losses: 0
[2026-04-09 12:25:02] ==================================================
[2026-04-09 12:25:02] 🔍 Running Circuit Breaker Check
[2026-04-09 12:25:02] ✅ Daily Drawdown: Daily drawdown 0.00% within limits
[2026-04-09 12:25:02] ✅ Consecutive Losses: Consecutive losses (0) within limits
[2026-04-09 12:25:02] ✅ Balance: Balance check skipped (no data)
[2026-04-09 12:25:02] ✅ API Connectivity: API credentials configured
[2026-04-09 12:25:02] --------------------------------------------------
[2026-04-09 12:25:02] ✅ CIRCUIT BREAKER: NORMAL
[2026-04-09 12:25:02]    Daily P&L: 0.00%
[2026-04-09 12:25:02]    Consecutive Losses: 0
[2026-04-09 12:30:02] ==================================================
[2026-04-09 12:30:02] 🔍 Running Circuit Breaker Check
[2026-04-09 12:30:02] ✅ Daily Drawdown: Daily drawdown 0.00% within limits
[2026-04-09 12:30:02] ✅ Consecutive Losses: Consecutive losses (0) within limits
[2026-04-09 12:30:02] ✅ Balance: Balance check skipped (no data)
[2026-04-09 12:30:02] ✅ API Connectivity: API credentials configured
[2026-04-09 12:30:02] --------------------------------------------------
[2026-04-09 12:30:02] ✅ CIRCUIT BREAKER: NORMAL
[2026-04-09 12:30:02]    Daily P&L: 0.00%
[2026-04-09 12:30:02]    Consecutive Losses: 0
[2026-04-09 12:35:01] ==================================================
[2026-04-09 12:35:01] 🔍 Running Circuit Breaker Check
[2026-04-09 12:35:01] ✅ Daily Drawdown: Daily drawdown 0.00% within limits
[2026-04-09 12:35:01] ✅ Consecutive Losses: Consecutive losses (0) within limits
[2026-04-09 12:35:01] ✅ Balance: Balance check skipped (no data)
[2026-04-09 12:35:01] ✅ API Connectivity: API credentials configured
[2026-04-09 12:35:01] --------------------------------------------------
[2026-04-09 12:35:01] ✅ CIRCUIT BREAKER: NORMAL
[2026-04-09 12:35:01]    Daily P&L: 0.00%
[2026-04-09 12:35:01]    Consecutive Losses: 0
[2026-04-09 12:40:02] ==================================================
[2026-04-09 12:40:02] 🔍 Running Circuit Breaker Check
[2026-04-09 12:40:02] ✅ Daily Drawdown: Daily drawdown 0.00% within limits
[2026-04-09 12:40:02] ✅ Consecutive Losses: Consecutive losses (0) within limits
[2026-04-09 12:40:02] ✅ Balance: Balance check skipped (no data)
[2026-04-09 12:40:02] ✅ API Connectivity: API credentials configured
[2026-04-09 12:40:02] --------------------------------------------------
[2026-04-09 12:40:02] ✅ CIRCUIT BREAKER: NORMAL
[2026-04-09 12:40:02]    Daily P&L: 0.00%
[2026-04-09 12:40:02]    Consecutive Losses: 0
[2026-04-09 12:45:01] ==================================================
[2026-04-09 12:45:01] 🔍 Running Circuit Breaker Check
[2026-04-09 12:45:01] ✅ Daily Drawdown: Daily drawdown 0.00% within limits
[2026-04-09 12:45:01] ✅ Consecutive Losses: Consecutive losses (0) within limits
[2026-04-09 12:45:01] ✅ Balance: Balance check skipped (no data)
[2026-04-09 12:45:01] ✅ API Connectivity: API credentials configured
[2026-04-09 12:45:01] --------------------------------------------------
[2026-04-09 12:45:01] ✅ CIRCUIT BREAKER: NORMAL
[2026-04-09 12:45:01]    Daily P&L: 0.00%
[2026-04-09 12:45:01]    Consecutive Losses: 0
[2026-04-09 12:50:01] ==================================================
[2026-04-09 12:50:01] 🔍 Running Circuit Breaker Check
[2026-04-09 12:50:01] ✅ Daily Drawdown: Daily drawdown 0.00% within limits
[2026-04-09 12:50:01] ✅ Consecutive Losses: Consecutive losses (0) within limits
[2026-04-09 12:50:01] ✅ Balance: Balance check skipped (no data)
[2026-04-09 12:50:01] ✅ API Connectivity: API credentials configured
[2026-04-09 12:50:01] --------------------------------------------------
[2026-04-09 12:50:01] ✅ CIRCUIT BREAKER: NORMAL
[2026-04-09 12:50:01]    Daily P&L: 0.00%
[2026-04-09 12:50:01]    Consecutive Losses: 0
[2026-04-09 12:55:01] ==================================================
[2026-04-09 12:55:01] 🔍 Running Circuit Breaker Check
[2026-04-09 12:55:01] ✅ Daily Drawdown: Daily drawdown 0.00% within limits
[2026-04-09 12:55:01] ✅ Consecutive Losses: Consecutive losses (0) within limits
[2026-04-09 12:55:01] ✅ Balance: Balance check skipped (no data)
[2026-04-09 12:55:01] ✅ API Connectivity: API credentials configured
[2026-04-09 12:55:01] --------------------------------------------------
[2026-04-09 12:55:01] ✅ CIRCUIT BREAKER: NORMAL
[2026-04-09 12:55:01]    Daily P&L: 0.00%
[2026-04-09 12:55:01]    Consecutive Losses: 0
[2026-04-09 13:00:01] ==================================================
[2026-04-09 13:00:01] 🔍 Running Circuit Breaker Check
[2026-04-09 13:00:01] ✅ Daily Drawdown: Daily drawdown 0.00% within limits
[2026-04-09 13:00:01] ✅ Consecutive Losses: Consecutive losses (0) within limits
[2026-04-09 13:00:01] ✅ Balance: Balance check skipped (no data)
[2026-04-09 13:00:01] ✅ API Connectivity: API credentials configured
[2026-04-09 13:00:01] --------------------------------------------------
[2026-04-09 13:00:01] ✅ CIRCUIT BREAKER: NORMAL
[2026-04-09 13:00:01]    Daily P&L: 0.00%
[2026-04-09 13:00:01]    Consecutive Losses: 0
[2026-04-09 13:05:01] ==================================================
[2026-04-09 13:05:01] 🔍 Running Circuit Breaker Check
[2026-04-09 13:05:01] ✅ Daily Drawdown: Daily drawdown 0.00% within limits
[2026-04-09 13:05:01] ✅ Consecutive Losses: Consecutive losses (0) within limits
[2026-04-09 13:05:01] ✅ Balance: Balance check skipped (no data)
[2026-04-09 13:05:01] ✅ API Connectivity: API credentials configured
[2026-04-09 13:05:01] --------------------------------------------------
[2026-04-09 13:05:01] ✅ CIRCUIT BREAKER: NORMAL
[2026-04-09 13:05:01]    Daily P&L: 0.00%
[2026-04-09 13:05:01]    Consecutive Losses: 0
[2026-04-09 13:10:01] ==================================================
[2026-04-09 13:10:01] 🔍 Running Circuit Breaker Check
[2026-04-09 13:10:01] ✅ Daily Drawdown: Daily drawdown 0.00% within limits
[2026-04-09 13:10:01] ✅ Consecutive Losses: Consecutive losses (0) within limits
[2026-04-09 13:10:01] ✅ Balance: Balance check skipped (no data)
[2026-04-09 13:10:01] ✅ API Connectivity: API credentials configured
[2026-04-09 13:10:01] --------------------------------------------------
[2026-04-09 13:10:01] ✅ CIRCUIT BREAKER: NORMAL
[2026-04-09 13:10:01]    Daily P&L: 0.00%
[2026-04-09 13:10:01]    Consecutive Losses: 0
[2026-04-09 13:15:01] ==================================================
[2026-04-09 13:15:01] 🔍 Running Circuit Breaker Check
[2026-04-09 13:15:01] ✅ Daily Drawdown: Daily drawdown 0.00% within limits
[2026-04-09 13:15:01] ✅ Consecutive Losses: Consecutive losses (0) within limits
[2026-04-09 13:15:01] ✅ Balance: Balance check skipped (no data)
[2026-04-09 13:15:01] ✅ API Connectivity: API credentials configured
[2026-04-09 13:15:01] --------------------------------------------------
[2026-04-09 13:15:01] ✅ CIRCUIT BREAKER: NORMAL
[2026-04-09 13:15:01]    Daily P&L: 0.00%
[2026-04-09 13:15:01]    Consecutive Losses: 0
[2026-04-09 13:20:01] ==================================================
[2026-04-09 13:20:01] 🔍 Running Circuit Breaker Check
[2026-04-09 13:20:01] ✅ Daily Drawdown: Daily drawdown 0.00% within limits
[2026-04-09 13:20:01] ✅ Consecutive Losses: Consecutive losses (0) within limits
[2026-04-09 13:20:01] ✅ Balance: Balance check skipped (no data)
[2026-04-09 13:20:01] ✅ API Connectivity: API credentials configured
[2026-04-09 13:20:01] --------------------------------------------------
[2026-04-09 13:20:01] ✅ CIRCUIT BREAKER: NORMAL
[2026-04-09 13:20:01]    Daily P&L: 0.00%
[2026-04-09 13:20:01]    Consecutive Losses: 0
[2026-04-09 13:25:01] ==================================================
[2026-04-09 13:25:01] 🔍 Running Circuit Breaker Check
[2026-04-09 13:25:01] ✅ Daily Drawdown: Daily drawdown 0.00% within limits
[2026-04-09 13:25:01] ✅ Consecutive Losses: Consecutive losses (0) within limits
[2026-04-09 13:25:01] ✅ Balance: Balance check skipped (no data)
[2026-04-09 13:25:01] ✅ API Connectivity: API credentials configured
[2026-04-09 13:25:01] --------------------------------------------------
[2026-04-09 13:25:01] ✅ CIRCUIT BREAKER: NORMAL
[2026-04-09 13:25:01]    Daily P&L: 0.00%
[2026-04-09 13:25:01]    Consecutive Losses: 0
[2026-04-09 13:30:02] ==================================================
[2026-04-09 13:30:02] 🔍 Running Circuit Breaker Check
[2026-04-09 13:30:02] ✅ Daily Drawdown: Daily drawdown 0.00% within limits
[2026-04-09 13:30:02] ✅ Consecutive Losses: Consecutive losses (0) within limits
[2026-04-09 13:30:02] ✅ Balance: Balance check skipped (no data)
[2026-04-09 13:30:02] ✅ API Connectivity: API credentials configured
[2026-04-09 13:30:02] --------------------------------------------------
[2026-04-09 13:30:02] ✅ CIRCUIT BREAKER: NORMAL
[2026-04-09 13:30:02]    Daily P&L: 0.00%
[2026-04-09 13:30:02]    Consecutive Losses: 0
[2026-04-09 13:35:01] ==================================================
[2026-04-09 13:35:01] 🔍 Running Circuit Breaker Check
[2026-04-09 13:35:01] ✅ Daily Drawdown: Daily drawdown 0.00% within limits
[2026-04-09 13:35:01] ✅ Consecutive Losses: Consecutive losses (0) within limits
[2026-04-09 13:35:01] ✅ Balance: Balance check skipped (no data)
[2026-04-09 13:35:01] ✅ API Connectivity: API credentials configured
[2026-04-09 13:35:01] --------------------------------------------------
[2026-04-09 13:35:01] ✅ CIRCUIT BREAKER: NORMAL
[2026-04-09 13:35:01]    Daily P&L: 0.00%
[2026-04-09 13:35:01]    Consecutive Losses: 0
[2026-04-09 13:40:01] ==================================================
[2026-04-09 13:40:01] 🔍 Running Circuit Breaker Check
[2026-04-09 13:40:01] ✅ Daily Drawdown: Daily drawdown 0.00% within limits
[2026-04-09 13:40:01] ✅ Consecutive Losses: Consecutive losses (0) within limits
[2026-04-09 13:40:01] ✅ Balance: Balance check skipped (no data)
[2026-04-09 13:40:01] ✅ API Connectivity: API credentials configured
[2026-04-09 13:40:01] --------------------------------------------------
[2026-04-09 13:40:01] ✅ CIRCUIT BREAKER: NORMAL
[2026-04-09 13:40:01]    Daily P&L: 0.00%
[2026-04-09 13:40:01]    Consecutive Losses: 0
[2026-04-09 13:45:01] ==================================================
[2026-04-09 13:45:01] 🔍 Running Circuit Breaker Check
[2026-04-09 13:45:01] ✅ Daily Drawdown: Daily drawdown 0.00% within limits
[2026-04-09 13:45:01] ✅ Consecutive Losses: Consecutive losses (0) within limits
[2026-04-09 13:45:01] ✅ Balance: Balance check skipped (no data)
[2026-04-09 13:45:01] ✅ API Connectivity: API credentials configured
[2026-04-09 13:45:01] --------------------------------------------------
[2026-04-09 13:45:01] ✅ CIRCUIT BREAKER: NORMAL
[2026-04-09 13:45:01]    Daily P&L: 0.00%
[2026-04-09 13:45:01]    Consecutive Losses: 0
[2026-04-09 13:50:02] ==================================================
[2026-04-09 13:50:02] 🔍 Running Circuit Breaker Check
[2026-04-09 13:50:02] ✅ Daily Drawdown: Daily drawdown 0.00% within limits
[2026-04-09 13:50:02] ✅ Consecutive Losses: Consecutive losses (0) within limits
[2026-04-09 13:50:02] ✅ Balance: Balance check skipped (no data)
[2026-04-09 13:50:02] ✅ API Connectivity: API credentials configured
[2026-04-09 13:50:02] --------------------------------------------------
[2026-04-09 13:50:02] ✅ CIRCUIT BREAKER: NORMAL
[2026-04-09 13:50:02]    Daily P&L: 0.00%
[2026-04-09 13:50:02]    Consecutive Losses: 0
[2026-04-09 13:55:02] ==================================================
[2026-04-09 13:55:02] 🔍 Running Circuit Breaker Check
[2026-04-09 13:55:02] ✅ Daily Drawdown: Daily drawdown 0.00% within limits
[2026-04-09 13:55:02] ✅ Consecutive Losses: Consecutive losses (0) within limits
[2026-04-09 13:55:02] ✅ Balance: Balance check skipped (no data)
[2026-04-09 13:55:02] ✅ API Connectivity: API credentials configured
[2026-04-09 13:55:02] --------------------------------------------------
[2026-04-09 13:55:02] ✅ CIRCUIT BREAKER: NORMAL
[2026-04-09 13:55:02]    Daily P&L: 0.00%
[2026-04-09 13:55:02]    Consecutive Losses: 0
[2026-04-09 14:00:01] ==================================================
[2026-04-09 14:00:01] 🔍 Running Circuit Breaker Check
[2026-04-09 14:00:01] ✅ Daily Drawdown: Daily drawdown 0.00% within limits
[2026-04-09 14:00:01] ✅ Consecutive Losses: Consecutive losses (0) within limits
[2026-04-09 14:00:01] ✅ Balance: Balance check skipped (no data)
[2026-04-09 14:00:01] ✅ API Connectivity: API credentials configured
[2026-04-09 14:00:01] --------------------------------------------------
[2026-04-09 14:00:01] ✅ CIRCUIT BREAKER: NORMAL
[2026-04-09 14:00:01]    Daily P&L: 0.00%
[2026-04-09 14:00:01]    Consecutive Losses: 0
[2026-04-09 14:05:01] ==================================================
[2026-04-09 14:05:01] 🔍 Running Circuit Breaker Check
[2026-04-09 14:05:01] ✅ Daily Drawdown: Daily drawdown 0.00% within limits
[2026-04-09 14:05:01] ✅ Consecutive Losses: Consecutive losses (0) within limits
[2026-04-09 14:05:01] ✅ Balance: Balance check skipped (no data)
[2026-04-09 14:05:01] ✅ API Connectivity: API credentials configured
[2026-04-09 14:05:01] --------------------------------------------------
[2026-04-09 14:05:01] ✅ CIRCUIT BREAKER: NORMAL
[2026-04-09 14:05:01]    Daily P&L: 0.00%
[2026-04-09 14:05:01]    Consecutive Losses: 0
[2026-04-09 14:10:01] ==================================================
[2026-04-09 14:10:01] 🔍 Running Circuit Breaker Check
[2026-04-09 14:10:01] ✅ Daily Drawdown: Daily drawdown 0.00% within limits
[2026-04-09 14:10:01] ✅ Consecutive Losses: Consecutive losses (0) within limits
[2026-04-09 14:10:01] ✅ Balance: Balance check skipped (no data)
[2026-04-09 14:10:01] ✅ API Connectivity: API credentials configured
[2026-04-09 14:10:01] --------------------------------------------------
[2026-04-09 14:10:01] ✅ CIRCUIT BREAKER: NORMAL
[2026-04-09 14:10:01]    Daily P&L: 0.00%
[2026-04-09 14:10:01]    Consecutive Losses: 0
[2026-04-09 14:15:01] ==================================================
[2026-04-09 14:15:01] 🔍 Running Circuit Breaker Check
[2026-04-09 14:15:01] ✅ Daily Drawdown: Daily drawdown 0.00% within limits
[2026-04-09 14:15:01] ✅ Consecutive Losses: Consecutive losses (0) within limits
[2026-04-09 14:15:01] ✅ Balance: Balance check skipped (no data)
[2026-04-09 14:15:01] ✅ API Connectivity: API credentials configured
[2026-04-09 14:15:01] --------------------------------------------------
[2026-04-09 14:15:01] ✅ CIRCUIT BREAKER: NORMAL
[2026-04-09 14:15:01]    Daily P&L: 0.00%
[2026-04-09 14:15:01]    Consecutive Losses: 0
[2026-04-09 14:20:01] ==================================================
[2026-04-09 14:20:01] 🔍 Running Circuit Breaker Check
[2026-04-09 14:20:01] ✅ Daily Drawdown: Daily drawdown 0.00% within limits
[2026-04-09 14:20:01] ✅ Consecutive Losses: Consecutive losses (0) within limits
[2026-04-09 14:20:01] ✅ Balance: Balance check skipped (no data)
[2026-04-09 14:20:01] ✅ API Connectivity: API credentials configured
[2026-04-09 14:20:01] --------------------------------------------------
[2026-04-09 14:20:01] ✅ CIRCUIT BREAKER: NORMAL
[2026-04-09 14:20:01]    Daily P&L: 0.00%
[2026-04-09 14:20:01]    Consecutive Losses: 0
[2026-04-09 14:25:02] ==================================================
[2026-04-09 14:25:02] 🔍 Running Circuit Breaker Check
[2026-04-09 14:25:02] ✅ Daily Drawdown: Daily drawdown 0.00% within limits
[2026-04-09 14:25:02] ✅ Consecutive Losses: Consecutive losses (0) within limits
[2026-04-09 14:25:02] ✅ Balance: Balance check skipped (no data)
[2026-04-09 14:25:02] ✅ API Connectivity: API credentials configured
[2026-04-09 14:25:02] --------------------------------------------------
[2026-04-09 14:25:02] ✅ CIRCUIT BREAKER: NORMAL
[2026-04-09 14:25:02]    Daily P&L: 0.00%
[2026-04-09 14:25:02]    Consecutive Losses: 0
[2026-04-09 14:30:02] ==================================================
[2026-04-09 14:30:02] 🔍 Running Circuit Breaker Check
[2026-04-09 14:30:02] ✅ Daily Drawdown: Daily drawdown 0.00% within limits
[2026-04-09 14:30:02] ✅ Consecutive Losses: Consecutive losses (0) within limits
[2026-04-09 14:30:02] ✅ Balance: Balance check skipped (no data)
[2026-04-09 14:30:02] ✅ API Connectivity: API credentials configured
[2026-04-09 14:30:02] --------------------------------------------------
[2026-04-09 14:30:02] ✅ CIRCUIT BREAKER: NORMAL
[2026-04-09 14:30:02]    Daily P&L: 0.00%
[2026-04-09 14:30:02]    Consecutive Losses: 0
[2026-04-09 14:35:01] ==================================================
[2026-04-09 14:35:01] 🔍 Running Circuit Breaker Check
[2026-04-09 14:35:01] ✅ Daily Drawdown: Daily drawdown 0.00% within limits
[2026-04-09 14:35:01] ✅ Consecutive Losses: Consecutive losses (0) within limits
[2026-04-09 14:35:01] ✅ Balance: Balance check skipped (no data)
[2026-04-09 14:35:01] ✅ API Connectivity: API credentials configured
[2026-04-09 14:35:01] --------------------------------------------------
[2026-04-09 14:35:01] ✅ CIRCUIT BREAKER: NORMAL
[2026-04-09 14:35:01]    Daily P&L: 0.00%
[2026-04-09 14:35:01]    Consecutive Losses: 0
[2026-04-09 14:40:01] ==================================================
[2026-04-09 14:40:01] 🔍 Running Circuit Breaker Check
[2026-04-09 14:40:01] ✅ Daily Drawdown: Daily drawdown 0.00% within limits
[2026-04-09 14:40:01] ✅ Consecutive Losses: Consecutive losses (0) within limits
[2026-04-09 14:40:01] ✅ Balance: Balance check skipped (no data)
[2026-04-09 14:40:01] ✅ API Connectivity: API credentials configured
[2026-04-09 14:40:01] --------------------------------------------------
[2026-04-09 14:40:01] ✅ CIRCUIT BREAKER: NORMAL
[2026-04-09 14:40:01]    Daily P&L: 0.00%
[2026-04-09 14:40:01]    Consecutive Losses: 0
[2026-04-09 14:45:01] ==================================================
[2026-04-09 14:45:01] 🔍 Running Circuit Breaker Check
[2026-04-09 14:45:01] ✅ Daily Drawdown: Daily drawdown 0.00% within limits
[2026-04-09 14:45:01] ✅ Consecutive Losses: Consecutive losses (0) within limits
[2026-04-09 14:45:01] ✅ Balance: Balance check skipped (no data)
[2026-04-09 14:45:01] ✅ API Connectivity: API credentials configured
[2026-04-09 14:45:01] --------------------------------------------------
[2026-04-09 14:45:01] ✅ CIRCUIT BREAKER: NORMAL
[2026-04-09 14:45:01]    Daily P&L: 0.00%
[2026-04-09 14:45:01]    Consecutive Losses: 0
[2026-04-09 14:50:01] ==================================================
[2026-04-09 14:50:01] 🔍 Running Circuit Breaker Check
[2026-04-09 14:50:01] ✅ Daily Drawdown: Daily drawdown 0.00% within limits
[2026-04-09 14:50:01] ✅ Consecutive Losses: Consecutive losses (0) within limits
[2026-04-09 14:50:01] ✅ Balance: Balance check skipped (no data)
[2026-04-09 14:50:01] ✅ API Connectivity: API credentials configured
[2026-04-09 14:50:01] --------------------------------------------------
[2026-04-09 14:50:01] ✅ CIRCUIT BREAKER: NORMAL
[2026-04-09 14:50:01]    Daily P&L: 0.00%
[2026-04-09 14:50:01]    Consecutive Losses: 0
[2026-04-09 14:55:01] ==================================================
[2026-04-09 14:55:01] 🔍 Running Circuit Breaker Check
[2026-04-09 14:55:01] ✅ Daily Drawdown: Daily drawdown 0.00% within limits
[2026-04-09 14:55:01] ✅ Consecutive Losses: Consecutive losses (0) within limits
[2026-04-09 14:55:01] ✅ Balance: Balance check skipped (no data)
[2026-04-09 14:55:01] ✅ API Connectivity: API credentials configured
[2026-04-09 14:55:01] --------------------------------------------------
[2026-04-09 14:55:01] ✅ CIRCUIT BREAKER: NORMAL
[2026-04-09 14:55:01]    Daily P&L: 0.00%
[2026-04-09 14:55:01]    Consecutive Losses: 0
[2026-04-09 15:00:01] ==================================================
[2026-04-09 15:00:01] 🔍 Running Circuit Breaker Check
[2026-04-09 15:00:01] ✅ Daily Drawdown: Daily drawdown 0.00% within limits
[2026-04-09 15:00:01] ✅ Consecutive Losses: Consecutive losses (0) within limits
[2026-04-09 15:00:01] ✅ Balance: Balance check skipped (no data)
[2026-04-09 15:00:01] ✅ API Connectivity: API credentials configured
[2026-04-09 15:00:01] --------------------------------------------------
[2026-04-09 15:00:01] ✅ CIRCUIT BREAKER: NORMAL
[2026-04-09 15:00:01]    Daily P&L: 0.00%
[2026-04-09 15:00:01]    Consecutive Losses: 0
[2026-04-09 15:05:02] ==================================================
[2026-04-09 15:05:02] 🔍 Running Circuit Breaker Check
[2026-04-09 15:05:02] ✅ Daily Drawdown: Daily drawdown 0.00% within limits
[2026-04-09 15:05:02] ✅ Consecutive Losses: Consecutive losses (0) within limits
[2026-04-09 15:05:02] ✅ Balance: Balance check skipped (no data)
[2026-04-09 15:05:02] ✅ API Connectivity: API credentials configured
[2026-04-09 15:05:02] --------------------------------------------------
[2026-04-09 15:05:02] ✅ CIRCUIT BREAKER: NORMAL
[2026-04-09 15:05:02]    Daily P&L: 0.00%
[2026-04-09 15:05:02]    Consecutive Losses: 0
[2026-04-09 15:10:01] ==================================================
[2026-04-09 15:10:01] 🔍 Running Circuit Breaker Check
[2026-04-09 15:10:01] ✅ Daily Drawdown: Daily drawdown 0.00% within limits
[2026-04-09 15:10:01] ✅ Consecutive Losses: Consecutive losses (0) within limits
[2026-04-09 15:10:01] ✅ Balance: Balance check skipped (no data)
[2026-04-09 15:10:01] ✅ API Connectivity: API credentials configured
[2026-04-09 15:10:01] --------------------------------------------------
[2026-04-09 15:10:01] ✅ CIRCUIT BREAKER: NORMAL
[2026-04-09 15:10:01]    Daily P&L: 0.00%
[2026-04-09 15:10:01]    Consecutive Losses: 0
[2026-04-09 15:15:01] ==================================================
[2026-04-09 15:15:01] 🔍 Running Circuit Breaker Check
[2026-04-09 15:15:01] ✅ Daily Drawdown: Daily drawdown 0.00% within limits
[2026-04-09 15:15:01] ✅ Consecutive Losses: Consecutive losses (0) within limits
[2026-04-09 15:15:01] ✅ Balance: Balance check skipped (no data)
[2026-04-09 15:15:01] ✅ API Connectivity: API credentials configured
[2026-04-09 15:15:01] --------------------------------------------------
[2026-04-09 15:15:01] ✅ CIRCUIT BREAKER: NORMAL
[2026-04-09 15:15:01]    Daily P&L: 0.00%
[2026-04-09 15:15:01]    Consecutive Losses: 0
[2026-04-09 15:20:02] ==================================================
[2026-04-09 15:20:02] 🔍 Running Circuit Breaker Check
[2026-04-09 15:20:02] ✅ Daily Drawdown: Daily drawdown 0.00% within limits
[2026-04-09 15:20:02] ✅ Consecutive Losses: Consecutive losses (0) within limits
[2026-04-09 15:20:02] ✅ Balance: Balance check skipped (no data)
[2026-04-09 15:20:02] ✅ API Connectivity: API credentials configured
[2026-04-09 15:20:02] --------------------------------------------------
[2026-04-09 15:20:02] ✅ CIRCUIT BREAKER: NORMAL
[2026-04-09 15:20:02]    Daily P&L: 0.00%
[2026-04-09 15:20:02]    Consecutive Losses: 0
[2026-04-09 15:25:01] ==================================================
[2026-04-09 15:25:01] 🔍 Running Circuit Breaker Check
[2026-04-09 15:25:01] ✅ Daily Drawdown: Daily drawdown 0.00% within limits
[2026-04-09 15:25:01] ✅ Consecutive Losses: Consecutive losses (0) within limits
[2026-04-09 15:25:01] ✅ Balance: Balance check skipped (no data)
[2026-04-09 15:25:01] ✅ API Connectivity: API credentials configured
[2026-04-09 15:25:01] --------------------------------------------------
[2026-04-09 15:25:01] ✅ CIRCUIT BREAKER: NORMAL
[2026-04-09 15:25:01]    Daily P&L: 0.00%
[2026-04-09 15:25:01]    Consecutive Losses: 0
[2026-04-09 15:30:02] ==================================================
[2026-04-09 15:30:02] 🔍 Running Circuit Breaker Check
[2026-04-09 15:30:02] ✅ Daily Drawdown: Daily drawdown 0.00% within limits
[2026-04-09 15:30:02] ✅ Consecutive Losses: Consecutive losses (0) within limits
[2026-04-09 15:30:02] ✅ Balance: Balance check skipped (no data)
[2026-04-09 15:30:02] ✅ API Connectivity: API credentials configured
[2026-04-09 15:30:02] --------------------------------------------------
[2026-04-09 15:30:02] ✅ CIRCUIT BREAKER: NORMAL
[2026-04-09 15:30:02]    Daily P&L: 0.00%
[2026-04-09 15:30:02]    Consecutive Losses: 0
[2026-04-09 15:35:02] ==================================================
[2026-04-09 15:35:02] 🔍 Running Circuit Breaker Check
[2026-04-09 15:35:02] ✅ Daily Drawdown: Daily drawdown 0.00% within limits
[2026-04-09 15:35:02] ✅ Consecutive Losses: Consecutive losses (0) within limits
[2026-04-09 15:35:02] ✅ Balance: Balance check skipped (no data)
[2026-04-09 15:35:02] ✅ API Connectivity: API credentials configured
[2026-04-09 15:35:02] --------------------------------------------------
[2026-04-09 15:35:02] ✅ CIRCUIT BREAKER: NORMAL
[2026-04-09 15:35:02]    Daily P&L: 0.00%
[2026-04-09 15:35:02]    Consecutive Losses: 0
[2026-04-09 15:40:01] ==================================================
[2026-04-09 15:40:01] 🔍 Running Circuit Breaker Check
[2026-04-09 15:40:01] ✅ Daily Drawdown: Daily drawdown 0.00% within limits
[2026-04-09 15:40:01] ✅ Consecutive Losses: Consecutive losses (0) within limits
[2026-04-09 15:40:01] ✅ Balance: Balance check skipped (no data)
[2026-04-09 15:40:01] ✅ API Connectivity: API credentials configured
[2026-04-09 15:40:01] --------------------------------------------------
[2026-04-09 15:40:01] ✅ CIRCUIT BREAKER: NORMAL
[2026-04-09 15:40:01]    Daily P&L: 0.00%
[2026-04-09 15:40:01]    Consecutive Losses: 0
[2026-04-09 15:45:01] ==================================================
[2026-04-09 15:45:01] 🔍 Running Circuit Breaker Check
[2026-04-09 15:45:01] ✅ Daily Drawdown: Daily drawdown 0.00% within limits
[2026-04-09 15:45:01] ✅ Consecutive Losses: Consecutive losses (0) within limits
[2026-04-09 15:45:01] ✅ Balance: Balance check skipped (no data)
[2026-04-09 15:45:01] ✅ API Connectivity: API credentials configured
[2026-04-09 15:45:01] --------------------------------------------------
[2026-04-09 15:45:01] ✅ CIRCUIT BREAKER: NORMAL
[2026-04-09 15:45:01]    Daily P&L: 0.00%
[2026-04-09 15:45:01]    Consecutive Losses: 0
[2026-04-09 15:50:02] ==================================================
[2026-04-09 15:50:02] 🔍 Running Circuit Breaker Check
[2026-04-09 15:50:02] ✅ Daily Drawdown: Daily drawdown 0.00% within limits
[2026-04-09 15:50:02] ✅ Consecutive Losses: Consecutive losses (0) within limits
[2026-04-09 15:50:02] ✅ Balance: Balance check skipped (no data)
[2026-04-09 15:50:02] ✅ API Connectivity: API credentials configured
[2026-04-09 15:50:02] --------------------------------------------------
[2026-04-09 15:50:02] ✅ CIRCUIT BREAKER: NORMAL
[2026-04-09 15:50:02]    Daily P&L: 0.00%
[2026-04-09 15:50:02]    Consecutive Losses: 0
[2026-04-09 15:55:02] ==================================================
[2026-04-09 15:55:02] 🔍 Running Circuit Breaker Check
[2026-04-09 15:55:02] ✅ Daily Drawdown: Daily drawdown 0.00% within limits
[2026-04-09 15:55:02] ✅ Consecutive Losses: Consecutive losses (0) within limits
[2026-04-09 15:55:02] ✅ Balance: Balance check skipped (no data)
[2026-04-09 15:55:02] ✅ API Connectivity: API credentials configured
[2026-04-09 15:55:02] --------------------------------------------------
[2026-04-09 15:55:02] ✅ CIRCUIT BREAKER: NORMAL
[2026-04-09 15:55:02]    Daily P&L: 0.00%
[2026-04-09 15:55:02]    Consecutive Losses: 0
[2026-04-09 16:00:02] ==================================================
[2026-04-09 16:00:02] 🔍 Running Circuit Breaker Check
[2026-04-09 16:00:02] ✅ Daily Drawdown: Daily drawdown 0.00% within limits
[2026-04-09 16:00:02] ✅ Consecutive Losses: Consecutive losses (0) within limits
[2026-04-09 16:00:02] ✅ Balance: Balance check skipped (no data)
[2026-04-09 16:00:02] ✅ API Connectivity: API credentials configured
[2026-04-09 16:00:02] --------------------------------------------------
[2026-04-09 16:00:02] ✅ CIRCUIT BREAKER: NORMAL
[2026-04-09 16:00:02]    Daily P&L: 0.00%
[2026-04-09 16:00:02]    Consecutive Losses: 0
[2026-04-09 16:05:01] ==================================================
[2026-04-09 16:05:01] 🔍 Running Circuit Breaker Check
[2026-04-09 16:05:01] ✅ Daily Drawdown: Daily drawdown 0.00% within limits
[2026-04-09 16:05:01] ✅ Consecutive Losses: Consecutive losses (0) within limits
[2026-04-09 16:05:01] ✅ Balance: Balance check skipped (no data)
[2026-04-09 16:05:01] ✅ API Connectivity: API credentials configured
[2026-04-09 16:05:01] --------------------------------------------------
[2026-04-09 16:05:01] ✅ CIRCUIT BREAKER: NORMAL
[2026-04-09 16:05:01]    Daily P&L: 0.00%
[2026-04-09 16:05:01]    Consecutive Losses: 0
[2026-04-09 16:10:01] ==================================================
[2026-04-09 16:10:01] 🔍 Running Circuit Breaker Check
[2026-04-09 16:10:01] ✅ Daily Drawdown: Daily drawdown 0.00% within limits
[2026-04-09 16:10:01] ✅ Consecutive Losses: Consecutive losses (0) within limits
[2026-04-09 16:10:01] ✅ Balance: Balance check skipped (no data)
[2026-04-09 16:10:01] ✅ API Connectivity: API credentials configured
[2026-04-09 16:10:01] --------------------------------------------------
[2026-04-09 16:10:01] ✅ CIRCUIT BREAKER: NORMAL
[2026-04-09 16:10:01]    Daily P&L: 0.00%
[2026-04-09 16:10:01]    Consecutive Losses: 0
[2026-04-09 16:15:01] ==================================================
[2026-04-09 16:15:01] 🔍 Running Circuit Breaker Check
[2026-04-09 16:15:01] ✅ Daily Drawdown: Daily drawdown 0.00% within limits
[2026-04-09 16:15:01] ✅ Consecutive Losses: Consecutive losses (0) within limits
[2026-04-09 16:15:01] ✅ Balance: Balance check skipped (no data)
[2026-04-09 16:15:01] ✅ API Connectivity: API credentials configured
[2026-04-09 16:15:01] --------------------------------------------------
[2026-04-09 16:15:01] ✅ CIRCUIT BREAKER: NORMAL
[2026-04-09 16:15:01]    Daily P&L: 0.00%
[2026-04-09 16:15:01]    Consecutive Losses: 0
[2026-04-09 16:20:01] ==================================================
[2026-04-09 16:20:01] 🔍 Running Circuit Breaker Check
[2026-04-09 16:20:01] ✅ Daily Drawdown: Daily drawdown 0.00% within limits
[2026-04-09 16:20:01] ✅ Consecutive Losses: Consecutive losses (0) within limits
[2026-04-09 16:20:01] ✅ Balance: Balance check skipped (no data)
[2026-04-09 16:20:01] ✅ API Connectivity: API credentials configured
[2026-04-09 16:20:01] --------------------------------------------------
[2026-04-09 16:20:01] ✅ CIRCUIT BREAKER: NORMAL
[2026-04-09 16:20:01]    Daily P&L: 0.00%
[2026-04-09 16:20:01]    Consecutive Losses: 0
[2026-04-09 16:25:01] ==================================================
[2026-04-09 16:25:01] 🔍 Running Circuit Breaker Check
[2026-04-09 16:25:01] ✅ Daily Drawdown: Daily drawdown 0.00% within limits
[2026-04-09 16:25:01] ✅ Consecutive Losses: Consecutive losses (0) within limits
[2026-04-09 16:25:01] ✅ Balance: Balance check skipped (no data)
[2026-04-09 16:25:01] ✅ API Connectivity: API credentials configured
[2026-04-09 16:25:01] --------------------------------------------------
[2026-04-09 16:25:01] ✅ CIRCUIT BREAKER: NORMAL
[2026-04-09 16:25:01]    Daily P&L: 0.00%
[2026-04-09 16:25:01]    Consecutive Losses: 0
[2026-04-09 16:30:01] ==================================================
[2026-04-09 16:30:01] 🔍 Running Circuit Breaker Check
[2026-04-09 16:30:01] ✅ Daily Drawdown: Daily drawdown 0.00% within limits
[2026-04-09 16:30:01] ✅ Consecutive Losses: Consecutive losses (0) within limits
[2026-04-09 16:30:01] ✅ Balance: Balance check skipped (no data)
[2026-04-09 16:30:01] ✅ API Connectivity: API credentials configured
[2026-04-09 16:30:01] --------------------------------------------------
[2026-04-09 16:30:01] ✅ CIRCUIT BREAKER: NORMAL
[2026-04-09 16:30:01]    Daily P&L: 0.00%
[2026-04-09 16:30:01]    Consecutive Losses: 0
[2026-04-09 16:35:02] ==================================================
[2026-04-09 16:35:02] 🔍 Running Circuit Breaker Check
[2026-04-09 16:35:02] ✅ Daily Drawdown: Daily drawdown 0.00% within limits
[2026-04-09 16:35:02] ✅ Consecutive Losses: Consecutive losses (0) within limits
[2026-04-09 16:35:02] ✅ Balance: Balance check skipped (no data)
[2026-04-09 16:35:02] ✅ API Connectivity: API credentials configured
[2026-04-09 16:35:02] --------------------------------------------------
[2026-04-09 16:35:02] ✅ CIRCUIT BREAKER: NORMAL
[2026-04-09 16:35:02]    Daily P&L: 0.00%
[2026-04-09 16:35:02]    Consecutive Losses: 0
[2026-04-09 16:40:01] ==================================================
[2026-04-09 16:40:01] 🔍 Running Circuit Breaker Check
[2026-04-09 16:40:01] ✅ Daily Drawdown: Daily drawdown 0.00% within limits
[2026-04-09 16:40:01] ✅ Consecutive Losses: Consecutive losses (0) within limits
[2026-04-09 16:40:01] ✅ Balance: Balance check skipped (no data)
[2026-04-09 16:40:01] ✅ API Connectivity: API credentials configured
[2026-04-09 16:40:01] --------------------------------------------------
[2026-04-09 16:40:01] ✅ CIRCUIT BREAKER: NORMAL
[2026-04-09 16:40:01]    Daily P&L: 0.00%
[2026-04-09 16:40:01]    Consecutive Losses: 0
[2026-04-09 16:45:02] ==================================================
[2026-04-09 16:45:02] 🔍 Running Circuit Breaker Check
[2026-04-09 16:45:02] ✅ Daily Drawdown: Daily drawdown 0.00% within limits
[2026-04-09 16:45:02] ✅ Consecutive Losses: Consecutive losses (0) within limits
[2026-04-09 16:45:02] ✅ Balance: Balance check skipped (no data)
[2026-04-09 16:45:02] ✅ API Connectivity: API credentials configured
[2026-04-09 16:45:02] --------------------------------------------------
[2026-04-09 16:45:02] ✅ CIRCUIT BREAKER: NORMAL
[2026-04-09 16:45:02]    Daily P&L: 0.00%
[2026-04-09 16:45:02]    Consecutive Losses: 0
[2026-04-09 16:50:01] ==================================================
[2026-04-09 16:50:01] 🔍 Running Circuit Breaker Check
[2026-04-09 16:50:01] ✅ Daily Drawdown: Daily drawdown 0.00% within limits
[2026-04-09 16:50:01] ✅ Consecutive Losses: Consecutive losses (0) within limits
[2026-04-09 16:50:01] ✅ Balance: Balance check skipped (no data)
[2026-04-09 16:50:01] ✅ API Connectivity: API credentials configured
[2026-04-09 16:50:01] --------------------------------------------------
[2026-04-09 16:50:01] ✅ CIRCUIT BREAKER: NORMAL
[2026-04-09 16:50:01]    Daily P&L: 0.00%
[2026-04-09 16:50:01]    Consecutive Losses: 0
[2026-04-09 16:55:01] ==================================================
[2026-04-09 16:55:01] 🔍 Running Circuit Breaker Check
[2026-04-09 16:55:01] ✅ Daily Drawdown: Daily drawdown 0.00% within limits
[2026-04-09 16:55:01] ✅ Consecutive Losses: Consecutive losses (0) within limits
[2026-04-09 16:55:01] ✅ Balance: Balance check skipped (no data)
[2026-04-09 16:55:01] ✅ API Connectivity: API credentials configured
[2026-04-09 16:55:01] --------------------------------------------------
[2026-04-09 16:55:01] ✅ CIRCUIT BREAKER: NORMAL
[2026-04-09 16:55:01]    Daily P&L: 0.00%
[2026-04-09 16:55:01]    Consecutive Losses: 0
[2026-04-09 17:00:01] ==================================================
[2026-04-09 17:00:01] 🔍 Running Circuit Breaker Check
[2026-04-09 17:00:01] ✅ Daily Drawdown: Daily drawdown 0.00% within limits
[2026-04-09 17:00:01] ✅ Consecutive Losses: Consecutive losses (0) within limits
[2026-04-09 17:00:01] ✅ Balance: Balance check skipped (no data)
[2026-04-09 17:00:01] ✅ API Connectivity: API credentials configured
[2026-04-09 17:00:01] --------------------------------------------------
[2026-04-09 17:00:01] ✅ CIRCUIT BREAKER: NORMAL
[2026-04-09 17:00:01]    Daily P&L: 0.00%
[2026-04-09 17:00:01]    Consecutive Losses: 0
[2026-04-09 17:05:01] ==================================================
[2026-04-09 17:05:01] 🔍 Running Circuit Breaker Check
[2026-04-09 17:05:01] ✅ Daily Drawdown: Daily drawdown 0.00% within limits
[2026-04-09 17:05:01] ✅ Consecutive Losses: Consecutive losses (0) within limits
[2026-04-09 17:05:01] ✅ Balance: Balance check skipped (no data)
[2026-04-09 17:05:01] ✅ API Connectivity: API credentials configured
[2026-04-09 17:05:01] --------------------------------------------------
[2026-04-09 17:05:01] ✅ CIRCUIT BREAKER: NORMAL
[2026-04-09 17:05:01]    Daily P&L: 0.00%
[2026-04-09 17:05:01]    Consecutive Losses: 0
[2026-04-09 17:10:02] ==================================================
[2026-04-09 17:10:02] 🔍 Running Circuit Breaker Check
[2026-04-09 17:10:02] ✅ Daily Drawdown: Daily drawdown 0.00% within limits
[2026-04-09 17:10:02] ✅ Consecutive Losses: Consecutive losses (0) within limits
[2026-04-09 17:10:02] ✅ Balance: Balance check skipped (no data)
[2026-04-09 17:10:02] ✅ API Connectivity: API credentials configured
[2026-04-09 17:10:02] --------------------------------------------------
[2026-04-09 17:10:02] ✅ CIRCUIT BREAKER: NORMAL
[2026-04-09 17:10:02]    Daily P&L: 0.00%
[2026-04-09 17:10:02]    Consecutive Losses: 0
[2026-04-09 17:15:02] ==================================================
[2026-04-09 17:15:02] 🔍 Running Circuit Breaker Check
[2026-04-09 17:15:02] ✅ Daily Drawdown: Daily drawdown 0.00% within limits
[2026-04-09 17:15:02] ✅ Consecutive Losses: Consecutive losses (0) within limits
[2026-04-09 17:15:02] ✅ Balance: Balance check skipped (no data)
[2026-04-09 17:15:02] ✅ API Connectivity: API credentials configured
[2026-04-09 17:15:02] --------------------------------------------------
[2026-04-09 17:15:02] ✅ CIRCUIT BREAKER: NORMAL
[2026-04-09 17:15:02]    Daily P&L: 0.00%
[2026-04-09 17:15:02]    Consecutive Losses: 0
[2026-04-09 17:20:01] ==================================================
[2026-04-09 17:20:01] 🔍 Running Circuit Breaker Check
[2026-04-09 17:20:01] ✅ Daily Drawdown: Daily drawdown 0.00% within limits
[2026-04-09 17:20:01] ✅ Consecutive Losses: Consecutive losses (0) within limits
[2026-04-09 17:20:01] ✅ Balance: Balance check skipped (no data)
[2026-04-09 17:20:01] ✅ API Connectivity: API credentials configured
[2026-04-09 17:20:01] --------------------------------------------------
[2026-04-09 17:20:01] ✅ CIRCUIT BREAKER: NORMAL
[2026-04-09 17:20:01]    Daily P&L: 0.00%
[2026-04-09 17:20:01]    Consecutive Losses: 0
[2026-04-09 17:25:01] ==================================================
[2026-04-09 17:25:01] 🔍 Running Circuit Breaker Check
[2026-04-09 17:25:01] ✅ Daily Drawdown: Daily drawdown 0.00% within limits
[2026-04-09 17:25:01] ✅ Consecutive Losses: Consecutive losses (0) within limits
[2026-04-09 17:25:01] ✅ Balance: Balance check skipped (no data)
[2026-04-09 17:25:01] ✅ API Connectivity: API credentials configured
[2026-04-09 17:25:01] --------------------------------------------------
[2026-04-09 17:25:01] ✅ CIRCUIT BREAKER: NORMAL
[2026-04-09 17:25:01]    Daily P&L: 0.00%
[2026-04-09 17:25:01]    Consecutive Losses: 0
[2026-04-09 17:30:02] ==================================================
[2026-04-09 17:30:02] 🔍 Running Circuit Breaker Check
[2026-04-09 17:30:02] ✅ Daily Drawdown: Daily drawdown 0.00% within limits
[2026-04-09 17:30:02] ✅ Consecutive Losses: Consecutive losses (0) within limits
[2026-04-09 17:30:02] ✅ Balance: Balance check skipped (no data)
[2026-04-09 17:30:02] ✅ API Connectivity: API credentials configured
[2026-04-09 17:30:02] --------------------------------------------------
[2026-04-09 17:30:02] ✅ CIRCUIT BREAKER: NORMAL
[2026-04-09 17:30:02]    Daily P&L: 0.00%
[2026-04-09 17:30:02]    Consecutive Losses: 0
[2026-04-09 17:35:01] ==================================================
[2026-04-09 17:35:01] 🔍 Running Circuit Breaker Check
[2026-04-09 17:35:01] ✅ Daily Drawdown: Daily drawdown 0.00% within limits
[2026-04-09 17:35:01] ✅ Consecutive Losses: Consecutive losses (0) within limits
[2026-04-09 17:35:01] ✅ Balance: Balance check skipped (no data)
[2026-04-09 17:35:01] ✅ API Connectivity: API credentials configured
[2026-04-09 17:35:01] --------------------------------------------------
[2026-04-09 17:35:01] ✅ CIRCUIT BREAKER: NORMAL
[2026-04-09 17:35:01]    Daily P&L: 0.00%
[2026-04-09 17:35:01]    Consecutive Losses: 0
[2026-04-09 17:40:01] ==================================================
[2026-04-09 17:40:01] 🔍 Running Circuit Breaker Check
[2026-04-09 17:40:01] ✅ Daily Drawdown: Daily drawdown 0.00% within limits
[2026-04-09 17:40:01] ✅ Consecutive Losses: Consecutive losses (0) within limits
[2026-04-09 17:40:01] ✅ Balance: Balance check skipped (no data)
[2026-04-09 17:40:01] ✅ API Connectivity: API credentials configured
[2026-04-09 17:40:01] --------------------------------------------------
[2026-04-09 17:40:01] ✅ CIRCUIT BREAKER: NORMAL
[2026-04-09 17:40:01]    Daily P&L: 0.00%
[2026-04-09 17:40:01]    Consecutive Losses: 0
[2026-04-09 17:45:01] ==================================================
[2026-04-09 17:45:01] 🔍 Running Circuit Breaker Check
[2026-04-09 17:45:01] ✅ Daily Drawdown: Daily drawdown 0.00% within limits
[2026-04-09 17:45:01] ✅ Consecutive Losses: Consecutive losses (0) within limits
[2026-04-09 17:45:01] ✅ Balance: Balance check skipped (no data)
[2026-04-09 17:45:01] ✅ API Connectivity: API credentials configured
[2026-04-09 17:45:01] --------------------------------------------------
[2026-04-09 17:45:01] ✅ CIRCUIT BREAKER: NORMAL
[2026-04-09 17:45:01]    Daily P&L: 0.00%
[2026-04-09 17:45:01]    Consecutive Losses: 0
[2026-04-09 17:50:01] ==================================================
[2026-04-09 17:50:01] 🔍 Running Circuit Breaker Check
[2026-04-09 17:50:01] ✅ Daily Drawdown: Daily drawdown 0.00% within limits
[2026-04-09 17:50:01] ✅ Consecutive Losses: Consecutive losses (0) within limits
[2026-04-09 17:50:01] ✅ Balance: Balance check skipped (no data)
[2026-04-09 17:50:01] ✅ API Connectivity: API credentials configured
[2026-04-09 17:50:01] --------------------------------------------------
[2026-04-09 17:50:01] ✅ CIRCUIT BREAKER: NORMAL
[2026-04-09 17:50:01]    Daily P&L: 0.00%
[2026-04-09 17:50:01]    Consecutive Losses: 0
[2026-04-09 17:53:35] ==================================================
[2026-04-09 17:53:35] 🔍 Running Circuit Breaker Check
[2026-04-09 17:53:35] ✅ Daily Drawdown: Daily drawdown 0.00% within limits
[2026-04-09 17:53:35] ✅ Consecutive Losses: Consecutive losses (0) within limits
[2026-04-09 17:53:35] ✅ Balance: Balance check skipped (no data)
[2026-04-09 17:53:35] ✅ API Connectivity: API credentials configured
[2026-04-09 17:53:35] --------------------------------------------------
[2026-04-09 17:53:35] ✅ CIRCUIT BREAKER: NORMAL
[2026-04-09 17:53:35]    Daily P&L: 0.00%
[2026-04-09 17:53:35]    Consecutive Losses: 0
[2026-04-09 17:55:01] ==================================================
[2026-04-09 17:55:01] 🔍 Running Circuit Breaker Check
[2026-04-09 17:55:01] ✅ Daily Drawdown: Daily drawdown 0.00% within limits
[2026-04-09 17:55:01] ✅ Consecutive Losses: Consecutive losses (0) within limits
[2026-04-09 17:55:01] ✅ Balance: Balance check skipped (no data)
[2026-04-09 17:55:01] ✅ API Connectivity: API credentials configured
[2026-04-09 17:55:01] --------------------------------------------------
[2026-04-09 17:55:01] ✅ CIRCUIT BREAKER: NORMAL
[2026-04-09 17:55:01]    Daily P&L: 0.00%
[2026-04-09 17:55:01]    Consecutive Losses: 0
[2026-04-09 17:59:52] ==================================================
[2026-04-09 17:59:52] 🔍 Running Circuit Breaker Check
[2026-04-09 17:59:52] ✅ Daily Drawdown: Daily drawdown 0.00% within limits
[2026-04-09 17:59:52] ✅ Consecutive Losses: Consecutive losses (0) within limits
[2026-04-09 17:59:52] ✅ Balance: Balance check skipped (no data)
[2026-04-09 17:59:52] ✅ API Connectivity: API credentials configured
[2026-04-09 17:59:52] --------------------------------------------------
[2026-04-09 17:59:52] ✅ CIRCUIT BREAKER: NORMAL
[2026-04-09 17:59:52]    Daily P&L: 0.00%
[2026-04-09 17:59:52]    Consecutive Losses: 0
[2026-04-09 18:00:02] ==================================================
[2026-04-09 18:00:02] 🔍 Running Circuit Breaker Check
[2026-04-09 18:00:02] ✅ Daily Drawdown: Daily drawdown 0.00% within limits
[2026-04-09 18:00:02] ✅ Consecutive Losses: Consecutive losses (0) within limits
[2026-04-09 18:00:02] ✅ Balance: Balance check skipped (no data)
[2026-04-09 18:00:02] ✅ API Connectivity: API credentials configured
[2026-04-09 18:00:02] --------------------------------------------------
[2026-04-09 18:00:02] ✅ CIRCUIT BREAKER: NORMAL
[2026-04-09 18:00:02]    Daily P&L: 0.00%
[2026-04-09 18:00:02]    Consecutive Losses: 0
[2026-04-09 18:05:02] ==================================================
[2026-04-09 18:05:02] 🔍 Running Circuit Breaker Check
[2026-04-09 18:05:02] ✅ Daily Drawdown: Daily drawdown 0.00% within limits
[2026-04-09 18:05:02] ✅ Consecutive Losses: Consecutive losses (0) within limits
[2026-04-09 18:05:02] ✅ Balance: Balance check skipped (no data)
[2026-04-09 18:05:02] ✅ API Connectivity: API credentials configured
[2026-04-09 18:05:02] --------------------------------------------------
[2026-04-09 18:05:02] ✅ CIRCUIT BREAKER: NORMAL
[2026-04-09 18:05:02]    Daily P&L: 0.00%
[2026-04-09 18:05:02]    Consecutive Losses: 0
